{
   "swagger":"2.0",
   "info":{
      "description":"This application integrates with workday system to fetch financial data",
      "version":"1.0.0",
      "title":"Payment System API"
   },
    "consumes": [
      "application/json"
   ],
   "produces": [
      "application/json"
   ],
   "host":"anypoint.mulesoft.com",
   "basePath":"/v1",
   "schemes":[
      "http",
      "https"
   ],
   "parameters": {
     "authorization": {
        "description": "JWT Authorization header using the Bearer scheme. Example: Bearer {token} ",
        "type": "string",
        "in": "header",
        "name": "authorization",
        "required": true
      },
      "paymentType": {
        "description": "This parameter will be used to determine whether the call is for supplier or Miscellaneous payment type",
        "type": "string",
        "in": "query",
        "name": "paymentType",
        "required": true,
        "enum": ["miscPayment", "supplierPayment"]
      },
       "invoiceSourceCode": {
        "description": "invoice source",
        "type": "string",
        "in": "path",
        "name": "invoiceSourceCode",
        "required": true,
        "enum": ["CLM_NEP","CLM_RTL", "CLM_MED", "CLM_MAN", "CLM_VND", "CLM_REC", "CLM_GLB", "CLM_NLB"]
      },     
      "invoiceNbr": {
        "description": "invoice number",
        "type": "string",
        "in": "query",
        "name": "invoiceNbr",
        "required": false,
        "maxLength": 50
      },
       "sourceInvoiceRefNbr": {
        "description": "invoice reference number",
        "type": "string",
        "in": "query",
        "name": "sourceInvoiceRefNbr",
        "required": false,         
		  	"maxLength": 36
      },
       "paymentNbr": {
        "description": "check number",
        "type": "number",
        "in": "query",
        "name": "paymentNbr",
        "required": false
      }
   },
   "paths":{
      "/ping":{
         "get":{
            "description":"verifies the ping response for the mule applications",
            "parameters": [
                {
                  "$ref": "#/parameters/authorization"
                }
      ], 
            "responses":{
               "200":{
                  "description":"",
                  "schema":{
                     "$ref":"#/definitions/pingResponse"
                  }
               },
               "400":{
                  "description":"Bad request",
                  "schema":{
                     "$ref":"#/definitions/badRequestError"
                  }
               },
               "401":{
                  "description":"User is not authorized to access this service",
                  "schema":{
                     "$ref":"#/definitions/unauthorisedError"
                  }
               },
               "404":{
                  "description":"Requested resource not found",
                  "schema":{
                     "$ref":"#/definitions/notFoundError"
                  }
               },
               "405":{
                  "description":"Method used is not allowed for this request.",
                  "schema":{
                     "$ref":"#/definitions/methodNotAllowedError"
                  }
               },
               "406":{
                  "description":"The request is not acceptable",
                  "schema":{
                     "$ref":"#/definitions/notAcceptableError"
                  }
               },
               "408":{
                  "description":"The request is timed out",
                  "schema":{
                     "$ref":"#/definitions/timeOutError"
                  }
               },
               "415":{
                  "description":"The request media type is not supported",
                  "schema":{
                     "$ref":"#/definitions/unsupportedMediaTypeError"
                  }
               },
               "500":{
                  "description":"Connectivity error",
                  "schema":{
                     "$ref":"#/definitions/internalServerError"
                  }
               },
               "501":{
                  "description":"The request made is not implemented",
                  "schema":{
                     "$ref":"#/definitions/notImplementedError"
                  }
               },
               "502":{
                  "description":"Bad Gateway error",
                  "schema":{
                     "$ref":"#/definitions/badGatewayError"
                  }
               },
               "504":{
                  "description":"Gateway Timeout error",
                  "schema":{
                     "$ref":"#/definitions/gatewayTimeoutError"
                  }
               }
            }
         }
      },
      "/healthcheck":{
         "get":{
            "description":"verifies the health check of the mule application",
            "parameters": [
                {
                  "$ref": "#/parameters/authorization"
                }
      ],
            "responses":{
               "200":{
                  "description":"Health Check Response",
                  "schema":{
                     "$ref":"#/definitions/healthCheckResponse"
                  }
               },
               "400":{
                  "description":"Bad request",
                  "schema":{
                     "$ref":"#/definitions/badRequestError"
                  }
               },
               "401":{
                  "description":"User is not authorized to access this service",
                  "schema":{
                     "$ref":"#/definitions/unauthorisedError"
                  }
               },
               "404":{
                  "description":"Requested resource not found",
                  "schema":{
                     "$ref":"#/definitions/notFoundError"
                  }
               },
               "405":{
                  "description":"Method used is not allowed for this request.",
                  "schema":{
                     "$ref":"#/definitions/methodNotAllowedError"
                  }
               },
               "406":{
                  "description":"The request is not acceptable",
                  "schema":{
                     "$ref":"#/definitions/notAcceptableError"
                  }
               },
               "408":{
                  "description":"The request is timed out",
                  "schema":{
                     "$ref":"#/definitions/timeOutError"
                  }
               },
               "415":{
                  "description":"The request media type is not supported",
                  "schema":{
                     "$ref":"#/definitions/unsupportedMediaTypeError"
                  }
               },
               "500":{
                  "description":"Connectivity error",
                  "schema":{
                     "$ref":"#/definitions/internalServerError"
                  }
               },
               "501":{
                  "description":"The request made is not implemdted",
                  "schema":{
                     "$ref":"#/definitions/notImplementedError"
                  }
               },
               "502":{
                  "description":"Bad Gateway error",
                  "schema":{
                     "$ref":"#/definitions/badGatewayError"
                  }
               },
               "504":{
                  "description":"Gateway Timeout error",
                  "schema":{
                     "$ref":"#/definitions/gatewayTimeoutError"
                  }
               }
            }
         }
      },
      "/payment":{
         "post":{
            "operationId":"Create Payment",
            "description":"Creates the payment in WD originating from claims or Agency",
            "parameters":[
               {
                  "in":"body",
                  "name":"paymentRecord",
                  "schema":{
                     "$ref":"#/definitions/paymentRecord"
                  }
               },
                {
                  "$ref": "#/parameters/paymentType"
                },
               {
                  "$ref": "#/parameters/authorization"
                }
            ],
            "responses":{
               "201":{
                  "description":"created",
                  "schema":{
                     "$ref":"#/definitions/commonResponse"
                  }
               },
               "400":{
                  "description":"Bad request",
                  "schema":{
                     "$ref":"#/definitions/badRequestError"
                  }
               },
               "401":{
                  "description":"User is not authorized to access this service",
                  "schema":{
                     "$ref":"#/definitions/unauthorisedError"
                  }
               },
               "404":{
                  "description":"Requested resource not found",
                  "schema":{
                     "$ref":"#/definitions/notFoundError"
                  }
               },
               "405":{
                  "description":"Method used is not allowed for this request.",
                  "schema":{
                     "$ref":"#/definitions/methodNotAllowedError"
                  }
               },
               "406":{
                  "description":"The request is not acceptable",
                  "schema":{
                     "$ref":"#/definitions/notAcceptableError"
                  }
               },
               "408":{
                  "description":"The request is timed out",
                  "schema":{
                     "$ref":"#/definitions/timeOutError"
                  }
               },
               "415":{
                  "description":"The request media type is not supported",
                  "schema":{
                     "$ref":"#/definitions/unsupportedMediaTypeError"
                  }
               },
               "500":{
                  "description":"Connectivity error",
                  "schema":{
                     "$ref":"#/definitions/internalServerError"
                  }
               },
               "501":{
                  "description":"The request made is not implemented",
                  "schema":{
                     "$ref":"#/definitions/notImplementedError"
                  }
               },
               "502":{
                  "description":"Bad Gateway error",
                  "schema":{
                     "$ref":"#/definitions/badGatewayError"
                  }
               },
               "504":{
                  "description":"Gateway Timeout error",
                  "schema":{
                     "$ref":"#/definitions/gatewayTimeoutError"
                  }
               }
            }
         },
         "delete":{
            "operationId":"Cancel Payment",
            "description":"This API is used to Cancel the payment/invoice in workday",
            "parameters":[               
               {
                  "in":"body",
                  "name":"paymentRecord",
                  "schema":{
                     "$ref":"#/definitions/cancelPaymentRequest"
                  }
               },
               {
                  "$ref": "#/parameters/authorization"
                }
            ],
            "responses":{
               "200":{
                  "description":"",
                  "schema":{
                     "$ref":"#/definitions/commonResponse"
                  }
               },
               "400":{
                  "description":"Bad request",
                  "schema":{
                     "$ref":"#/definitions/badRequestError"
                  }
               },
               "401":{
                  "description":"User is not authorized to access this service",
                  "schema":{
                     "$ref":"#/definitions/unauthorisedError"
                  }
               },
               "404":{
                  "description":"Requested resource not found",
                  "schema":{
                     "$ref":"#/definitions/notFoundError"
                  }
               },
               "405":{
                  "description":"Method used is not allowed for this request.",
                  "schema":{
                     "$ref":"#/definitions/methodNotAllowedError"
                  }
               },
               "406":{
                  "description":"The request is not acceptable",
                  "schema":{
                     "$ref":"#/definitions/notAcceptableError"
                  }
               },
               "408":{
                  "description":"The request is timed out",
                  "schema":{
                     "$ref":"#/definitions/timeOutError"
                  }
               },
               "415":{
                  "description":"The request media type is not supported",
                  "schema":{
                     "$ref":"#/definitions/unsupportedMediaTypeError"
                  }
               },
               "500":{
                  "description":"Connectivity error",
                  "schema":{
                     "$ref":"#/definitions/internalServerError"
                  }
               },
               "501":{
                  "description":"The request made is not implemented",
                  "schema":{
                     "$ref":"#/definitions/notImplementedError"
                  }
               },
               "502":{
                  "description":"Bad Gateway error",
                  "schema":{
                     "$ref":"#/definitions/badGatewayError"
                  }
               },
               "504":{
                  "description":"Gateway Timeout error",
                  "schema":{
                     "$ref":"#/definitions/gatewayTimeoutError"
                  }
               }
            }
         }
      },
      "/invoice":{
         "delete":{
            "operationId":"Cancel Invoice",
            "description":"This API is used to cancel invoice in workday",
            "parameters":[
               {
                  "$ref": "#/parameters/authorization"
               },
               {
                  "in":"body",
                  "name":"CancelInvoiceRequest",
                  "schema":{
                     "$ref":"#/definitions/cancelInvoiceRequest"
                  }
               }
            ],
            "responses":{
               "200":{
                  "description":"created",
                  "schema":{
                     "$ref":"#/definitions/commonResponse"
                  }
               },
               "400":{
                  "description":"Bad request",
                  "schema":{
                     "$ref":"#/definitions/badRequestError"
                  }
               },
               "401":{
                  "description":"User is not authorized to access this service",
                  "schema":{
                     "$ref":"#/definitions/unauthorisedError"
                  }
               },
               "404":{
                  "description":"Requested resource not found",
                  "schema":{
                     "$ref":"#/definitions/notFoundError"
                  }
               },
               "405":{
                  "description":"Method used is not allowed for this request.",
                  "schema":{
                     "$ref":"#/definitions/methodNotAllowedError"
                  }
               },
               "406":{
                  "description":"The request is not acceptable",
                  "schema":{
                     "$ref":"#/definitions/notAcceptableError"
                  }
               },
               "408":{
                  "description":"The request is timed out",
                  "schema":{
                     "$ref":"#/definitions/timeOutError"
                  }
               },
               "415":{
                  "description":"The request media type is not supported",
                  "schema":{
                     "$ref":"#/definitions/unsupportedMediaTypeError"
                  }
               },
               "500":{
                  "description":"Connectivity error",
                  "schema":{
                     "$ref":"#/definitions/internalServerError"
                  }
               },
               "501":{
                  "description":"The request made is not implemented",
                  "schema":{
                     "$ref":"#/definitions/notImplementedError"
                  }
               },
               "502":{
                  "description":"Bad Gateway error",
                  "schema":{
                     "$ref":"#/definitions/badGatewayError"
                  }
               },
               "504":{
                  "description":"Gateway Timeout error",
                  "schema":{
                     "$ref":"#/definitions/gatewayTimeoutError"
                  }
               }
            }
         }
      },
      "/invoice/{invoiceSourceCode}":{
         "parameters":[
              {
               "$ref": "#/parameters/invoiceSourceCode"
              }
            ],
         "get":{
            "operationId":"get Invoice",
            "description":"This API is used to get matching invoices from workday",
            "parameters":[
               {
                  "$ref": "#/parameters/authorization"
               },
                {
                  "$ref": "#/parameters/invoiceNbr"
               },
                {
                  "$ref": "#/parameters/sourceInvoiceRefNbr"
               },
                {
                  "$ref": "#/parameters/paymentNbr"
               }
            ],
            "responses":{
               "200":{
                  "description":"created",
                  "schema":{
                     "$ref":"#/definitions/commonResponse"
                  }
               },
               "400":{
                  "description":"Bad request",
                  "schema":{
                     "$ref":"#/definitions/badRequestError"
                  }
               },
               "401":{
                  "description":"User is not authorized to access this service",
                  "schema":{
                     "$ref":"#/definitions/unauthorisedError"
                  }
               },
               "404":{
                  "description":"Requested resource not found",
                  "schema":{
                     "$ref":"#/definitions/notFoundError"
                  }
               },
               "405":{
                  "description":"Method used is not allowed for this request.",
                  "schema":{
                     "$ref":"#/definitions/methodNotAllowedError"
                  }
               },
               "406":{
                  "description":"The request is not acceptable",
                  "schema":{
                     "$ref":"#/definitions/notAcceptableError"
                  }
               },
               "408":{
                  "description":"The request is timed out",
                  "schema":{
                     "$ref":"#/definitions/timeOutError"
                  }
               },
               "415":{
                  "description":"The request media type is not supported",
                  "schema":{
                     "$ref":"#/definitions/unsupportedMediaTypeError"
                  }
               },
               "500":{
                  "description":"Connectivity error",
                  "schema":{
                     "$ref":"#/definitions/internalServerError"
                  }
               },
               "501":{
                  "description":"The request made is not implemented",
                  "schema":{
                     "$ref":"#/definitions/notImplementedError"
                  }
               },
               "502":{
                  "description":"Bad Gateway error",
                  "schema":{
                     "$ref":"#/definitions/badGatewayError"
                  }
               },
               "504":{
                  "description":"Gateway Timeout error",
                  "schema":{
                     "$ref":"#/definitions/gatewayTimeoutError"
                  }
               }
            }
         }
      },
      "/payment/{paymentId}":{
         "get":{
            "operationId":"Get Payment",
            "description":"This API is used to get the data for payment from workday by paymentId",
            "parameters":[
               {
                  "name":"paymentId",
                  "description":"Get payment Id",
                  "required":true,
                  "in":"path",
                  "type":"integer"
               },
               {
                  "$ref": "#/parameters/authorization"
                }
            ],
            "responses":{
               "200":{
                  "description":"",
                  "schema":{
                     "$ref":"#/definitions/commonResponse"
                  }
               },
               "400":{
                  "description":"Bad request",
                  "schema":{
                     "$ref":"#/definitions/badRequestError"
                  }
               },
               "401":{
                  "description":"User is not authorized to access this service",
                  "schema":{
                     "$ref":"#/definitions/unauthorisedError"
                  }
               },
               "404":{
                  "description":"Requested resource not found",
                  "schema":{
                     "$ref":"#/definitions/notFoundError"
                  }
               },
               "405":{
                  "description":"Method used is not allowed for this request.",
                  "schema":{
                     "$ref":"#/definitions/methodNotAllowedError"
                  }
               },
               "406":{
                  "description":"The request is not acceptable",
                  "schema":{
                     "$ref":"#/definitions/notAcceptableError"
                  }
               },
               "408":{
                  "description":"The request is timed out",
                  "schema":{
                     "$ref":"#/definitions/timeOutError"
                  }
               },
               "415":{
                  "description":"The request media type is not supported",
                  "schema":{
                     "$ref":"#/definitions/unsupportedMediaTypeError"
                  }
               },
               "500":{
                  "description":"Connectivity error",
                  "schema":{
                     "$ref":"#/definitions/internalServerError"
                  }
               },
               "501":{
                  "description":"The request made is not implemented",
                  "schema":{
                     "$ref":"#/definitions/notImplementedError"
                  }
               },
               "502":{
                  "description":"Bad Gateway error",
                  "schema":{
                     "$ref":"#/definitions/badGatewayError"
                  }
               },
               "504":{
                  "description":"Gateway Timeout error",
                  "schema":{
                     "$ref":"#/definitions/gatewayTimeoutError"
                  }
               }
            }
         },
         "put":{
            "operationId":"Void payment",
            "description":"This API is used to Void the payment in workday by paymentId",
            "parameters":[
               {
                  "name":"paymentId",
                  "description":"Get payment Id",
                  "required":true,
                  "in":"path",
                  "type":"integer"
               },
               {
                  "in":"body",
                  "name":"paymentRecord",
                  "schema":{
                     "$ref":"#/definitions/commonResponse"
                  }
               },
               {
                  "$ref": "#/parameters/authorization"
                }
            ],
            "responses":{
               "200":{
                  "description":"",
                  "schema":{
                     "$ref":"#/definitions/commonResponse"
                  }
               },
               "400":{
                  "description":"Bad request",
                  "schema":{
                     "$ref":"#/definitions/badRequestError"
                  }
               },
               "401":{
                  "description":"User is not authorized to access this service",
                  "schema":{
                     "$ref":"#/definitions/unauthorisedError"
                  }
               },
               "404":{
                  "description":"Requested resource not found",
                  "schema":{
                     "$ref":"#/definitions/notFoundError"
                  }
               },
               "405":{
                  "description":"Method used is not allowed for this request.",
                  "schema":{
                     "$ref":"#/definitions/methodNotAllowedError"
                  }
               },
               "406":{
                  "description":"The request is not acceptable",
                  "schema":{
                     "$ref":"#/definitions/notAcceptableError"
                  }
               },
               "408":{
                  "description":"The request is timed out",
                  "schema":{
                     "$ref":"#/definitions/timeOutError"
                  }
               },
               "415":{
                  "description":"The request media type is not supported",
                  "schema":{
                     "$ref":"#/definitions/unsupportedMediaTypeError"
                  }
               },
               "500":{
                  "description":"Connectivity error",
                  "schema":{
                     "$ref":"#/definitions/internalServerError"
                  }
               },
               "501":{
                  "description":"The request made is not implemented",
                  "schema":{
                     "$ref":"#/definitions/notImplementedError"
                  }
               },
               "502":{
                  "description":"Bad Gateway error",
                  "schema":{
                     "$ref":"#/definitions/badGatewayError"
                  }
               },
               "504":{
                  "description":"Gateway Timeout error",
                  "schema":{
                     "$ref":"#/definitions/gatewayTimeoutError"
                  }
               }
            }
         }
      },
      "/payment/{paymentId}/additionalInfo":{
         "post":{
            "operationId":"Additional Payment information",
            "description":"API is used to send additional data for the payment to be processed by the bank",
            "parameters":[
              {
                  "$ref": "#/parameters/authorization"
                },
               {
                  "name":"key",
                  "required":true,
                  "in":"query",
                  "type":"string"
               },
               {
                  "name":"value",
                  "required":true,
                  "in":"query",
                  "type":"string"
               },
               {
                  "name":"paymentId",
                  "description":"Get payment Id",
                  "required":true,
                  "in":"path",
                  "type":"integer"
               },
               {
                  "in":"body",
                  "name":"paymentRecord",
                  "schema":{
                     "$ref":"#/definitions/paymentRecord"
                  }
               }
            ],
            "responses":{
               "201":{
                  "description":"",
                  "schema":{
                     "$ref":"#/definitions/commonResponse"
                  }
               },
               "400":{
                  "description":"Bad request",
                  "schema":{
                     "$ref":"#/definitions/badRequestError"
                  }
               },
               "401":{
                  "description":"User is not authorized to access this service",
                  "schema":{
                     "$ref":"#/definitions/unauthorisedError"
                  }
               },
               "404":{
                  "description":"Requested resource not found",
                  "schema":{
                     "$ref":"#/definitions/notFoundError"
                  }
               },
               "405":{
                  "description":"Method used is not allowed for this request.",
                  "schema":{
                     "$ref":"#/definitions/methodNotAllowedError"
                  }
               },
               "406":{
                  "description":"The request is not acceptable",
                  "schema":{
                     "$ref":"#/definitions/notAcceptableError"
                  }
               },
               "408":{
                  "description":"The request is timed out",
                  "schema":{
                     "$ref":"#/definitions/timeOutError"
                  }
               },
               "415":{
                  "description":"The request media type is not supported",
                  "schema":{
                     "$ref":"#/definitions/unsupportedMediaTypeError"
                  }
               },
               "500":{
                  "description":"Connectivity error",
                  "schema":{
                     "$ref":"#/definitions/internalServerError"
                  }
               },
               "501":{
                  "description":"The request made is not implemented",
                  "schema":{
                     "$ref":"#/definitions/notImplementedError"
                  }
               },
               "502":{
                  "description":"Bad Gateway error",
                  "schema":{
                     "$ref":"#/definitions/badGatewayError"
                  }
               },
               "504":{
                  "description":"Gateway Timeout error",
                  "schema":{
                     "$ref":"#/definitions/gatewayTimeoutError"
                  }
               }
            }
         }
      },
      "/payment/{paymentId}/invoiceMaintainence":{
         "post":{
            "operationId":"Create invoice-maintainence",
            "description":"API is used for creating invoice maintainence",
            "parameters":[
              {
                  "$ref": "#/parameters/authorization"
                },
               {
                  "in":"body",
                  "name":"cancelInvoiceRequest",
                  "schema":{
                     "$ref":"#/definitions/cancelInvoiceRequest"
                  }
               },
               {
                  "name":"paymentId",
                  "description":"Get payment Id",
                  "required":true,
                  "in":"path",
                  "type":"integer"
               }
            ],
            "responses":{
               "201":{
                  "description":"",
                  "schema":{
                     "$ref":"#/definitions/commonResponse"
                  }
               },
               "400":{
                  "description":"Bad request",
                  "schema":{
                     "$ref":"#/definitions/badRequestError"
                  }
               },
               "401":{
                  "description":"User is not authorized to access this service",
                  "schema":{
                     "$ref":"#/definitions/unauthorisedError"
                  }
               },
               "404":{
                  "description":"Requested resource not found",
                  "schema":{
                     "$ref":"#/definitions/notFoundError"
                  }
               },
               "405":{
                  "description":"Method used is not allowed for this request.",
                  "schema":{
                     "$ref":"#/definitions/methodNotAllowedError"
                  }
               },
               "406":{
                  "description":"The request is not acceptable",
                  "schema":{
                     "$ref":"#/definitions/notAcceptableError"
                  }
               },
               "408":{
                  "description":"The request is timed out",
                  "schema":{
                     "$ref":"#/definitions/timeOutError"
                  }
               },
               "415":{
                  "description":"The request media type is not supported",
                  "schema":{
                     "$ref":"#/definitions/unsupportedMediaTypeError"
                  }
               },
               "500":{
                  "description":"Connectivity error",
                  "schema":{
                     "$ref":"#/definitions/internalServerError"
                  }
               },
               "501":{
                  "description":"The request made is not implemented",
                  "schema":{
                     "$ref":"#/definitions/notImplementedError"
                  }
               },
               "502":{
                  "description":"Bad Gateway error",
                  "schema":{
                     "$ref":"#/definitions/badGatewayError"
                  }
               },
               "504":{
                  "description":"Gateway Timeout error",
                  "schema":{
                     "$ref":"#/definitions/gatewayTimeoutError"
                  }
               }
            }
         }
      },
      "/payee":{
         "get":{
            "operationId":"Payee information",
            "description":"This API is used to get the Payee information from DB(AWS postgress) using fuzzy or exact match search",
            "parameters":[
              {
                  "$ref": "#/parameters/authorization"
                },
               {
                  "name":"type",
                  "required":true,
                  "in":"query",
                  "type":"string"
               },
               {
                  "name":"searchstring",
                  "required":false,
                  "in":"query",
                  "type":"string"
               }
            ],
            "responses":{
               "200":{
                  "description":"",
                  "schema":{
                     "$ref":"#/definitions/commonResponse"
                  }
               },
               "400":{
                  "description":"Bad request",
                  "schema":{
                     "$ref":"#/definitions/badRequestError"
                  }
               },
               "401":{
                  "description":"User is not authorized to access this service",
                  "schema":{
                     "$ref":"#/definitions/unauthorisedError"
                  }
               },
               "404":{
                  "description":"Requested resource not found",
                  "schema":{
                     "$ref":"#/definitions/notFoundError"
                  }
               },
               "405":{
                  "description":"Method used is not allowed for this request.",
                  "schema":{
                     "$ref":"#/definitions/methodNotAllowedError"
                  }
               },
               "406":{
                  "description":"The request is not acceptable",
                  "schema":{
                     "$ref":"#/definitions/notAcceptableError"
                  }
               },
               "408":{
                  "description":"The request is timed out",
                  "schema":{
                     "$ref":"#/definitions/timeOutError"
                  }
               },
               "415":{
                  "description":"The request media type is not supported",
                  "schema":{
                     "$ref":"#/definitions/unsupportedMediaTypeError"
                  }
               },
               "500":{
                  "description":"Connectivity error",
                  "schema":{
                     "$ref":"#/definitions/internalServerError"
                  }
               },
               "501":{
                  "description":"The request made is not implemented",
                  "schema":{
                     "$ref":"#/definitions/notImplementedError"
                  }
               },
               "502":{
                  "description":"Bad Gateway error",
                  "schema":{
                     "$ref":"#/definitions/badGatewayError"
                  }
               },
               "504":{
                  "description":"Gateway Timeout error",
                  "schema":{
                     "$ref":"#/definitions/gatewayTimeoutError"
                  }
               }
            }
         }
      }
   },
   "definitions":{
      "pingResponse":{
         "$ref":"dataTypes/schemas/ping-response.json"
      },
      "healthCheckResponse":{
         "$ref":"dataTypes/schemas/health-check-response.json"
      },
      "badRequestError":{
         "$ref":"errorResponses/schemas/bad-request-error-schema.json"
      },
      "unauthorisedError":{
         "$ref":"errorResponses/schemas/unauthorised-error-schema.json"
      },
      "notFoundError":{
         "$ref":"errorResponses/schemas/not-found-error-schema.json"
      },
      "methodNotAllowedError":{
         "$ref":"errorResponses/schemas/method-not-allowed-error-schema.json"
      },
      "notAcceptableError":{
         "$ref":"errorResponses/schemas/not-acceptable-error-schema.json"
      },
      "timeOutError":{
         "$ref":"errorResponses/schemas/time-out-error-schema.json"
      },
      "unsupportedMediaTypeError":{
         "$ref":"errorResponses/schemas/unsupported-media-type-error.json"
      },
      "notImplementedError":{
         "$ref":"errorResponses/schemas/not-implemented-error-schema.json"
      },
      "internalServerError":{
         "$ref":"errorResponses/schemas/internal-server-error-schema.json"
      },
      "badGatewayError":{
         "$ref":"errorResponses/schemas/bad-gateway-error-schema.json"
      },
      "gatewayTimeoutError":{
         "$ref":"errorResponses/schemas/gateway-timeout-error-schema.json"
      },
      "paymentRecord":{
         "$ref":"dataTypes/schemas/payment-record.json"
      },
      "cancelInvoiceRequest":{
         "$ref":"dataTypes/schemas/cancel-invoice-request.json"
      },
      "commonResponse":{
         "$ref":"dataTypes/schemas/common-response.json"
      },      
      "cancelPaymentRequest":{
         "$ref":"dataTypes/schemas/cancel-payment-request.json"
      }
      }
      
   }

