<?xml version='1.0' encoding='UTF-8'?>
<types:mule xmlns:types="http://www.mulesoft.org/schema/mule/types">
  <types:catalog>
    <types:type name="samplexml" format="xml">
      <types:example format="xml" element="{http://schemas.xmlsoap.org/soap/envelope/}Envelope" location="examples/MiscPayment-WDInput.xml"/>
    </types:type>
  </types:catalog>
  <types:enrichment select="#ea46c550-ffc1-4039-83ae-67e71e438466"/>
  <types:enrichment select="#f092e4ad-c010-4758-b3de-2d3a0ca06490"/>
  <types:enrichment select="#654b9315-94da-4412-a19b-24548bde80d4"/>
  <types:enrichment select="#d65cbcae-446d-4631-b096-e58b4cb7370b"/>
  <types:enrichment select="#5fe53611-12c0-48ee-a54f-98fb5ae5307a"/>
  <types:enrichment select="#45f3b6e9-e19d-441e-9d79-db790be09c0d"/>
  <types:enrichment select="#33e299db-9cf8-42c9-b0eb-8638b3f8f335"/>
  <types:enrichment select="#78b92a55-f162-43da-ae27-456a5b264f3e"/>
  <types:enrichment select="#8e9806f3-15d9-44c3-ab86-6509034b7dfa"/>
  <types:enrichment select="#931ba91c-e892-451e-b066-4a991a6ce14b"/>
  <types:enrichment select="#4fd74f04-714d-41e5-baf4-7c12b5f5ec5f"/>
  <types:enrichment select="#2a94c5f8-d540-4511-a259-6fc5f2ee884e"/>
  <types:enrichment select="#c057c493-fa05-4c9a-b968-0040cf4e0351"/>
</types:mule>