<?xml version="1.0" encoding="utf-8"?>
<Configuration>

    <!--These are some of the loggers you can enable. 
        There are several more you can find in the documentation. 
        Besides this log4j configuration, you can also use Java VM environment variables
        to enable other logs like network (-Djavax.net.debug=ssl or all) and 
        Garbage Collector (-XX:+PrintGC). These will be append to the console, so you will 
        see them in the mule_ee.log file. -->

    <Appenders>
        <RollingFile name="file" fileName="${sys:mule.home}${sys:file.separator}logs${sys:file.separator}pgr-finerp-payment-sy.log" 
                 filePattern="${sys:mule.home}${sys:file.separator}logs${sys:file.separator}pgr-finerp-payment-sy-%i.log">
            <PatternLayout pattern="%-5p %d [%t] [processor: %X{processorPath}; event: %X{correlationId}] %c: %m%n" />
            <SizeBasedTriggeringPolicy size="10 MB" />
            <DefaultRolloverStrategy max="10"/>
        </RollingFile>
        <!-- Contains all of the mule runtime logs and whatnot. Contents controlled by the loggers below -->
        <Console name="App_Log_Console" target="SYSTEM_OUT">
            <PatternLayout pattern="%-5p %d [%t] [processor: %X{processorPath}; event: %X{correlationId}] %c: %m%n" />
            <!-- Skip anything that is a json object -->
            <!--RegexFilter regex="^[{][\S\s]*[}]$" onMatch="DENY" onMismatch="ACCEPT" /-->
       </Console>
        <!-- Log all of our errors into a seperate file for consumption by splunk. -->
        <Console name="App_Log_Error_Console" target="SYSTEM_OUT">
             <Filters>
                <!-- We only want Json objects to be logged here -->
                <RegexFilter regex="^[{][\S\s]*[}]$" onMatch="ACCEPT"  />
                <!-- And Only Error Level Logs! -->
                <ThresholdFilter level="ERROR" onMatch="ACCEPT" onMismatch="DENY"/>
            </Filters>
            <!-- Only print the message and a newline character -->
            <PatternLayout pattern="%m%n" />
        </Console>
    </Appenders>
    <Loggers>
        
        <!-- Http Logger shows wire traffic on DEBUG. -->
        <!--AsyncLogger name="org.mule.service.http.impl.service.HttpMessageLogger" level="DEBUG" /-->
        <AsyncLogger name="org.mule.service.http" level="WARN"/>
        <AsyncLogger name="org.mule.extension.http" level="WARN"/>
      
<!-- Suppress logging of DWL source code -->
       
        <AsyncLogger name="org.mule.runtime.core.internal.exception.OnErrorContinueHandler" level="FATAL"/>
        <AsyncLogger name="org.mule.runtime.core.internal.exception.OnErrorPropagateHandler" level="FATAL"/>
    
		<!-- Mule logger -->        
        <AsyncLogger name="org.mule.runtime.core.internal.processor.LoggerMessageProcessor" level="INFO"/>
 
        <AsyncRoot level="INFO">
            <AppenderRef ref="file" />
            <AppenderRef ref="App_Log_Console" />
            <AppenderRef ref="App_Log_Error_Console" />
        </AsyncRoot>
    </Loggers>
</Configuration>
