{
  "Envelope": {
    "Body": {
      "Get_Miscellaneous_Payment_Requests_Response": {
        "@version": "v38.0",
        "Request_References": {
          "Miscellaneous_Payment_Request_Reference": {
            "ID": {
              "type": "WID",
              "value": "4b38a99b6904811ae239317221141606"
            },
            "ID": {
              "type": "Miscellaneous_Payment_Request_Reference_ID",
              "value": "MISCELLANEOUS_PAYMENT_REQUEST-6-44560"
            }
          }
        },
        "Response_Filter": {
          "As_Of_Effective_Date": "2021-07-07",
          "As_Of_Entry_DateTime": "2021-07-07T09:45:59.000-07:00",
          "Page": "1",
          "Count": "100"
        },
        "Response_Group": {
          "Include_Reference": "1",
          "Include_Payee_Details": "1",
          "Include_Payment_Details": "1",
          "Include_Attachment_Data": "0"
        },
        "Response_Results": {
          "Total_Results": "1",
          "Total_Pages": "1",
          "Page_Results": "1",
          "Page": "1"
        },
        "Response_Data": {
          "Miscellaneous_Payment_Request_Response": {
            "Miscellaneous_Payment_Request_Reference": {
              "ID": {
                "type": "WID",
                "value": "4b38a99b6904811ae239317221141606"
              },
              "ID": {
                "type": "Miscellaneous_Payment_Request_Reference_ID",
                "value": "MISCELLANEOUS_PAYMENT_REQUEST-6-44560"
              }
            },
            "Miscellaneous_Payment_Request_Response_Data": {
              "Miscellaneous_Payment_Request_ID": "MISCELLANEOUS_PAYMENT_REQUEST-6-44560",
              "Submit": "1",
              "Locked_in_Workday": "0",
              "Miscellaneous_Payment_Request_Number": "SRN20210705T13370950400Z",
              "Document_Status_Reference": {
                "ID": {
                  "type": "WID",
                  "value": "dc76c4fc446c11de98360015c5e6daf6"
                },
                "ID": {
                  "type": "Document_Status_ID",
                  "value": "DRAFT"
                }
              },
              "Payment_Status_Reference": {
                "ID": {
                  "type": "WID",
                  "value": "d9e43940446c11de98360015c5e6daf6"
                },
                "ID": {
                  "type": "Document_Payment_Status_ID",
                  "value": "UNPAID"
                }
              },
              "Requester_Reference": {
                "ID": {
                  "type": "WID",
                  "value": "0587d6f02fce017b38695b752a2f3c4c"
                },
                "ID": {
                  "type": "Employee_ID",
                  "value": "EMPLOYEE-6-44236"
                }
              },
              "Document_Date": "2021-07-05",
              "Company_Reference": {
                "ID": {
                  "type": "WID",
                  "value": "1393e2689d48012ef04fd1ab2f01bf6e"
                },
                "ID": {
                  "type": "Organization_Reference_ID",
                  "value": "01"
                },
                "ID": {
                  "type": "Company_Reference_ID",
                  "value": "01"
                }
              },
              "Payee_Data": {
                "Miscellaneous_Payee_Reference": {
                  "ID": {
                    "type": "WID",
                    "value": "4b38a99b690401217d2f337221141706"
                  },
                  "ID": {
                    "type": "Miscellaneous_Payee_ID",
                    "value": "MISCELLANEOUS_PAYEE-6-10211"
                  }
                },
                "Miscellaneous_Payee_Data": {
                  "Miscellaneous_Payee_ID": "MISCELLANEOUS_PAYEE-6-10211",
                  "Miscellaneous_Payee_Name": "SOUTH TESTDATARANDOM",
                  "Payee_is_Inactive": "0",
                  "Payee_is_Single_Use": "1",
                  "Miscellaneous_Payee_Category_Reference": {
                    "ID": {
                      "type": "WID",
                      "value": "7e87e325b1a701582b3e0627a801ae15"
                    },
                    "ID": {
                      "type": "Miscellaneous_Payee_Category_ID",
                      "value": "ATTORNEY"
                    }
                  },
                  "Contact_Data": {
                    "Address_Data": {
                      "@Effective_Date": "2021-07-05",
                      "@Address_Format_Type": "Basic",
                      "@Formatted_Address": "C/O TestDataRandom&#xa;100 TestDataRandom&#xa;AUSTIN, TX 75002-0987&#xa;United States of America",
                      "@Defaulted_Business_Site_Address": "0",
                      "Country_Reference": {
                        "ID": {
                          "type": "WID",
                          "value": "bc33aa3152ec42d4995f4791a106ed09"
                        },
                        "ID": {
                          "type": "ISO_3166-1_Alpha-2_Code",
                          "value": "US"
                        },
                        "ID": {
                          "type": "ISO_3166-1_Alpha-3_Code",
                          "value": "USA"
                        },
                        "ID": {
                          "type": "ISO_3166-1_Numeric-3_Code",
                          "value": "840"
                        }
                      },
                      "Last_Modified": "2021-07-05T10:37:12.205-07:00",
                      "Address_Line_Data": {
                        "@Type": "ADDRESS_LINE_1",
                        "@Descriptor": "Address Line 1",
                        "value": "C/O TestDataRandom"
                      },
                      "Address_Line_Data": {
                        "@Type": "ADDRESS_LINE_2",
                        "@Descriptor": "Address Line 2",
                        "value": "100 TestDataRandom"
                      },
                      "Municipality": "AUSTIN",
                      "Country_Region_Reference": {
                        "ID": {
                          "type": "WID",
                          "value": "fc77e3a1ab36487f9646d14f7242dd77"
                        },
                        "ID": {
                          "type": "Country_Region_ID",
                          "value": "USA-TX"
                        },
                        "ID": {
                          "type": "ISO_3166-2_Code",
                          "value": "TX"
                        }
                      },
                      "Country_Region_Descriptor": "Texas",
                      "Postal_Code": "75002-0987",
                      "Usage_Data": {
                        "@Public": "1",
                        "Type_Data": {
                          "@Primary": "1",
                          "Type_Reference": {
                            "ID": {
                              "type": "WID",
                              "value": "4fae289a7fe541b098ca9448e462ff6b"
                            },
                            "ID": {
                              "type": "Communication_Usage_Type_ID",
                              "value": "BUSINESS"
                            }
                          }
                        }
                      },
                      "Number_of_Days": "0",
                      "Address_Reference": {
                        "ID": {
                          "type": "WID",
                          "value": "4b38a99b690401f86017347221141a06"
                        },
                        "ID": {
                          "type": "Address_ID",
                          "value": "ADDRESS_REFERENCE-6-27609"
                        }
                      },
                      "Address_ID": "ADDRESS_REFERENCE-6-27609"
                    },
                    "Phone_Data": {
                      "@Area_Code": "214",
                      "@Phone_Number_Without_Area_Code": "5094100",
                      "@E164_Formatted_Phone": "+12145094100",
                      "@Workday_Traditional_Formatted_Phone": "+1 (214) 5094100",
                      "@National_Formatted_Phone": "(214) 509-4100",
                      "@International_Formatted_Phone": "+1 214-509-4100",
                      "@Tenant_Formatted_Phone": "+1 214-509-4100",
                      "Country_ISO_Code": "USA",
                      "International_Phone_Code": "1",
                      "Phone_Number": "2145094100",
                      "Phone_Device_Type_Reference": {
                        "ID": {
                          "type": "WID",
                          "value": "610c5df491e301b640c27f9daf0df106"
                        },
                        "ID": {
                          "type": "Phone_Device_Type_ID",
                          "value": "Landline"
                        }
                      },
                      "Usage_Data": {
                        "@Public": "1",
                        "Type_Data": {
                          "@Primary": "1",
                          "Type_Reference": {
                            "ID": {
                              "type": "WID",
                              "value": "4fae289a7fe541b098ca9448e462ff6b"
                            },
                            "ID": {
                              "type": "Communication_Usage_Type_ID",
                              "value": "BUSINESS"
                            }
                          }
                        }
                      },
                      "Phone_Reference": {
                        "ID": {
                          "type": "WID",
                          "value": "4b38a99b690401568a7d347221141d06"
                        },
                        "ID": {
                          "type": "Phone_ID",
                          "value": "PHONE_REFERENCE-6-19490"
                        }
                      },
                      "ID": "PHONE_REFERENCE-6-19490"
                    },
                    "Phone_Data": {
                      "@Area_Code": "214",
                      "@Phone_Number_Without_Area_Code": "5094118",
                      "@E164_Formatted_Phone": "+12145094118",
                      "@Workday_Traditional_Formatted_Phone": "+1 (214) 5094118",
                      "@National_Formatted_Phone": "(214) 509-4118",
                      "@International_Formatted_Phone": "+1 214-509-4118",
                      "@Tenant_Formatted_Phone": "+1 214-509-4118",
                      "Country_ISO_Code": "USA",
                      "International_Phone_Code": "1",
                      "Phone_Number": "2145094118",
                      "Phone_Device_Type_Reference": {
                        "ID": {
                          "type": "WID",
                          "value": "45faf707964e01fb15f18b89e221bb78"
                        },
                        "ID": {
                          "type": "Phone_Device_Type_ID",
                          "value": "Fax"
                        }
                      },
                      "Usage_Data": {
                        "@Public": "1",
                        "Type_Data": {
                          "@Primary": "0",
                          "Type_Reference": {
                            "ID": {
                              "type": "WID",
                              "value": "4fae289a7fe541b098ca9448e462ff6b"
                            },
                            "ID": {
                              "type": "Communication_Usage_Type_ID",
                              "value": "BUSINESS"
                            }
                          }
                        }
                      },
                      "Phone_Reference": {
                        "ID": {
                          "type": "WID",
                          "value": "4b38a99b6904018a459e357221142006"
                        },
                        "ID": {
                          "type": "Phone_ID",
                          "value": "PHONE_REFERENCE-6-19491"
                        }
                      },
                      "ID": "PHONE_REFERENCE-6-19491"
                    },
                    "Email_Address_Data": {
                      "Email_Address": "TEST@yaho0.com",
                      "Usage_Data": {
                        "@Public": "1",
                        "Type_Data": {
                          "@Primary": "1",
                          "Type_Reference": {
                            "ID": {
                              "type": "WID",
                              "value": "4fae289a7fe541b098ca9448e462ff6b"
                            },
                            "ID": {
                              "type": "Communication_Usage_Type_ID",
                              "value": "BUSINESS"
                            }
                          }
                        }
                      },
                      "Email_Reference": {
                        "ID": {
                          "type": "WID",
                          "value": "4b38a99b69040193f3ac367221142306"
                        },
                        "ID": {
                          "type": "Email_ID",
                          "value": "EMAIL_REFERENCE-6-62065"
                        }
                      },
                      "ID": "EMAIL_REFERENCE-6-62065"
                    }
                  },
                  "FATCA": "0",
                  "Tax_ID_Data": {
                    "Tax_ID_Type_Reference": {
                      "ID": {
                        "type": "WID",
                        "value": "b3f230dea568100005824fbd50d40215"
                      },
                      "ID": {
                        "type": "Tax_ID_Type",
                        "value": "USA-SSN"
                      }
                    },
                    "Transaction_Tax_ID": "0",
                    "Primary_Tax_ID": "1"
                  },
                  "Tax_ID_Data": {
                    "Tax_ID_Type_Reference": {
                      "ID": {
                        "type": "WID",
                        "value": "f13912c1fbb510001015d5430ef4010f"
                      },
                      "ID": {
                        "type": "Tax_ID_Type",
                        "value": "USA-DNS"
                      }
                    },
                    "Transaction_Tax_ID": "0",
                    "Primary_Tax_ID": "0"
                  }
                }
              },
              "Currency_Reference": {
                "ID": {
                  "type": "WID",
                  "value": "9e996ffdd3e14da0ba7275d5400bafd4"
                },
                "ID": {
                  "type": "Currency_ID",
                  "value": "USD"
                },
                "ID": {
                  "type": "Currency_Numeric_Code",
                  "value": "840"
                }
              },
              "Payment_Type_Reference": {
                "ID": {
                  "type": "WID",
                  "value": "11fec27bac7701b6a2eb84cd541d3b13"
                },
                "ID": {
                  "type": "Payment_Type_ID",
                  "value": "AGY_DRAFT"
                }
              },
              "Request_Category_Reference": {
                "ID": {
                  "type": "WID",
                  "value": "c32dcc58b3080153cc36c46b8d26b109"
                },
                "ID": {
                  "type": "Miscellaneous_Payment_Request_Category_ID",
                  "value": "AGY_ACT"
                }
              },
              "Handling_Code_Reference": {
                "ID": {
                  "type": "WID",
                  "value": "e74e82071b0e01cee7ffa9b69a017f7f"
                },
                "ID": {
                  "type": "Handling_Code_ID",
                  "value": "CENTRAL_PRINT"
                }
              },
              "Total_Amount": "200",
              "Control_Amount": "200",
              "Header_Memo": "RAMIREZ-HERNANDEZ TestDataRandom",
              "External_Reference": "INV20210705T13370950400Z",
              "Request_Express_Pay": "0",
              "Miscellaneous_Payment_Request_Line_Data": {
                "Line_Order": "111",
                "Intercompany_Affiliate_Reference": {
                  "ID": {
                    "type": "WID",
                    "value": "1393e2689d48012ef04fd1ab2f01bf6e"
                  },
                  "ID": {
                    "type": "Organization_Reference_ID",
                    "value": "01"
                  },
                  "ID": {
                    "type": "Company_Reference_ID",
                    "value": "01"
                  }
                },
                "Item_Description": "paymentDesc: Application Incentives",
                "Spend_Category_Reference": {
                  "ID": {
                    "type": "WID",
                    "value": "1393e2689d4801268c45c5fd1c015b58"
                  },
                  "ID": {
                    "type": "Spend_Category_ID",
                    "value": "Hotel"
                  }
                },
                "Quantity": "0",
                "Unit_Cost": "0",
                "Extended_Amount": "100",
                "Line_Memo": "paymentGroup: Payment Group B | paymentType: BONUS",
                "Worktags_Reference": {
                  "ID": {
                    "type": "WID",
                    "value": "415d442c030601a2a6c941ef1b0c7024"
                  },
                  "ID": {
                    "type": "Custom_Worktag_2_ID",
                    "value": "Non_SA"
                  }
                },
                "Worktags_Reference": {
                  "ID": {
                    "type": "WID",
                    "value": "1393e2689d48018fe20d04da1701d935"
                  },
                  "ID": {
                    "type": "Organization_Reference_ID",
                    "value": "PGR_Other"
                  },
                  "ID": {
                    "type": "Custom_Organization_Reference_ID",
                    "value": "PGR_Other"
                  }
                },
                "Worktags_Reference": {
                  "ID": {
                    "type": "WID",
                    "value": "1393e2689d48017cb382bdd917017635"
                  },
                  "ID": {
                    "type": "Organization_Reference_ID",
                    "value": "OTM"
                  },
                  "ID": {
                    "type": "Custom_Organization_Reference_ID",
                    "value": "OTM"
                  }
                },
                "Worktags_Reference": {
                  "ID": {
                    "type": "WID",
                    "value": "1393e2689d4801c5d33023d617010330"
                  },
                  "ID": {
                    "type": "Organization_Reference_ID",
                    "value": "2223"
                  },
                  "ID": {
                    "type": "Custom_Organization_Reference_ID",
                    "value": "2223"
                  }
                },
                "Worktags_Reference": {
                  "ID": {
                    "type": "WID",
                    "value": "1393e2689d48013c789b88cf1701c626"
                  },
                  "ID": {
                    "type": "Organization_Reference_ID",
                    "value": "All_Other_Runoff"
                  },
                  "ID": {
                    "type": "Custom_Organization_Reference_ID",
                    "value": "All_Other_Runoff"
                  }
                },
                "Worktags_Reference": {
                  "ID": {
                    "type": "WID",
                    "value": "415d442c03060108959bfeff1b0cf52a"
                  },
                  "ID": {
                    "type": "Custom_Worktag_1_ID",
                    "value": "01"
                  }
                },
                "Worktags_Reference": {
                  "ID": {
                    "type": "WID",
                    "value": "1393e2689d4801dd06d239a032016874"
                  },
                  "ID": {
                    "type": "Organization_Reference_ID",
                    "value": "ST_34"
                  },
                  "ID": {
                    "type": "Region_Reference_ID",
                    "value": "ST_34"
                  }
                },
                "Worktags_Reference": {
                  "ID": {
                    "type": "WID",
                    "value": "1393e2689d48010cd0273bd3b901720b"
                  },
                  "ID": {
                    "type": "Organization_Reference_ID",
                    "value": "00001"
                  },
                  "ID": {
                    "type": "Cost_Center_Reference_ID",
                    "value": "00001"
                  }
                },
                "Budget_Date": "2021-07-05"
              },
              "Miscellaneous_Payment_Request_Line_Data": {
                "Line_Order": "111",
                "Intercompany_Affiliate_Reference": {
                  "ID": {
                    "type": "WID",
                    "value": "1393e2689d4801fcf79e62ac2f016070"
                  },
                  "ID": {
                    "type": "Organization_Reference_ID",
                    "value": "57"
                  },
                  "ID": {
                    "type": "Company_Reference_ID",
                    "value": "57"
                  }
                },
                "Item_Description": "paymentDesc: Application Incentives",
                "Spend_Category_Reference": {
                  "ID": {
                    "type": "WID",
                    "value": "1393e2689d4801268c45c5fd1c015b58"
                  },
                  "ID": {
                    "type": "Spend_Category_ID",
                    "value": "Hotel"
                  }
                },
                "Quantity": "0",
                "Unit_Cost": "0",
                "Extended_Amount": "100",
                "Line_Memo": "paymentGroup: Payment Group B | paymentType: BONUS",
                "Worktags_Reference": {
                  "ID": {
                    "type": "WID",
                    "value": "415d442c030601a2a6c941ef1b0c7024"
                  },
                  "ID": {
                    "type": "Custom_Worktag_2_ID",
                    "value": "Non_SA"
                  }
                },
                "Worktags_Reference": {
                  "ID": {
                    "type": "WID",
                    "value": "1393e2689d48018fe20d04da1701d935"
                  },
                  "ID": {
                    "type": "Organization_Reference_ID",
                    "value": "PGR_Other"
                  },
                  "ID": {
                    "type": "Custom_Organization_Reference_ID",
                    "value": "PGR_Other"
                  }
                },
                "Worktags_Reference": {
                  "ID": {
                    "type": "WID",
                    "value": "1393e2689d48017cb382bdd917017635"
                  },
                  "ID": {
                    "type": "Organization_Reference_ID",
                    "value": "OTM"
                  },
                  "ID": {
                    "type": "Custom_Organization_Reference_ID",
                    "value": "OTM"
                  }
                },
                "Worktags_Reference": {
                  "ID": {
                    "type": "WID",
                    "value": "1393e2689d4801c5d33023d617010330"
                  },
                  "ID": {
                    "type": "Organization_Reference_ID",
                    "value": "2223"
                  },
                  "ID": {
                    "type": "Custom_Organization_Reference_ID",
                    "value": "2223"
                  }
                },
                "Worktags_Reference": {
                  "ID": {
                    "type": "WID",
                    "value": "1393e2689d48013c789b88cf1701c626"
                  },
                  "ID": {
                    "type": "Organization_Reference_ID",
                    "value": "All_Other_Runoff"
                  },
                  "ID": {
                    "type": "Custom_Organization_Reference_ID",
                    "value": "All_Other_Runoff"
                  }
                },
                "Worktags_Reference": {
                  "ID": {
                    "type": "WID",
                    "value": "415d442c03060108959bfeff1b0cf52a"
                  },
                  "ID": {
                    "type": "Custom_Worktag_1_ID",
                    "value": "01"
                  }
                },
                "Worktags_Reference": {
                  "ID": {
                    "type": "WID",
                    "value": "1393e2689d4801dd06d239a032016874"
                  },
                  "ID": {
                    "type": "Organization_Reference_ID",
                    "value": "ST_34"
                  },
                  "ID": {
                    "type": "Region_Reference_ID",
                    "value": "ST_34"
                  }
                },
                "Worktags_Reference": {
                  "ID": {
                    "type": "WID",
                    "value": "1393e2689d48010cd0273bd3b901720b"
                  },
                  "ID": {
                    "type": "Organization_Reference_ID",
                    "value": "00001"
                  },
                  "ID": {
                    "type": "Cost_Center_Reference_ID",
                    "value": "00001"
                  }
                },
                "Budget_Date": "2021-07-05"
              },
              "Additional_Fields_Data": {
                "Miscellaneous_Field_1": "agentCode:",
                "Miscellaneous_Field_2": "sortAttention:",
                "Miscellaneous_Field_4": "localPrinterId: |priorityCode: 99"
              }
            }
          }
        }
      }
    }
  }
}