<?xml version="1.0" encoding="UTF-8"?>

<mule xmlns:ee="http://www.mulesoft.org/schema/mule/ee/core" xmlns:file="http://www.mulesoft.org/schema/mule/file"
	xmlns="http://www.mulesoft.org/schema/mule/core"
	xmlns:doc="http://www.mulesoft.org/schema/mule/documentation" xmlns:xsi="http://www.w3.org/2001/XMLSchema-instance" xsi:schemaLocation="http://www.mulesoft.org/schema/mule/core http://www.mulesoft.org/schema/mule/core/current/mule.xsd
http://www.mulesoft.org/schema/mule/file http://www.mulesoft.org/schema/mule/file/current/mule-file.xsd
http://www.mulesoft.org/schema/mule/ee/core http://www.mulesoft.org/schema/mule/ee/core/current/mule-ee.xsd">
	<sub-flow name="pgr-finerp-payment-sy-wd-validation-errors-subfl" doc:id="5acc53c5-54c5-4216-96f7-198b6e696b9d" >
		<ee:transform doc:name="fetch error type" doc:id="df3202f8-2b74-4b36-9638-7a7087536105" >
			<ee:message >
			</ee:message>
			<ee:variables >
				<ee:set-variable variableName="xmlResponse" ><![CDATA[%dw 2.0
output application/java
---
error.exception.errorMessage.typedValue.^mediaType contains("xml")]]></ee:set-variable>
			</ee:variables>
		</ee:transform>
		<choice doc:name="Choice" doc:id="8901b3d0-3bc0-467e-a934-ff5833f28ab9" >
			<when expression="#[vars.xmlResponse]">
				<ee:transform doc:name="Extract error body" doc:id="79a82de8-9093-4686-a949-108dd4f47391">
					<ee:message>
					</ee:message>
					<ee:variables>
						<ee:set-variable variableName="wdResponse"><![CDATA[%dw 2.0
output application/json
---
error.exception.errorMessage.typedValue.Envelope.Body]]></ee:set-variable>
					</ee:variables>
				</ee:transform>
				<choice doc:name="Choice" doc:id="f7f81c79-b56f-4ed4-b149-395fb29f9029">
			<when expression="#[vars.wdResponse.Fault.detail.Validation_Fault?]">
				<!-- <file:read doc:name="Read" doc:id="35a678f8-7f59-490d-a32c-34094cbc90f6" path="${app.home}/errorPatterns.csv" outputMimeType='application/csv; quote="\""; header=true' target="wdErrorPatterns" /> -->
				<flow-ref doc:name="workday-errorPatterns-lookup-subfl" doc:id="f8633a2d-3dbb-40c2-80e1-bd55eb747c0b" name="pgr-finerp-payment-sy-workday-errorPatterns-lookup-subfl" target="wdErrorPatterns"/>
						<ee:transform doc:name="Prepare error message" doc:id="0bc34bb3-941a-4342-a22b-a080e805a682">
					<ee:message>
					</ee:message>
					<ee:variables>
								<ee:set-variable resource="dwl/wd_validation_errors.dwl" variableName="errorMessage" />
					</ee:variables>
				</ee:transform>
			</when>
		</choice>
			</when>
			<!-- <when expression='#[(attributes.method == "GET") and (attributes.rawRequestPath == "/api/invoice")]'>
				<ee:transform doc:name="Transform Message" doc:id="f77c4b9c-9acf-4b3f-9407-4f3f0ad0af0a" >
					<ee:message />
					<ee:variables >
						<ee:set-variable variableName="errorMessage" ><![CDATA[%dw 2.0
output application/json

-&#45;&#45;
{
	errorField : "sourceInvoiceRefNbr",
	errorValue : vars.inputPayload.sourceInvoiceRefNbr,
	errorReason: error.exception.errorMessage.typedValue,
	errorLineNumber: "" 
}]]></ee:set-variable>
					</ee:variables>
				</ee:transform>
			</when> -->
		</choice>
	</sub-flow>
	<sub-flow name="pgr-finerp-payment-sy-workday-errorPatterns-lookup-subfl"
		doc:id="1f3e14c8-fcd5-471c-bc6d-7575dc294a7c">
		<set-variable
			value="${s3.lookup.workday-error-patterns-lookup}"
			doc:name="configName" doc:id="83e7a66e-0845-425c-add4-a0cb101a8de8"
			variableName="configName" />
		<flow-ref doc:name="loading_config_in_local_cache_flow"
			doc:id="4e46ce61-082e-4954-828f-012daba9fada"
			name="loading_config_in_local_cache_flow" />

		<ee:transform doc:name="Extract CSV"
			doc:id="14bde531-20da-4d93-bd4a-706fecd289fe">
			<ee:message>
				<ee:set-payload><![CDATA[%dw 2.0
output application/json 
input payload application/csv 
---
read(payload,"application/csv")]]></ee:set-payload>
			</ee:message>
			<ee:variables>
			</ee:variables>
		</ee:transform>
	</sub-flow>
	<flow name="pgr-finerp-payment-sy-asl-lookup-pvtfl" doc:id="4945b598-bd93-408a-90e8-db3b05b337ed" >
		<ee:transform doc:name="get ASL" doc:id="c044baaf-980f-4de2-8ba1-e18e62fb7cc3" >
			<ee:message >
				<ee:set-payload resource="dwl/asl-fetch-logic.dwl" />
			</ee:message>
		</ee:transform>
	</flow>
</mule>
