<?xml version="1.0" encoding="UTF-8"?>

<mule xmlns:workday="http://www.mulesoft.org/schema/mule/workday"
	xmlns:os="http://www.mulesoft.org/schema/mule/os" xmlns:http="http://www.mulesoft.org/schema/mule/http"
	xmlns:ee="http://www.mulesoft.org/schema/mule/ee/core"
	xmlns="http://www.mulesoft.org/schema/mule/core" xmlns:doc="http://www.mulesoft.org/schema/mule/documentation" xmlns:xsi="http://www.w3.org/2001/XMLSchema-instance" xsi:schemaLocation="http://www.mulesoft.org/schema/mule/core http://www.mulesoft.org/schema/mule/core/current/mule.xsd
http://www.mulesoft.org/schema/mule/ee/core http://www.mulesoft.org/schema/mule/ee/core/current/mule-ee.xsd
http://www.mulesoft.org/schema/mule/os http://www.mulesoft.org/schema/mule/os/current/mule-os.xsd
http://www.mulesoft.org/schema/mule/http http://www.mulesoft.org/schema/mule/http/current/mule-http.xsd
http://www.mulesoft.org/schema/mule/workday http://www.mulesoft.org/schema/mule/workday/current/mule-workday.xsd">
	<flow name="pgr-finerp-payment-sy-digital-payment-detail-main-subfl" doc:id="4ace19b7-9ae8-4576-841b-72c0f4e16803" >
		<choice doc:name="Choice" doc:id="48fc8d80-0422-424a-8bca-b79e2187d195" >
			<when expression="#[(payload.status == p('paymentUpdate.approved.status')) and ((payload.paymentMethodName == p('paymentCreate.paymentMethodName.DIGITALACH')) or (payload.paymentMethodName == p('paymentCreate.paymentMethodName.DIGITALP2D')))]">
				<flow-ref doc:name="approved-payment-input-fields-check" doc:id="2ab74bf1-1448-409f-a2f9-d3885019c9b1" name="pgr-finerp-payment-sy-approved-payment-input-fields-check-subfl"/>
				<set-variable value="#[payload]" doc:name="digitalPayload" doc:id="0acf2b7e-2903-40ae-ae65-fab45aba6322" variableName="digitalPayload"/>
				<flow-ref doc:name="get-digital-Payments-subfl" doc:id="490d6f51-6af5-4653-a0be-05830f2df2ad" name="pgr-finerp-payment-sy-get-digital-Payments-subfl" />
				<flow-ref doc:name="digital-payment-update-status-subfl" doc:id="098b068a-ab8f-4600-9700-1cb07aae6c24" name="pgr-finerp-payment-sy-digital-payment-update-status-subfl" />
				<ee:transform doc:name="Success response Message" doc:id="8f32f1bc-aade-4b2a-8231-7dd83fa43f88" xsi:schemaLocation="
http://www.mulesoft.org/schema/mule/http http://www.mulesoft.org/schema/mule/http/current/mule-http.xsd http://www.mulesoft.org/schema/mule/ee/core http://www.mulesoft.org/schema/mule/ee/core/current/mule-ee.xsd">
			<ee:message>
				<ee:set-payload><![CDATA[%dw 2.0
output application/json
---
{
  eventTimeStamp: now(),
  serviceName: p('mainAppName'),
  correlationId: vars.serviceLoggingVars.correlationId,
  transactionLevel: p('paymentUpdate.status'),
  flowName: vars.serviceLoggingVars.flowName,
  sourceTransactionId: vars.serviceLoggingVars.sourceTransactionId,
  result: {
    status: p('paymentUpdate.status'),
    code: p('paymentUpdate.successCode'),
    message: p('paymentUpdate.successMessage'),
    content: vars.workdayResponse
  }
}]]></ee:set-payload>
			</ee:message>
		</ee:transform>
			</when>
			<when expression="#[(payload.status == p('paymentUpdate.stop.status') and payload.paymentMethodName == p('paymentCreate.paymentMethodName.CLMCHECK'))]">
				<flow-ref doc:name="wid-empty-check" doc:id="e201f534-c4eb-4e0d-a6f3-3d833a9b9897" name="pgr-finerp-payment-sy-wid-empty-check-subfl"/>
				<flow-ref doc:name="update-digital-payment-SubmitStop-subfl" doc:id="af4c3290-3f54-4a4b-ad33-ca8eabb2675b" name="pgr-finerp-payment-sy-update-digital-payment-SubmitStop-subfl"/>
			</when>
			<otherwise>
				<logger level="DEBUG" doc:name="Logger" doc:id="98010549-1e57-4a61-af30-2b87700a0ad9" message='Payment status and methods do not match criteria'/>
			
</otherwise>
		</choice>
		<error-handler ref="mule-common-error-handler-byPass" />
	
</flow>
	<sub-flow name="pgr-finerp-payment-sy-get-digital-Payments-subfl" doc:id="4af02353-1507-4d1a-af2d-2abb2768854e" >
		<try doc:name="Try" doc:id="2b098a18-199f-4037-b78d-24a600dfd957" >
			<ee:transform doc:name="Update Flow Name &amp; Extract Payment Reference Id &amp; create digitalPayload" doc:id="66f7ea57-bbed-450b-8705-f45baa36d685" >
				<ee:message >
				</ee:message>
				<ee:variables >
					
					 <ee:set-variable variableName="serviceLoggingVars" ><![CDATA[%dw 2.0
output application/java
---
(vars.serviceLoggingVars update {
		case flowName at .flowName -> p("flowName.payments.digital.getPayment")
	})]]></ee:set-variable>
					<ee:set-variable resource="dwl/getpayment-paymentRequestRefId.dwl" variableName="paymentRequestRefId" />
					<ee:set-variable resource="dwl/getPayment-referenceId.dwl" variableName="referenceId" />
				</ee:variables>
			</ee:transform>
			<flow-ref doc:name="logEntryInfo" doc:id="58b7276a-86f8-4058-916f-ed5ad422a2ae" name="logEntryInfo"/>
			<set-variable value="${flowName.payments.digital.getPayment}" doc:name="Set dynamicFlowName" doc:id="5bc7f769-6609-4395-b06a-664b082902e2" variableName="dynamicFlowName"/>
			<flow-ref doc:name="pgr-finerp-payment-sy-workday-token-call-subfl" doc:id="d475e805-fa69-4f95-91f7-c04accb13d54" name="pgr-finerp-payment-sy-workday-token-call-subfl"/>
			<ee:transform doc:name="Xform Get digital Payment Data" doc:id="8f80bd1d-d705-4d38-bfb8-ab5f724ceeef" >
						<ee:message >
							<ee:set-payload resource="dwl/Xform Get digital Payment Data.dwl" />
						
</ee:message>
						<ee:variables >
							<ee:set-variable variableName="target" ><![CDATA[%dw 2.0
output application/java
---
"Workday"]]></ee:set-variable>
						
</ee:variables>
					</ee:transform>
					<set-variable value="#[payload]" doc:name="requestPayload" doc:id="34f4b77b-9b5c-49aa-9992-bc0cc2e473e4" variableName="requestPayload" />
			<set-variable value="#[%dw 2.0
output application/json
---
{
&quot;targetURL&quot;: Mule::p('secure::workday.host') ++ Mule::p('secure::workday.miscellaneousPayment.WDPath'),
&quot;requestParams&quot;: {
    &quot;headers&quot; :
			{
				&quot;Authorization&quot; : &quot;Bearer &quot; ++ vars.token as String,
				&quot;Content-Type&quot; : &quot;application/xml&quot;
			}
        		}
}]" doc:name="requestAttributes" doc:id="f15d58be-e792-4612-b643-de72e413963e" variableName="requestAttributes" />
			<flow-ref doc:name="logRequestInfo" doc:id="1bf2be28-0f88-4e02-ab97-c7fd0ae37948" name="logRequestInfo"/>
			<http:request method="POST" doc:name="Retrieve payment detail from WD" doc:id="5fe97cca-375f-4db3-985a-8e8ae5610a2a" config-ref="Generic_Payment_WD_Request_Configuration" path="${secure::workday.miscellaneousPayment.WDPath}">
					<http:body ><![CDATA[#[vars.requestPayload]]]></http:body>
				<http:headers><![CDATA[#[output application/java
---
vars.requestAttributes.requestParams.headers]]]></http:headers>
		</http:request>
			<set-variable value="#[payload]" doc:name="responsePayload" doc:id="1250ffdd-4493-4c81-bc38-b9819aafe186" variableName="responsePayload" />
			<flow-ref doc:name="logResponseInfo" doc:id="40446b37-aa38-4fc3-a483-3998815ca5b9" name="logResponseInfo" />
			<flow-ref doc:name="logExitInfo" doc:id="1f4cfa7b-9992-4db4-bcd4-220ea0f4172f" name="logExitInfo"/>
			<error-handler >
							<on-error-propagate enableNotifications="true" logException="true" doc:name="On Error Propagate" doc:id="a4c8ec7e-fb19-4019-92b6-fc959cf8af32" type="HTTP:SERVICE_UNAVAILABLE">
					<flow-ref doc:name="logResponseError" doc:id="8158b913-46f5-45c8-a703-240a28afefe1" name="logResponseError"/>
				<ee:transform doc:name="503" doc:id="2332b8b8-65fb-4ef5-aeaa-309a1662e9fa">
							<ee:message>
							</ee:message>
							<ee:variables>
								<ee:set-variable variableName="httpStatus"><![CDATA[%dw 2.0
output application/java
---
"503"]]></ee:set-variable>
								<ee:set-variable variableName="workdayDowntime"><![CDATA[%dw 2.0
output application/java
---
true]]></ee:set-variable>
							</ee:variables>
						</ee:transform>
						<raise-error doc:name="Raise error" doc:id="8bd58303-454c-4596-984a-c8cfa37c5659" type="${customError.technicalError}" description="${workday.unavailableResponse}" />
				
				</on-error-propagate>
			<on-error-continue enableNotifications="true" logException="true" doc:name="On Error Continue" doc:id="cc1f2bf7-43b3-4a83-bd1e-8aed5367ed99" when="#[ ((error.errorMessage.attributes.statusCode == p('workday.unauthorisedToken') as Number) or (error.errorMessage.attributes.statusCode == p('workday.forbidden') as Number) or ((error.exception.errorMessage.typedValue.^mimeType == &quot;text/xml&quot;) and ((error.exception.errorMessage.typedValue.&quot;Envelope&quot;.&quot;Body&quot;.&quot;Fault&quot;[1] default &quot;&quot;) contains &quot;invalid username or password&quot;)))]">
					<flow-ref doc:name="logResponseError" doc:id="99cbd637-0c5e-4264-abfa-f7b471376c37" name="logResponseError"/>
					<flow-ref doc:name="pgr-finerp-payment-sy-workday-token-retry-subfl" doc:id="c014a949-d695-488c-bb05-731b41fac763" name="pgr-finerp-payment-sy-workday-token-retry-subfl"/>
				</on-error-continue>
			
				<on-error-propagate enableNotifications="true" logException="true" doc:name="On Error Propagate" doc:id="8b8bbbbc-4a2b-443c-b155-1c4835035bf2" type="HTTP:BAD_REQUEST">
					<flow-ref doc:name="logResponseError" doc:id="80fe2222-444a-4ec7-90a9-abdff3d0eccb" name="logResponseError"/>
					<ee:transform doc:name="BAD_REQUEST" doc:id="3f444bbd-e91d-420c-8bb3-e468612a8ae5" >
								<ee:message >
								</ee:message>
								<ee:variables >
									<ee:set-variable variableName="httpStatus" ><![CDATA[%dw 2.0
output application/java
---
503]]></ee:set-variable>
										<ee:set-variable variableName="workdayDowntime" ><![CDATA[%dw 2.0
output application/java
---
true]]></ee:set-variable>
								
</ee:variables>
							</ee:transform>
							<raise-error doc:name="Raise error" doc:id="96ace0ac-eaac-4525-84a2-51ab2e6fd511" type="${customError.technicalError}" description="${workday.badRequestResponse}"/>
				
</on-error-propagate>
				
				<on-error-propagate enableNotifications="true" logException="true" doc:name="On Error Propagate" doc:id="04dc37eb-7dfe-476e-a87a-96f8c2c56461" when="((error.errorMessage.payload.Envelope.Body.Fault.faultstring default &quot;&quot;) contains  &quot;is not a valid ID value for type = 'Miscellaneous_Payment_Request_Reference_ID'&quot;)" type="HTTP:INTERNAL_SERVER_ERROR">
					<flow-ref doc:name="logResponseError" doc:id="31800bae-c780-42f8-93fd-75564013eb5b" name="logResponseError"/>
				<ee:transform doc:name="404" doc:id="f092e4ad-c010-4758-b3de-2d3a0ca06490" >
							<ee:message >
							</ee:message>
							<ee:variables >
								<ee:set-variable variableName="httpStatus" ><![CDATA[%dw 2.0
output application/java
---
"404"]]></ee:set-variable>
								<ee:set-variable variableName="workdayDowntime" ><![CDATA[%dw 2.0
output application/java
---
false]]></ee:set-variable>
							<ee:set-variable resource="dwl/getPayment-errorMessage.dwl" variableName="errorMessage" />
							</ee:variables>
						</ee:transform>
						<raise-error doc:name="Raise error" doc:id="c7c340fe-972a-4bf9-8c5c-07dbdcfaef85" type="${customError.businessError}" description='PROCESSING_ERROR: No paymentReferenceId found in WD'/>
				
				</on-error-propagate>
				
				<on-error-propagate enableNotifications="true" logException="true" doc:name="On Error Propagate" doc:id="79c4c853-3700-4fe3-8c1d-8a3cf2b57376" when='if (error.errorMessage.payload.^mediaType != "text/xml; charset=UTF-8") ((error.errorMessage.payload default "") contains  "503 : Service unavailable") else false' type="HTTP:INTERNAL_SERVER_ERROR">
					<flow-ref doc:name="logResponseError" doc:id="4de212dd-be52-4835-87b7-1518246eb827" name="logResponseError"/>
				<ee:transform doc:name="503" doc:id="5c861b4a-7ad9-4ecb-967d-ad34a58a8d35" >
							<ee:message >
							</ee:message>
							<ee:variables >
								<ee:set-variable variableName="httpStatus" ><![CDATA[%dw 2.0
output application/java
---
"503"]]></ee:set-variable>
								<ee:set-variable variableName="workdayDowntime" ><![CDATA[%dw 2.0
output application/java
---
true]]></ee:set-variable>
							</ee:variables>
						</ee:transform>
						<raise-error doc:name="Raise error" doc:id="0dbff94f-8ef3-4e83-a245-dd0f8e93cec4" type="${customError.technicalError}" description='${workday.unavailableResponse}'/>
				
				</on-error-propagate>
			<on-error-propagate enableNotifications="true" logException="true" doc:name="On Error Propagate" doc:id="c62458ea-1092-4759-b1cc-1e38bba19bc5" type="ANY">
					<flow-ref doc:name="logResponseError" doc:id="bd1e25e7-a65a-46a9-b665-ba1ccc39f1e2" name="logResponseError"/>
					<flow-ref doc:name="payment-main-workday-downtime-error-subfl" doc:id="7baef9a3-b31f-4303-adcd-972a765715fe" name="pgr-finerp-payment-main-workday-downtime-error-subfl"/>
				</on-error-propagate>
				
</error-handler>
		</try>
	</sub-flow>
	<sub-flow name="pgr-finerp-payment-sy-approved-payment-input-fields-check-subfl" doc:id="7f74b131-b27b-48d7-8360-22358d791006" >
						<choice doc:name="Choice" doc:id="41a59671-4f46-4a82-9dc3-59ad31876a27" >
			<when expression="#[isEmpty(payload.paymentReferenceId) or isEmpty(payload.disbursementId)]">
				<ee:transform doc:name="set statusCode" doc:id="a7d57605-5911-4d7c-b5c2-63230449e7aa">
					<ee:message />
					<ee:variables>
						<ee:set-variable variableName="httpStatus"><![CDATA[%dw 2.0
output application/java
---
400]]></ee:set-variable>
						<ee:set-variable variableName="workdayDowntime"><![CDATA[%dw 2.0
output application/java
---
false]]></ee:set-variable>
					</ee:variables>
				</ee:transform>
				<raise-error doc:name="bad request" doc:id="cafcf378-8ec4-4090-a987-6f88b3e2b2a2" type="${customError.businessError}" description="${customError.invalidPatchRequest.approved.errorDecs}" />
			</when>
		</choice>
		
	</sub-flow>
	
	<sub-flow name="pgr-finerp-payment-sy-wid-empty-check-subfl" doc:id="8d13331d-345a-4b67-8d15-d591430ea6c5" >
						<choice doc:name="Choice" doc:id="310bb3bd-1c35-4470-837b-adf47ea5e437" >
			<when expression="#[isEmpty(payload.wid)]">
				<ee:transform doc:name="set statusCode" doc:id="9584ed24-958f-47b2-aa96-3cf6cfa7a637">
					<ee:message />
					<ee:variables>
						<ee:set-variable variableName="httpStatus"><![CDATA[%dw 2.0
output application/java
---
400]]></ee:set-variable>
						<ee:set-variable variableName="workdayDowntime"><![CDATA[%dw 2.0
output application/java
---
false]]></ee:set-variable>
					</ee:variables>
				</ee:transform>
				<raise-error doc:name="bad request" doc:id="fee731c6-2287-48d9-b0c0-9e37b2f35f91" type="${customError.businessError}" description="${customError.invalidPatchRequest.stopped.errorDecs}" />
			</when>
		</choice>
		
	</sub-flow>
	

</mule>
