<?xml version="1.0" encoding="UTF-8"?>

<mule xmlns:os="http://www.mulesoft.org/schema/mule/os"
	xmlns:http="http://www.mulesoft.org/schema/mule/http"
	xmlns:ee="http://www.mulesoft.org/schema/mule/ee/core" xmlns="http://www.mulesoft.org/schema/mule/core"
	xmlns:doc="http://www.mulesoft.org/schema/mule/documentation"
	xmlns:xsi="http://www.w3.org/2001/XMLSchema-instance" xsi:schemaLocation="
http://www.mulesoft.org/schema/mule/http http://www.mulesoft.org/schema/mule/http/current/mule-http.xsd 
http://www.mulesoft.org/schema/mule/ee/core http://www.mulesoft.org/schema/mule/ee/core/current/mule-ee.xsd http://www.mulesoft.org/schema/mule/core http://www.mulesoft.org/schema/mule/core/current/mule.xsd
http://www.mulesoft.org/schema/mule/os http://www.mulesoft.org/schema/mule/os/current/mule-os.xsd">
	<sub-flow name="pgr-finerp-payment-sy-digital-payment-update-status-subfl" doc:id="e3dcc4ae-e199-4168-8b7a-e74beb0674cd" >
		<ee:transform doc:name="flowName" doc:id="6727b742-a2fb-48ea-be8d-cd4839d2bdd6">
			<ee:message />
			<ee:variables>
				<ee:set-variable variableName="serviceLoggingVars"><![CDATA[%dw 2.0
output application/java
---
(vars.serviceLoggingVars update {
		case flowName at .flowName -> p("flowName.updatePayment")
	})]]></ee:set-variable>
			</ee:variables>
		</ee:transform>
		<flow-ref doc:name="pgr-finerp-payment-sy-update-digital-payment-subfl" doc:id="dfeaaf00-76f7-4c64-ac6d-cd14c023f003" name="pgr-finerp-payment-sy-update-digital-payment-subfl" />
        

</sub-flow>
	<sub-flow name="pgr-finerp-payment-sy-update-digital-payment-subfl" doc:id="05b6e9ee-cf5d-44e9-9f69-e135a70d561d" >
		<try doc:name="Try" doc:id="2b098a18-199f-4037-b78d-24a600dfd957" >
			<flow-ref doc:name="logEntryInfo" doc:id="a2f11035-16c1-41f5-8eb4-38f21366ab1e" name="logEntryInfo"/>
			
			<set-variable value="${flowName.payments.digital.update}" doc:name="Set flow-ref call" doc:id="b260268d-e8fe-4c2e-af3e-3be958b38262" variableName="dynamicFlowName" />
			<flow-ref doc:name="pgr-finerp-payment-sy-workday-token-call-subfl" doc:id="61672d34-3f20-40f0-ac69-e17495e62700" name="pgr-finerp-payment-sy-workday-token-call-subfl"/>
			<try doc:name="Try" doc:id="66706194-c440-489a-8af3-5a14cdde9972" >
				<ee:transform doc:name="Update Digital Misc Xform payment data" doc:id="29dd9a8b-16d3-4242-9ce0-6e261449dad3">
									<ee:message>
										<ee:set-payload resource="dwl/Update Digital Misc Xform payment data.dwl" />

									</ee:message>
								</ee:transform>
				<error-handler >
				<on-error-propagate enableNotifications="true" logException="true" doc:name="On Error Propagate" doc:id="08d2b026-a5ec-40d0-b9e1-dd6dbc15fdd9" type="EXPRESSION" when='#[error.description contains("PROCESSING_ERROR:")]'>
					<ee:transform doc:name="Processing error" doc:id="fc2ae25f-21f1-4152-8174-c11aff87920e" >
						<ee:message >
						</ee:message>
						<ee:variables >
								<ee:set-variable resource="dwl/processErrorMessage.dwl" variableName="errorMessage" />
						

</ee:variables>
					</ee:transform>
				</on-error-propagate>
			</error-handler>
					</try>
			<ee:transform doc:name="Target WD" doc:id="19b29611-1e75-438d-9819-48c5ad6db432" >
				<ee:message >
				</ee:message>
			<ee:variables>
					<ee:set-variable variableName="target"><![CDATA[%dw 2.0
output application/java
---
"Workday"]]></ee:set-variable>
				</ee:variables>
			</ee:transform>
			<set-variable value="#[payload]" doc:name="requestPayload" doc:id="31e204a6-45d5-4b16-93a1-c65390667fad" variableName="requestPayload" />
			<set-variable value="#[%dw 2.0
output application/json
---
{
&quot;targetURL&quot;: Mule::p('secure::workday.host') ++ Mule::p('secure::workday.miscellaneousPayment.WDPath'),
&quot;requestParams&quot;: {
    &quot;headers&quot; :
			{
				&quot;Authorization&quot; : &quot;Bearer &quot; ++ vars.token as String,
				&quot;Content-Type&quot; : &quot;application/xml&quot;
			}
        		}
}]" doc:name="requestAttributes" doc:id="06d85cd5-3c4c-4ad5-ab0f-1bf378dbd7f7" variableName="requestAttributes" />
			<flow-ref doc:name="logRequestInfo" doc:id="a6c64535-d220-44e6-8487-f9cf9e5449c5" name="logRequestInfo"/>
			
			
			<http:request method="POST" doc:name="Update digital payment in WD" doc:id="5fe97cca-375f-4db3-985a-8e8ae5610a2a" config-ref="Generic_Payment_WD_Request_Configuration" path="${secure::workday.miscellaneousPayment.WDPath}">
			<http:body ><![CDATA[#[vars.requestPayload]]]></http:body>
				<http:headers><![CDATA[#[output application/java
---
vars.requestAttributes.requestParams.headers]]]></http:headers>
		</http:request>
		<set-variable value="#[payload]" doc:name="responsePayload" doc:id="889521ec-2267-4144-b5ab-d6b245824d91" variableName="responsePayload" />
			<flow-ref doc:name="logResponseInfo" doc:id="d54a6486-df51-4c59-a7da-30bc2f8e261c" name="logResponseInfo" />
			
		<flow-ref doc:name="pgr-finerp-payment-main-workday-downtime-200-validator-subfl" doc:id="1d1efa2d-da4e-4bfe-93e9-5435d46b5b25" name="pgr-finerp-payment-main-workday-downtime-200-validator-subfl"/>
			<flow-ref doc:name="logExitInfo" doc:id="2f74664e-f42a-4d28-ad5c-a0971feceeae" name="logExitInfo"/>
			<error-handler >
				<on-error-propagate enableNotifications="true" logException="true" doc:name="On Error Propagate" doc:id="03a122eb-8692-4b92-b6a5-4966a2f2612f" type="HTTP:SERVICE_UNAVAILABLE">
					<flow-ref doc:name="logResponseError" doc:id="45d38ae9-966a-4dd4-bf49-dc264837dcf8" name="logResponseError"/>
				<ee:transform doc:name="503" doc:id="4a1dd8b8-a7a0-434e-918b-4e4037efab10">
							<ee:message>
							</ee:message>
							<ee:variables>
								<ee:set-variable variableName="httpStatus"><![CDATA[%dw 2.0
output application/java
---
"503"]]></ee:set-variable>
								<ee:set-variable variableName="workdayDowntime"><![CDATA[%dw 2.0
output application/java
---
true]]></ee:set-variable>
							</ee:variables>
						</ee:transform>
						<raise-error doc:name="Raise error" doc:id="d5d054d3-4ecd-4824-a571-4a4913966f76" type="${customError.technicalError}" description="${workday.unavailableResponse}" />
				
				</on-error-propagate>
				<on-error-continue enableNotifications="true" logException="true" doc:name="On Error Continue" doc:id="91660422-ca7d-4ca5-ae39-056bf07ee0cc" when="#[ ((error.errorMessage.attributes.statusCode == p('workday.unauthorisedToken') as Number) or (error.errorMessage.attributes.statusCode == p('workday.forbidden') as Number) or ((error.exception.errorMessage.typedValue.^mimeType == &quot;text/xml&quot;) and ((error.exception.errorMessage.typedValue.&quot;Envelope&quot;.&quot;Body&quot;.&quot;Fault&quot;[1] default &quot;&quot;) contains &quot;invalid username or password&quot;)))]">
					<flow-ref doc:name="logResponseError" doc:id="7d9522bb-11ab-403b-b266-a8e29122d55b" name="logResponseError"/>	
					<flow-ref doc:name="pgr-finerp-payment-sy-workday-token-retry-subfl" doc:id="f0589dee-6b77-4f70-bd2f-24aa7c8f5a9c" name="pgr-finerp-payment-sy-workday-token-retry-subfl"/>
				</on-error-continue>
				<on-error-propagate enableNotifications="true" logException="true" doc:name="On Error Propagate" doc:id="8b8bbbbc-4a2b-443c-b155-1c4835035bf2" type="HTTP:BAD_REQUEST">
					<flow-ref doc:name="logResponseError" doc:id="fd56cb49-7d00-4efc-b4fb-b85fd6466e50" name="logResponseError"/>	
					<ee:transform doc:name="BAD_REQUEST" doc:id="3f444bbd-e91d-420c-8bb3-e468612a8ae5" >
								<ee:message >
								</ee:message>
								<ee:variables >
									<ee:set-variable variableName="httpStatus" ><![CDATA[%dw 2.0
output application/java
---
503]]></ee:set-variable>
										<ee:set-variable variableName="workdayDowntime" ><![CDATA[%dw 2.0
output application/java
---
true]]></ee:set-variable>
								
</ee:variables>
							</ee:transform>
							<raise-error doc:name="Raise error" doc:id="96ace0ac-eaac-4525-84a2-51ab2e6fd511" type="${customError.technicalError}" description="${workday.badRequestResponse}"/>
				</on-error-propagate>
				<on-error-propagate enableNotifications="true" logException="true" doc:name="On Error Propagate" doc:id="b1221e70-0f93-44dd-b52c-cbcfcee849a2" when='if (error.errorMessage.payload.^mediaType != "text/xml; charset=UTF-8") ((error.errorMessage.payload default "") contains  "503 : Service unavailable") else false' type="HTTP:INTERNAL_SERVER_ERROR">
					<flow-ref doc:name="logResponseError" doc:id="eecc55b7-6b26-421f-8df9-519359d849d1" name="logResponseError"/>
				<ee:transform doc:name="503" doc:id="852a51cd-fb28-4ee6-83e2-ecf4c0248902" >
							<ee:message >
							</ee:message>
							<ee:variables >
								<ee:set-variable variableName="httpStatus" ><![CDATA[%dw 2.0
output application/java
---
"503"]]></ee:set-variable>
								<ee:set-variable variableName="workdayDowntime" ><![CDATA[%dw 2.0
output application/java
---
true]]></ee:set-variable>
							</ee:variables>
						</ee:transform>
						<raise-error doc:name="Raise error" doc:id="a073b346-31f0-4277-9a92-f185e84ca575" type="${customError.technicalError}" description='${workday.unavailableResponse}'/>
				
				</on-error-propagate>
				<on-error-propagate enableNotifications="true" logException="true" doc:name="On Error Propagate" doc:id="722e736c-eaa6-40b2-8038-f2951073611b" type="HTTP:INTERNAL_SERVER_ERROR">
					<flow-ref doc:name="logResponseError" doc:id="26603e37-9039-4522-8f34-c9630b764603" name="logResponseError"/>
					<ee:transform doc:name="INTERNAL_SERVER_ERROR" doc:id="654b9315-94da-4412-a19b-24548bde80d4" >
						<ee:message >
						</ee:message>
						<ee:variables >
							<ee:set-variable resource="dwl/errorMessage.dwl" variableName="errorMessage" />
							<ee:set-variable variableName="httpStatus" ><![CDATA[%dw 2.0
output application/java
---
"500"]]></ee:set-variable>
						</ee:variables>
					</ee:transform>
					<flow-ref doc:name="pgr-finerp-payment-main-workday-downtime-error-subfl" doc:id="56cc5ef7-b769-407a-8e24-c6d2cec35ca3" name="pgr-finerp-payment-main-workday-downtime-error-subfl"/>
				</on-error-propagate>
			<on-error-propagate enableNotifications="true" logException="true" doc:name="On Error Propagate" doc:id="c62458ea-1092-4759-b1cc-1e38bba19bc5" type="ANY">
					<flow-ref doc:name="logResponseError" doc:id="fd730397-424d-4cc2-88fa-89a36068813a" name="logResponseError"/>
					<flow-ref doc:name="payment-main-workday-downtime-error-subfl" doc:id="7baef9a3-b31f-4303-adcd-972a765715fe" name="pgr-finerp-payment-main-workday-downtime-error-subfl"/>
				</on-error-propagate>
</error-handler>
		</try>
	</sub-flow>
	<sub-flow name="pgr-finerp-payment-sy-update-digital-payment-SubmitStop-subfl" doc:id="4eea65bb-f797-4e76-9a71-ef9d94792f1d" >
		<try doc:name="Try" doc:id="21f09e2f-b2c5-4510-abbb-563249e34872" >
			<set-variable value="#[payload.wid]" doc:name="Set Variable" doc:id="8d7c9bdc-5642-499a-b4ff-ff0c5aa20197" variableName="wid"/>
			<set-variable value="${flowName.payments.digital.stop}" doc:name="Set flowName" doc:id="225bde79-5897-4d74-8f7e-14693abdf9bc" variableName="dynamicFlowName"/>
			<flow-ref doc:name="pgr-finerp-payment-sy-workday-token-call-subfl" doc:id="79199bef-af55-4677-b02a-527450547b41" name="pgr-finerp-payment-sy-workday-token-call-subfl"/>
			<ee:transform doc:name="Update Digital SubmitStop Xform payment data" doc:id="18eb7d25-fc99-415d-9074-37af39765329">
									<ee:message>
					<ee:set-payload resource="dwl/update_digital_submitStop_Xform_payment_data.dwl" />

									</ee:message>
				<ee:variables >
					
					 <ee:set-variable variableName="target" ><![CDATA[%dw 2.0
output application/java
---
"Workday"]]></ee:set-variable>
					<ee:set-variable variableName="serviceLoggingVars" ><![CDATA[%dw 2.0
output application/java
---
(vars.serviceLoggingVars update {
		case flowName at .flowName -> p('flowName.payments.digital.stop')
	})]]></ee:set-variable>
				</ee:variables>
								
</ee:transform>
<set-variable value="#[payload]" doc:name="requestPayload" doc:id="474d27a5-3742-4eb7-b757-5753bdf4f047" variableName="requestPayload" />
			<set-variable value="#[%dw 2.0
output application/json
---
{
&quot;targetURL&quot;: Mule::p('secure::workday.host') ++ Mule::p('secure::workday.SubmitStopItems.WDPath'),
&quot;requestParams&quot;: {
    &quot;headers&quot; :
			{
				&quot;Authorization&quot; : &quot;Bearer &quot; ++ vars.token as String,
				&quot;Content-Type&quot; : &quot;application/xml&quot;
			}
        		}
}]" doc:name="requestAttributes" doc:id="87f5cb09-0df1-46a3-984d-8079323c4667" variableName="requestAttributes" />
			<flow-ref doc:name="logRequestInfo" doc:id="4087a904-dc0b-4b03-9ee9-714e055eb9b6" name="logRequestInfo"/>

			<http:request method="POST" doc:name="Update stopSubmitItem in WD" doc:id="e985b3a4-cddd-48a6-aacf-aa72925d4e4e" config-ref="Generic_Payment_WD_Request_Configuration" path="${secure::workday.SubmitStopItems.WDPath}" outputMimeType="application/xml">
			<http:body ><![CDATA[#[vars.requestPayload]]]></http:body>
				<http:headers><![CDATA[#[output application/java
---
vars.requestAttributes.requestParams.headers]]]></http:headers>
		</http:request>
		<set-variable value="#[payload]" doc:name="responsePayload" doc:id="b056ee9a-05e1-4db2-b44c-c3d3aa8558a9" variableName="responsePayload" />
			<flow-ref doc:name="logResponseInfo" doc:id="d21b8a6a-6faa-46c4-b3a2-1c459cba193a" name="logResponseInfo" />
			
			<set-variable value="#[now()]" doc:name="Current DateTime" doc:id="6b0f07dc-d3f6-42de-943f-b06251670fc1" variableName="currentDateTime" />
			<ee:transform doc:name="Set Final Response" doc:id="c2d1a69e-def4-419c-a38a-066ace35fc8b" >
				<ee:message >
					<ee:set-payload resource="dwl/submitStop-success-response.dwl" />
				</ee:message>
			</ee:transform>
			<error-handler >
				<on-error-propagate enableNotifications="true" logException="true" doc:name="On Error Propagate" doc:id="3b866761-c798-44af-87fa-0af130b3da06" type="HTTP:SERVICE_UNAVAILABLE">
					<flow-ref doc:name="logResponseError" doc:id="970f930f-c08a-4b28-9aff-6b6c31bd5c90" name="logResponseError"/>
				<ee:transform doc:name="503" doc:id="fd345b40-18f7-4403-9f3f-14fc497611f2">
							<ee:message>
							</ee:message>
							<ee:variables>
								<ee:set-variable variableName="httpStatus"><![CDATA[%dw 2.0
output application/java
---
"503"]]></ee:set-variable>
								<ee:set-variable variableName="workdayDowntime"><![CDATA[%dw 2.0
output application/java
---
true]]></ee:set-variable>
							</ee:variables>
						</ee:transform>
						<raise-error doc:name="Raise error" doc:id="22b8c2f9-4b53-4d16-b90e-914d8f6ba87c" type="${customError.technicalError}" description="${workday.unavailableResponse}" />
				
				</on-error-propagate>

<on-error-propagate enableNotifications="true" logException="true" doc:name="On Error Propagate" doc:id="abf4febd-0623-4071-be49-f7d1a26bb8ba" when='if (error.errorMessage.payload.^mediaType != "text/xml; charset=UTF-8") ((error.errorMessage.payload default "") contains  "503 : Service unavailable") else false' type="HTTP:INTERNAL_SERVER_ERROR">
					<flow-ref doc:name="logResponseError" doc:id="17013aba-1b9f-4a1a-98ac-9b6fb5877375" name="logResponseError"/>
				<ee:transform doc:name="503" doc:id="a3dc70d3-aa59-4fab-9700-daac8c024713" >
							<ee:message >
							</ee:message>
							<ee:variables >
								<ee:set-variable variableName="httpStatus" ><![CDATA[%dw 2.0
output application/java
---
"503"]]></ee:set-variable>
								<ee:set-variable variableName="workdayDowntime" ><![CDATA[%dw 2.0
output application/java
---
true]]></ee:set-variable>
							</ee:variables>
						</ee:transform>
						<raise-error doc:name="Raise error" doc:id="4dc0ccf1-1444-4f01-a905-628044aacabd" type="${customError.technicalError}" description='${workday.unavailableResponse}'/>
				
				</on-error-propagate>
				
				<on-error-continue enableNotifications="true" logException="true" doc:name="On Error Continue" doc:id="0e31079d-817c-4607-92ce-4f41a8a25725" when="#[ ((error.errorMessage.attributes.statusCode == p('workday.unauthorisedToken') as Number) or (error.errorMessage.attributes.statusCode == p('workday.forbidden') as Number) or ((error.exception.errorMessage.typedValue.^mimeType == &quot;text/xml&quot;) and ((error.exception.errorMessage.typedValue.&quot;Envelope&quot;.&quot;Body&quot;.&quot;Fault&quot;[1] default &quot;&quot;) contains &quot;invalid username or password&quot;)))]">
					<flow-ref doc:name="logResponseError" doc:id="6b44e750-fc56-4f13-9802-85c692f75301" name="logResponseError"/>
					<flow-ref doc:name="pgr-finerp-payment-sy-workday-token-retry-subfl" doc:id="ec83ab15-16ec-47b8-a281-138553a2a1c5" name="pgr-finerp-payment-sy-workday-token-retry-subfl"/>
				</on-error-continue>
				<on-error-propagate enableNotifications="true" logException="true" doc:name="On Error Propagate" doc:id="3ce9e9fd-f7bc-401d-be20-42677725688c" type="HTTP:INTERNAL_SERVER_ERROR" when='((error.errorMessage.payload.Envelope.Body.Fault.faultstring default "") contains  "Cannot resolve instance from Workday Id if id is null")'>
					<flow-ref doc:name="logResponseError" doc:id="d4df81ab-791f-49f6-a969-b3689c19130a" name="logResponseError"/>
					<ee:transform doc:name="BAD_REQUEST" doc:id="6559c8af-d363-4d89-a61b-76e12831b3cc" >
								<ee:message >
								</ee:message>
								<ee:variables >
									<ee:set-variable variableName="httpStatus" ><![CDATA[%dw 2.0
output application/java
---
"400"]]></ee:set-variable>
										<ee:set-variable variableName="workdayDowntime" ><![CDATA[%dw 2.0
output application/java
---
true]]></ee:set-variable>
							<ee:set-variable resource="dwl/submitStoperrorMessage.dwl" variableName="errorMessage" />
								

</ee:variables>
							</ee:transform>
							<raise-error doc:name="business error" doc:id="d50906e6-f432-45f6-862e-48c0db697688" type="${customError.businessError}" description='#[error.errorMessage.payload.Envelope.Body.Fault.detail.Validation_Fault.Validation_Error.Message default ""]'/>
				</on-error-propagate>
				
				<on-error-propagate enableNotifications="true" logException="true" doc:name="On Error Propagate" doc:id="269820c4-555b-4d23-8036-87e4241c14a6" type="HTTP:INTERNAL_SERVER_ERROR" when="((error.errorMessage.payload.Envelope.Body.Fault.faultstring default &quot;&quot;) contains  &quot;is not a valid ID value for type = 'WID'&quot;)">
					<flow-ref doc:name="logResponseError" doc:id="c7366d7f-605f-479c-8cb7-425d9219ffb3" name="logResponseError"/>
					<ee:transform doc:name="404_NOT FOUND" doc:id="36049b3b-33f8-4651-8df4-e4166b232ef3" >
						<ee:message >
						</ee:message>
						<ee:variables >
							<ee:set-variable variableName="httpStatus" ><![CDATA[%dw 2.0
output application/java
---
"404"]]></ee:set-variable>
							<ee:set-variable resource="dwl/submitStoperrorMessage.dwl" variableName="errorMessage" />
						
</ee:variables>
					</ee:transform>
					<raise-error doc:name="business error" doc:id="01e24643-5adf-46af-9955-38c0724e5e3d" type="${customError.businessError}" description='#[error.errorMessage.payload.Envelope.Body.Fault.detail.Validation_Fault.Validation_Error.Message default ""]'/>
				
</on-error-propagate>
			<on-error-propagate enableNotifications="true" logException="true" doc:name="On Error Propagate" doc:id="6e54cd2a-06c6-42cc-a0ee-8671cb135f7f" type="ANY">
					<flow-ref doc:name="logResponseError" doc:id="770bad6c-76fd-4d6f-a267-072c33290364" name="logResponseError"/>
					<flow-ref doc:name="payment-main-workday-downtime-error-subfl" doc:id="26d2badd-3700-4970-864e-68e3f26d69ea" name="pgr-finerp-payment-main-workday-downtime-error-subfl"/>
				</on-error-propagate>
</error-handler>
		</try>
	</sub-flow>
	
</mule>
