<?xml version="1.0" encoding="UTF-8"?>

<mule xmlns:http="http://www.mulesoft.org/schema/mule/http" xmlns:ee="http://www.mulesoft.org/schema/mule/ee/core"
	xmlns="http://www.mulesoft.org/schema/mule/core"
	xmlns:doc="http://www.mulesoft.org/schema/mule/documentation" xmlns:xsi="http://www.w3.org/2001/XMLSchema-instance" xsi:schemaLocation="http://www.mulesoft.org/schema/mule/core http://www.mulesoft.org/schema/mule/core/current/mule.xsd
http://www.mulesoft.org/schema/mule/ee/core http://www.mulesoft.org/schema/mule/ee/core/current/mule-ee.xsd
http://www.mulesoft.org/schema/mule/http http://www.mulesoft.org/schema/mule/http/current/mule-http.xsd">
	<sub-flow name="pgr-finerp-payment-sy-getInvoice-id-subfl" doc:id="6ac4242d-2436-43a2-acfd-3123ae5586be" >
		<try doc:name="Try" doc:id="d39f36da-2bbd-4ff9-b76e-33223059cda5" >
			<ee:transform doc:name="update flowName" doc:id="78b92a55-f162-43da-ae27-456a5b264f3e" >
				<ee:message >
				</ee:message>
				<ee:variables >
					<ee:set-variable variableName="serviceLoggingVars" ><![CDATA[%dw 2.0
output application/json skipNullOn='everywhere'
---

(vars.serviceLoggingVars)  update {
        case flowName at .flowName -> p('flowName.invoice.getId')
}]]></ee:set-variable>
				</ee:variables>
			</ee:transform>
			<flow-ref doc:name="pgr-finerp-payment-sy-workday-token-call-subfl" doc:id="06439ed9-e852-4bff-8a87-7beb736cfee2" name="pgr-finerp-payment-sy-workday-token-call-subfl"/>
			<ee:transform doc:name="requestAttributes" doc:id="8e9806f3-15d9-44c3-ab86-6509034b7dfa" >
				<ee:message >
				</ee:message>
				<ee:variables >
					<ee:set-variable variableName="requestPayload" ><![CDATA[%dw 2.0
output application/json
---
{
}]]></ee:set-variable>
					<ee:set-variable variableName="requestAttributes" ><![CDATA[%dw 2.0
output application/json
---
{
"targetURL": Mule::p('secure::workday.host') ++ Mule::p('secure::workday.supplierInvoice.getInvoiceIdPath'),
"requestParams": {
    "headers" :
			{
				"Authorization" : "Bearer " ++ vars.token as String,
				"Content-Type" : p('getinvoiceWD.retrieve.contentType')
			},
	"QueryParams": 
			{
   	"sourceInvoiceRefNbr": vars.serviceLoggingVars.sourceInvoiceRefNbr,
	"invoiceSourceCode": vars.serviceLoggingVars.invoiceSourceCode,
	"invoiceNbr": vars.serviceLoggingVars.invoiceNbr
		                  
}
        		}
}]]></ee:set-variable>
				</ee:variables>
			</ee:transform>
			<flow-ref doc:name="logRequestInfo" doc:id="4d214d94-dd8f-4441-a24d-d2422b98d029" name="logRequestInfo"/>
			<http:request method="GET" doc:name="Call wd supplier invoice report" doc:id="0cb86f32-e51b-4a05-9adf-b09d206b6c1f" config-ref="Generic_Payment_WD_Request_Configuration" path="${secure::workday.supplierInvoice.getInvoiceIdPath}">
				<http:headers ><![CDATA[#[output application/java
---
vars.requestAttributes.requestParams.headers]]]></http:headers>
				<http:query-params ><![CDATA[#[output application/java
---
vars.requestAttributes.requestParams.QueryParams]]]></http:query-params>
			</http:request>
			<choice doc:name="Choice" doc:id="fdf71557-23fb-4c94-88b2-c2ebe83ffd6a" >
				<when expression='#[%dw 2.0&#10;output application/json&#10;---&#10;isEmpty(payload.Report_Data.Report_Entry.paymentRequestRefId)]'>
					<http:request method="GET" doc:name="Call wd misc invoice report" doc:id="828038b3-4324-4174-b50c-40ff67d96c79" config-ref="Generic_Payment_WD_Request_Configuration" path="${secure::workday.miscellaneousPayment.getInvoiceIdPath}">
						<http:headers ><![CDATA[#[output application/java
---
vars.requestAttributes.requestParams.headers]]]></http:headers>
						<http:query-params ><![CDATA[#[output application/java
---
vars.requestAttributes.requestParams.QueryParams]]]></http:query-params>
					</http:request>
					<set-variable value="#[false]" doc:name="miscInvoiceFlag" doc:id="9e9dfe05-4c51-4306-8c83-ed4610e4ff9a" variableName="miscInvoiceFlag"/>
					<choice doc:name="Choice" doc:id="af357b02-989a-44ca-b545-076c656658f5" >
						<when expression="#[%dw 2.0&#10;output application/json&#10;---&#10;isEmpty(payload.Report_Data.Report_Entry.paymentRequestRefId)]">
							<ee:transform doc:name="404" doc:id="4fd74f04-714d-41e5-baf4-7c12b5f5ec5f" >
								<ee:message >
								</ee:message>
								<ee:variables >
									<ee:set-variable variableName="httpStatus" ><![CDATA["404"]]></ee:set-variable>
									<ee:set-variable variableName="errorMessage" ><![CDATA[%dw 2.0
output application/json
---
{

	errorField : Mule::p("customError.noInvoicesFound.dependentFields"),
	errorValue : vars.serviceLoggingVars.invoiceNbr,
	errorReason: Mule::p("customError.noInvoicesFound.errorDecs")
//	errorLineNumber: "" 
}]]></ee:set-variable>
								</ee:variables>
							</ee:transform>
							<raise-error doc:name="invoice not found in WD" doc:id="8f244a96-85e2-48e2-a286-f571ad846d92" type="${customError.businessError}" description="${getinvoiceWD.notExist}"/>
						</when>
					</choice>
				</when>
			</choice>
			<ee:transform doc:name="responsePayload" doc:id="931ba91c-e892-451e-b066-4a991a6ce14b" >
				<ee:message >
				</ee:message>
				<ee:variables >
					<ee:set-variable variableName="responsePayload" ><![CDATA[%dw 2.0
output application/json skipNullOn="everywhere"
---

   		payload.Report_Data.*Report_Entry map ( reportEntry , indexOfReportEntry ) -> {
	paymentRequestRefId: reportEntry.paymentRequestRefId default "",
	paymentNbr: reportEntry.paymentNbr as Number default null,
	isSupplierInvoice: if(isEmpty(vars.miscInvoiceFlag)) true else false,
	status: reportEntry.status.@Descriptor default ""
	   
  }
]]></ee:set-variable>
				</ee:variables>
			</ee:transform>
			<flow-ref doc:name="logResponseInfo" doc:id="31c8f350-4bf6-425d-a94b-ebb885ae0650" name="logResponseInfo"/>
			<ee:transform doc:name="Success response" doc:id="fc12a9d9-21b9-4369-9d68-26ba5571982e" >
				<ee:message >
					<ee:set-payload ><![CDATA[%dw 2.0
output application/json
---
{
  eventTimeStamp: now(),
  serviceName: p('mainAppName'),
  correlationId: vars.serviceLoggingVars.correlationId,
  transactionLevel: p('getInvoice.status'),
  flowName: vars.serviceLoggingVars.flowName,
  sourceTransactionId: vars.serviceLoggingVars.sourceTransactionId,
  result: {
    status: p('getInvoice.status'),
    code: p('getInvoice.code'),
    message: p('getInvoice.message'),
    content: vars.responsePayload
}
}]]></ee:set-payload>
				</ee:message>
			</ee:transform>
			<error-handler >
				<on-error-propagate enableNotifications="true" logException="true" doc:name="On Error Propagate" doc:id="f975c432-4f58-4beb-b546-7e7140f042cc" type="HTTP:SERVICE_UNAVAILABLE">
					<flow-ref doc:name="logResponseError" doc:id="33251a44-3e87-4e10-9924-7aadd24e70b6" name="logResponseError"/>		
		       <ee:transform doc:name="503" doc:id="c057c493-fa05-4c9a-b968-0040cf4e0351" >
						<ee:message >
						</ee:message>
						<ee:variables >
							<ee:set-variable variableName="httpStatus" ><![CDATA["503"]]></ee:set-variable>
							<ee:set-variable variableName="workdayDowntime" ><![CDATA[%dw 2.0
output application/java
---
true]]></ee:set-variable>
						</ee:variables>
					</ee:transform>
					<raise-error doc:name="Raise error" doc:id="11d287b2-2cc2-4a89-a21f-02e2f5491757" type="${customError.technicalError}" description="${workday.unavailableResponse}"/>
				</on-error-propagate>
				<on-error-propagate enableNotifications="true" logException="true" doc:name="On Error Propagate" doc:id="bd715188-5783-4ac3-9192-ac01fe212064" type="HTTP:INTERNAL_SERVER_ERROR" when='if (error.errorMessage.payload.^mediaType != "text/xml; charset=UTF-8") ((error.errorMessage.payload default "") contains  "503 : Service unavailable") else false'>
					<flow-ref doc:name="logResponseError" doc:id="3f670690-45bb-4ad0-91ca-b20365510add" name="logResponseError"/>
					<ee:transform doc:name="503" doc:id="2a94c5f8-d540-4511-a259-6fc5f2ee884e" >
						<ee:message >
						</ee:message>
						<ee:variables >
							<ee:set-variable variableName="httpStatus" ><![CDATA["503"]]></ee:set-variable>
							<ee:set-variable variableName="workdayDowntime" ><![CDATA[%dw 2.0
output application/java
---
true]]></ee:set-variable>
						</ee:variables>
					</ee:transform>
					<raise-error doc:name="Raise error" doc:id="0f56d828-8bd8-4076-ac50-4204b01a7b7b" type="${customError.technicalError}" description="${workday.unavailableResponse}"/>
				</on-error-propagate>
				<on-error-continue enableNotifications="true" logException="true" doc:name="On Error Continue" doc:id="3712ee2a-0bda-4255-aa12-38f734b4e16d" when="#[ ((error.errorMessage.attributes.statusCode == p('workday.unauthorisedToken') as Number) or (error.errorMessage.attributes.statusCode == p('workday.forbidden') as Number) or ((error.exception.errorMessage.typedValue.^mimeType == &quot;text/xml&quot;) and ((error.exception.errorMessage.typedValue.&quot;Envelope&quot;.&quot;Body&quot;.&quot;Fault&quot;[1] default &quot;&quot;) contains &quot;invalid username or password&quot;)))]">
					<flow-ref doc:name="logResponseError" doc:id="9b3fe102-9711-4431-b862-350f82655b35" name="logResponseError"/>
					<flow-ref doc:name="pgr-finerp-payment-sy-workday-token-retry-subfl" doc:id="99183f01-dbc8-443d-9b2d-a12f3c8fe8e0" name="pgr-finerp-payment-sy-workday-token-retry-subfl"/>
				</on-error-continue>
				<on-error-propagate enableNotifications="true" logException="true" doc:name="On Error Propagate" doc:id="9bf918ff-ffbe-44d7-a552-72c1af9d1d25" type="ANY">
					<flow-ref doc:name="logResponseError" doc:id="1fdf3b59-2a8e-4390-91b0-a4e6ab3e7d3f" name="logResponseError"/>
					<flow-ref doc:name="pgr-finerp-payment-main-workday-downtime-error-subfl" doc:id="f114ce85-b0dc-44a9-9bc3-ae51f2bbe79f" name="pgr-finerp-payment-main-workday-downtime-error-subfl"/>
				</on-error-propagate>
			</error-handler>
		</try>
	</sub-flow>
</mule>
