<?xml version="1.0" encoding="UTF-8"?>

<mule xmlns:os="http://www.mulesoft.org/schema/mule/os"
	xmlns:http="http://www.mulesoft.org/schema/mule/http"
	xmlns:ee="http://www.mulesoft.org/schema/mule/ee/core" xmlns="http://www.mulesoft.org/schema/mule/core"
	xmlns:doc="http://www.mulesoft.org/schema/mule/documentation"
	xmlns:xsi="http://www.w3.org/2001/XMLSchema-instance" xsi:schemaLocation="
http://www.mulesoft.org/schema/mule/http http://www.mulesoft.org/schema/mule/http/current/mule-http.xsd 
http://www.mulesoft.org/schema/mule/ee/core http://www.mulesoft.org/schema/mule/ee/core/current/mule-ee.xsd http://www.mulesoft.org/schema/mule/core http://www.mulesoft.org/schema/mule/core/current/mule.xsd
http://www.mulesoft.org/schema/mule/os http://www.mulesoft.org/schema/mule/os/current/mule-os.xsd">
	<sub-flow name="pgr-finerp-payment-sy-patch-invoice-subfl" doc:id="e65b36c9-f64f-44a7-bb51-ba70f47fd45d" >
		<ee:transform doc:name="flowName" doc:id="d9ce64de-6e2d-435f-aacf-b3b66fc21fcf" >
			<ee:message >
			</ee:message>
			<ee:variables >
				<ee:set-variable variableName="inputPayload" ><![CDATA[%dw 2.0
output application/json
---
payload]]></ee:set-variable>
				<ee:set-variable variableName="serviceLoggingVars" ><![CDATA[%dw 2.0
output application/java
---
(vars.serviceLoggingVars update {
		case flowName at .flowName -> p("flowName.invoice.patch")
	})]]></ee:set-variable>
			</ee:variables>
		</ee:transform>
		<flow-ref doc:name="pgr-finerp-payment-sy-get-digital-Payments-subfl" doc:id="70a5cd06-3a51-48df-a9a0-3247842c8e6f" name="pgr-finerp-payment-sy-get-digital-Payments-subfl" target="getPaymentResponse"/>
		<ee:transform doc:name="update flowName" doc:id="75220775-5d13-431c-8cca-97c2f986967d">
			<ee:message />
			<ee:variables>
				<ee:set-variable variableName="serviceLoggingVars"><![CDATA[%dw 2.0
output application/java
---
(vars.serviceLoggingVars update {
		case flowName at .flowName -> p("flowName.invoice.patch")
	})]]></ee:set-variable>
			</ee:variables>
		</ee:transform>
		<flow-ref doc:name="rateManual-lookup-subfl" doc:id="2079f6a2-633b-4209-b6fe-17203fb91d3b" name="rateManual-lookup-subfl"/>
		<flow-ref doc:name="asl-lookup-subfl" doc:id="edc75984-d1a5-47a8-900c-7ebbaf9499da" name="asl-lookup-subfl"/>
		<ee:transform doc:name="Update addLines &amp; Remove reverse lines" doc:id="558d9bf2-edf8-4eb0-b943-a199dbeaea1e" >
			<ee:message >
			</ee:message>
			<ee:variables >
				<ee:set-variable resource="dwl/updatedAddLines.dwl" variableName="updatedLines" />
				<ee:set-variable resource="dwl/removeReverseLines.dwl" variableName="removeReverseLines" />
			</ee:variables>
		</ee:transform>
		<ee:transform doc:name="mergeLines" doc:id="5d990a15-68f5-4bba-a19a-5dd28d952c31" >
			<ee:message >
			</ee:message>
			<ee:variables >
				<ee:set-variable resource="dwl/mergeLines.dwl" variableName="mergeLines" />
				<ee:set-variable variableName="paymentRequestRefId" ><![CDATA[%dw 2.0
output application/java
---
if( attributes.queryParams.paymentRequestRefId != null) attributes.queryParams.paymentRequestRefId
else if ((!isEmpty(vars.inputPayload)) and (vars.inputPayload.paymentRequestRefId !=null)) vars.inputPayload.paymentRequestRefId
else vars.paymentRequestRefId]]></ee:set-variable>
			</ee:variables>
		</ee:transform>
		 <flow-ref doc:name="pgr-finerp-payment-sy-miscellaneous-payments-status-wd-subfl" doc:id="af4f8245-c65b-468e-ae61-5b67d57a59ce" name="pgr-finerp-payment-sy-miscellaneous-payments-status-wd-subfl" target="getWdMiscPaymentStatusResponse"/> 
		<ee:transform doc:name="miscPaymentStatus" doc:id="4f432152-dc15-4e5a-8680-a0f73ab19b5b" >
			<ee:message >
			</ee:message>
			<ee:variables >
				<ee:set-variable resource="dwl/invoicePatch/getWdMiscPaymentStatusResponse.dwl" variableName="getWdMiscPaymentStatusResponse" />
			</ee:variables>
		</ee:transform>
		<flow-ref doc:name="pgr-finerp-payment-sy-update-invoice-subfl" doc:id="f6f2408b-7d9f-428b-b0b6-6e52da708f2f" name="pgr-finerp-payment-sy-update-invoice-subfl"/>
		<ee:transform doc:name="succes response" doc:id="9d2985c5-482b-42a7-8ef6-31f5c2b8ec88" >
			<ee:message >
				<ee:set-payload resource="dwl/patchInvoice-successResponse.dwl" />
			</ee:message>
		</ee:transform>
	</sub-flow>
	<sub-flow name="pgr-finerp-payment-sy-update-invoice-subfl" doc:id="89b69f90-a69e-4d8a-b16a-a13a0a34a947" >
		<try doc:name="Try" doc:id="f2a19348-21c3-4a2f-8b4e-6c400f697df3" >
			<set-variable value="${flowName.payments.updateInvoice}" doc:name="Set flowName" doc:id="91b2b765-b0f4-4535-af12-c560aca08904" variableName="dynamicFlowName"/>
<flow-ref doc:name="pgr-finerp-payment-sy-workday-token-call-subfl" doc:id="78566fd1-6269-4064-89c4-43c135bbd51a" name="pgr-finerp-payment-sy-workday-token-call-subfl"/>
			<ee:transform doc:name="Update Misc  Invoice Xform payment data" doc:id="bf42a500-6156-47df-a79c-76fdc5ca76e7">
									<ee:message>
						<ee:set-payload resource="dwl/patch-invoice-update-request.dwl" />

									
</ee:message>
								</ee:transform>
			<ee:transform doc:name="Target WD" doc:id="ffabd7d4-69aa-4340-a8fc-2f47c2e6bbad" >
				<ee:message >
				</ee:message>
			<ee:variables>
					<ee:set-variable variableName="target"><![CDATA[%dw 2.0
output application/java
---
"Workday"]]></ee:set-variable>
				</ee:variables>
			</ee:transform>
			<set-variable value="#[payload]" doc:name="requestPayload" doc:id="7630865c-4e04-405f-af3d-66ccd48627f0" variableName="requestPayload" />
			<set-variable value="#[%dw 2.0
output application/json
---
{
&quot;targetURL&quot;: Mule::p('secure::workday.host') ++ Mule::p('secure::workday.miscellaneousPayment.WDPath'),
&quot;requestParams&quot;: {
    &quot;headers&quot; :
			{
				&quot;Authorization&quot; : &quot;Bearer &quot; ++ vars.token as String,
				&quot;Content-Type&quot; : &quot;application/xml&quot;
			}
        		}
}]" doc:name="requestAttributes" doc:id="c86c6dcf-f7a2-439f-a724-9dcea2def83f" variableName="requestAttributes" />
			<flow-ref doc:name="logRequestInfo" doc:id="5debe800-0646-44a3-bd6f-4b3fd2e13d34" name="logRequestInfo"/>
			
			
			<http:request method="POST" doc:name="Update invoice payment in WD" doc:id="0b15ea46-cf10-4d52-bdce-dbd25ecdc7f1" config-ref="Generic_Payment_WD_Request_Configuration" path="${secure::workday.miscellaneousPayment.WDPath}">
			<http:body ><![CDATA[#[vars.requestPayload]]]></http:body>
				<http:headers><![CDATA[#[output application/java
---
vars.requestAttributes.requestParams.headers]]]></http:headers>
		</http:request>
		<set-variable value="#[payload]" doc:name="responsePayload" doc:id="95de8e2a-810f-40bb-9e5b-a8cfb717ce48" variableName="responsePayload" />
			<flow-ref doc:name="logResponseInfo" doc:id="8ebf64e1-ac7c-4c01-a8a1-71674e477948" name="logResponseInfo" />
			
		<flow-ref doc:name="pgr-finerp-payment-main-workday-downtime-200-validator-subfl" doc:id="f1891fbf-9b09-4efa-9d0f-3cdb66da643d" name="pgr-finerp-payment-main-workday-downtime-200-validator-subfl"/>
			<error-handler >
				<on-error-propagate enableNotifications="true" logException="true" doc:name="On Error Propagate" doc:id="ad80197a-af13-41c0-9f53-883326ceedae" type="HTTP:SERVICE_UNAVAILABLE">
					<flow-ref doc:name="logResponseError" doc:id="0ce0eb2c-9009-49a9-97c3-6b7d367b185a" name="logResponseError"/>
				<ee:transform doc:name="503" doc:id="e28329ab-94d2-475f-9e79-333b449f6638">
							<ee:message>
							</ee:message>
							<ee:variables>
								<ee:set-variable variableName="httpStatus"><![CDATA[%dw 2.0
output application/java
---
"503"]]></ee:set-variable>
								<ee:set-variable variableName="workdayDowntime"><![CDATA[%dw 2.0
output application/java
---
true]]></ee:set-variable>
							</ee:variables>
						</ee:transform>
						<raise-error doc:name="Raise error" doc:id="831e4b16-f69e-4541-9886-16a2a69f480c" type="${customError.technicalError}" description="${workday.unavailableResponse}" />
				
				</on-error-propagate>

<on-error-propagate enableNotifications="true" logException="true" doc:name="On Error Propagate" doc:id="eb244f7c-6c7c-4136-bb28-a33a4ff9d695" when='if (error.errorMessage.payload.^mediaType != "text/xml; charset=UTF-8") ((error.errorMessage.payload default "") contains  "503 : Service unavailable") else false' type="HTTP:INTERNAL_SERVER_ERROR">
					<flow-ref doc:name="logResponseError" doc:id="7722c16b-b3e5-4c7d-af7a-63310fa84775" name="logResponseError"/>
				<ee:transform doc:name="503" doc:id="b9ada8ef-8469-49cf-a848-a787c4469cc9" >
							<ee:message >
							</ee:message>
							<ee:variables >
								<ee:set-variable variableName="httpStatus" ><![CDATA[%dw 2.0
output application/java
---
"503"]]></ee:set-variable>
								<ee:set-variable variableName="workdayDowntime" ><![CDATA[%dw 2.0
output application/java
---
true]]></ee:set-variable>
							</ee:variables>
						</ee:transform>
						<raise-error doc:name="Raise error" doc:id="73bfd7c7-981d-42e4-9dc2-147ad110b3c3" type="${customError.technicalError}" description='${workday.unavailableResponse}'/>
				
				</on-error-propagate>
				
				<on-error-continue enableNotifications="true" logException="true" doc:name="On Error Continue" doc:id="21ca6fa2-eee3-4507-b361-cf1e874d4cb4" when="#[ ((error.errorMessage.attributes.statusCode == p('workday.unauthorisedToken') as Number) or (error.errorMessage.attributes.statusCode == p('workday.forbidden') as Number) or ((error.exception.errorMessage.typedValue.^mimeType == &quot;text/xml&quot;) and ((error.exception.errorMessage.typedValue.&quot;Envelope&quot;.&quot;Body&quot;.&quot;Fault&quot;[1] default &quot;&quot;) contains &quot;invalid username or password&quot;)))]">
					<flow-ref doc:name="logResponseError" doc:id="9e092825-b500-4439-890e-4cecde156b6f" name="logResponseError"/>
					<flow-ref doc:name="pgr-finerp-payment-sy-workday-token-retry-subfl" doc:id="8c52b02c-8157-4786-a65b-b6f7596239ec" name="pgr-finerp-payment-sy-workday-token-retry-subfl"/>
				</on-error-continue>
				<on-error-propagate enableNotifications="true" logException="true" doc:name="On Error Propagate" doc:id="3d83e5f4-fe5e-4fab-bf1a-bf53e547a74e" type="HTTP:BAD_REQUEST">
					<flow-ref doc:name="logResponseError" doc:id="9b8bcf1f-a775-4887-b7df-d990328a6463" name="logResponseError"/>
					<ee:transform doc:name="BAD_REQUEST" doc:id="5e12d275-2ffa-44fa-aa49-e4b35f70b66c" >
								<ee:message >
								</ee:message>
								<ee:variables >
									<ee:set-variable variableName="httpStatus" ><![CDATA[%dw 2.0
output application/java
---
503]]></ee:set-variable>
										<ee:set-variable variableName="workdayDowntime" ><![CDATA[%dw 2.0
output application/java
---
true]]></ee:set-variable>
								
</ee:variables>
							</ee:transform>
							<raise-error doc:name="Raise error" doc:id="5b54226d-3874-4e3f-95d0-035cc7988f9c" type="${customError.technicalError}" description="${workday.badRequestResponse}"/>
				</on-error-propagate>
				
				<on-error-propagate enableNotifications="true" logException="true" doc:name="On Error Propagate" doc:id="e565f0b1-bb87-4b30-b90b-17342d6bcc7c" type="HTTP:INTERNAL_SERVER_ERROR">
					<flow-ref doc:name="logResponseError" doc:id="86fbf233-d96b-4370-befa-ddc627caf81d" name="logResponseError"/>
					<ee:transform doc:name="INTERNAL_SERVER_ERROR" doc:id="38ed5c6b-9995-4871-9613-f08fdddefd2d" >
						<ee:message >
						</ee:message>
						<ee:variables >
							<ee:set-variable variableName="httpStatus" ><![CDATA[%dw 2.0
output application/java
---
"500"]]></ee:set-variable>
							<ee:set-variable resource="dwl/updateInvoice-errorMessage.dwl" variableName="errorMessage" />
						
</ee:variables>
					</ee:transform>
					<flow-ref doc:name="pgr-finerp-payment-main-workday-downtime-error-subfl" doc:id="91cac799-0e0a-4a49-89cd-1c809b6a8a5c" name="pgr-finerp-payment-main-workday-downtime-error-subfl"/>
				</on-error-propagate>
			<on-error-propagate enableNotifications="true" logException="true" doc:name="On Error Propagate" doc:id="fe937770-2c30-47b0-a331-4be731873dce" type="ANY">
					<flow-ref doc:name="logResponseError" doc:id="cc46d1e8-5950-4f80-a7d5-f9969cef1a09" name="logResponseError"/>
					<flow-ref doc:name="payment-main-workday-downtime-error-subfl" doc:id="82ed2720-9eec-42e6-92cf-c931f0841e0c" name="pgr-finerp-payment-main-workday-downtime-error-subfl"/>
				</on-error-propagate>
</error-handler>
		</try>
</sub-flow>
</mule>
