<?xml version="1.0" encoding="UTF-8"?>

<mule xmlns:oauth="http://www.mulesoft.org/schema/mule/oauth"
	xmlns:os="http://www.mulesoft.org/schema/mule/os"
	xmlns:http="http://www.mulesoft.org/schema/mule/http" xmlns:ee="http://www.mulesoft.org/schema/mule/ee/core"
	xmlns="http://www.mulesoft.org/schema/mule/core"
	xmlns:doc="http://www.mulesoft.org/schema/mule/documentation" xmlns:xsi="http://www.w3.org/2001/XMLSchema-instance" xsi:schemaLocation="
http://www.mulesoft.org/schema/mule/http http://www.mulesoft.org/schema/mule/http/current/mule-http.xsd 
http://www.mulesoft.org/schema/mule/ee/core http://www.mulesoft.org/schema/mule/ee/core/current/mule-ee.xsd http://www.mulesoft.org/schema/mule/core http://www.mulesoft.org/schema/mule/core/current/mule.xsd
http://www.mulesoft.org/schema/mule/os http://www.mulesoft.org/schema/mule/os/current/mule-os.xsd
http://www.mulesoft.org/schema/mule/oauth http://www.mulesoft.org/schema/mule/oauth/current/mule-oauth.xsd">
	
	<sub-flow name="getInvoiceStatus-supplier-invoice" doc:id="1a4d6874-c0f2-4292-bc61-08f0caf44ef9" >
		<try doc:name="Try" doc:id="99892e99-8abd-4c28-84e4-e786f989ab9c" >
			<set-variable value="${flowName.invoiceStatus.getSupplierStatus}" doc:name="Set flowName" doc:id="60bbd977-8c7e-46ae-8cde-b57171ff383a" variableName="dynamicFlowName"/>
			<flow-ref doc:name="pgr-finerp-payment-sy-workday-token-call-subfl" doc:id="852e6e0b-32f8-484b-850b-884bf90116d3" name="pgr-finerp-payment-sy-workday-token-call-subfl"/>
			
			<set-variable value="#[payload]" doc:name="requestPayload" doc:id="47f9fe0d-849e-4d8c-a227-dc9ae540e4e9" variableName="requestPayload" />
			<set-variable value="#[%dw 2.0
output application/json
---
{
&quot;targetURL&quot;: Mule::p('secure::workday.host') ++ Mule::p('secure::workday.supplierInvoice.getinvoiceStatus'),
&quot;requestParams&quot;: {
    &quot;headers&quot; :
			{
				&quot;Authorization&quot; : &quot;Bearer &quot; ++ vars.token as String,
				&quot;Content-Type&quot; : p('getinvoiceWD.retrieve.contentType')
			},
	&quot;QueryParams&quot;: 
			{
   	&quot;sourceInvoiceRefNbr&quot;: vars.serviceLoggingVars.sourceInvoiceRefNbr,
	&quot;invoiceSourceCode&quot;: vars.serviceLoggingVars.invoiceSourceCode,
	&quot;format&quot;: p('getinvoiceWD.retrieve.formatXml')
		                  
}
        		}
}]" doc:name="requestAttributes" doc:id="ffb4b7cd-27e9-4ffa-bdc3-f5a85949d809" variableName="requestAttributes" />
			<flow-ref doc:name="logRequestInfo" doc:id="a4f9528c-cf96-4318-9fe5-4d560ea555bc" name="logRequestInfo" />
			<http:request method="GET" doc:name="Retrieve payment detail from WD" doc:id="aaae0e11-1277-43d9-9908-227c41ca93c6" config-ref="Generic_Payment_WD_Request_Configuration" path="${secure::workday.supplierInvoice.getinvoiceStatus}">
				<http:headers><![CDATA[#[output application/java
---
vars.requestAttributes.requestParams.headers]]]></http:headers>
				<http:query-params ><![CDATA[#[output application/java
---
vars.requestAttributes.requestParams.QueryParams]]]></http:query-params>
		
</http:request>
			<set-variable value='#[%dw 2.0
&#10;output text/plain
&#10;---
&#10;write(payload, "text/xml")]' doc:name="responsePayload" doc:id="1dd539c4-a15e-4173-a6f0-52fd990fd0ed" variableName="responsePayload" />
			<flow-ref doc:name="logResponseInfo" doc:id="ae84956e-935c-4a7c-a522-dce260ef9542" name="logResponseInfo" />
 			<ee:transform doc:name="Supplier output response" doc:id="d6e1ccd0-e381-47c2-9c4c-dd850283b380">
				<ee:message>
					<ee:set-payload resource="dwl/invoiceStatusWorkDay/supplierInvoiceStatus.dwl" />
				
</ee:message>
				<ee:variables>
				</ee:variables>
			</ee:transform>
			<flow-ref doc:name="pgr-finerp-payment-main-workday-downtime-200-validator-subfl" doc:id="fcc7b042-6267-4216-9c2d-bac5ea5fb680" name="pgr-finerp-payment-main-workday-downtime-200-validator-subfl" />
			<error-handler >
				
			    <on-error-propagate enableNotifications="true" logException="true" doc:name="On Error Propagate" doc:id="20f6c822-d345-4dae-82fd-146bf90a7574" type="HTTP:SERVICE_UNAVAILABLE">
					<flow-ref doc:name="logResponseError" doc:id="57d7b087-d1e9-4fe7-9afb-667ac257ad98" name="logResponseError"/>
					<ee:transform doc:name="503" doc:id="819c5f1e-b976-4a23-bbb4-11881ad32d9e">
							<ee:message>
							</ee:message>
							<ee:variables>
								<ee:set-variable variableName="httpStatus"><![CDATA[%dw 2.0
output application/java
---
"503"]]></ee:set-variable>
								<ee:set-variable variableName="workdayDowntime"><![CDATA[%dw 2.0
output application/java
---
true]]></ee:set-variable>
							</ee:variables>
						</ee:transform>
						<raise-error doc:name="Raise error" doc:id="5ea3385e-9951-4534-a918-d45007760a7d" type="${customError.technicalError}" description="${workday.unavailableResponse}" />
				
				</on-error-propagate>

<on-error-propagate enableNotifications="true" logException="true" doc:name="On Error Propagate" doc:id="bafabdf8-7827-4104-a4e4-d34f7c974ef2" when='if (error.errorMessage.payload.^mediaType != "text/xml; charset=UTF-8") ((error.errorMessage.payload default "") contains  "503 : Service unavailable") else false' type="HTTP:INTERNAL_SERVER_ERROR">
					<flow-ref doc:name="logResponseError" doc:id="1530a92f-72f3-4b36-9184-fe487e5f3782" name="logResponseError"/>	
				<ee:transform doc:name="503" doc:id="04cdb247-dd95-4da7-9558-209475634b1a" >
							<ee:message >
							</ee:message>
							<ee:variables >
								<ee:set-variable variableName="httpStatus" ><![CDATA[%dw 2.0
output application/java
---
"503"]]></ee:set-variable>
								<ee:set-variable variableName="workdayDowntime" ><![CDATA[%dw 2.0
output application/java
---
true]]></ee:set-variable>
							</ee:variables>
						</ee:transform>
						<raise-error doc:name="Raise error" doc:id="a0bf678b-6698-400f-b3fc-42413c196d7f" type="${customError.technicalError}" description='${workday.unavailableResponse}'/>
				
				</on-error-propagate>
				
			    <on-error-continue enableNotifications="true" logException="true" doc:name="On Error Continue" doc:id="ca272608-2058-46c1-bef5-a5eeb25c15ae" when="#[ ((error.errorMessage.attributes.statusCode == p('workday.unauthorisedToken') as Number) or (error.errorMessage.attributes.statusCode == p('workday.forbidden') as Number) or ((error.exception.errorMessage.typedValue.^mimeType == &quot;text/xml&quot;) and ((error.exception.errorMessage.typedValue.&quot;Envelope&quot;.&quot;Body&quot;.&quot;Fault&quot;[1] default &quot;&quot;) contains &quot;invalid username or password&quot;)))]">
					<flow-ref doc:name="logResponseError" doc:id="0f5acb0c-47c6-41ff-8032-36eb58826b22" name="logResponseError"/>	
					<flow-ref doc:name="pgr-finerp-payment-sy-workday-token-retry-subfl" doc:id="be10804e-daf8-4c42-b1b0-ac75825f8d3f" name="pgr-finerp-payment-sy-workday-token-retry-subfl"/>
				</on-error-continue>
			    <on-error-propagate enableNotifications="true" logException="true" doc:name="On Error Propagate" doc:id="57a0e7a1-a93c-4350-8817-4dd6646c87fb" type="HTTP:BAD_REQUEST">
					<flow-ref doc:name="logResponseError" doc:id="35b86cdb-04ee-44db-90da-66ebe9cc6b3d" name="logResponseError"/>
					<ee:transform doc:name="BAD_REQUEST" doc:id="a9b2480a-3ef5-4d60-adf2-90394279b5ef" >
						<ee:message />
						<ee:variables >
							<ee:set-variable variableName="httpStatus" ><![CDATA[%dw 2.0
output application/java
---
503]]></ee:set-variable>
							<ee:set-variable variableName="workdayDowntime" ><![CDATA[%dw 2.0
output application/java
---
true]]></ee:set-variable>
						</ee:variables>
					</ee:transform>
					<raise-error doc:name="technical error" doc:id="f4a49e19-8da6-4fd4-b2f8-3dddebc5468b" type="${customError.technicalError}" description="${workday.badRequestResponse}" />
				</on-error-propagate>
				<on-error-propagate enableNotifications="true" logException="true" doc:name="On Error Propagate" doc:id="b71c8d89-5009-4a73-8a01-29fc53a59ace" type="ANY">
					<flow-ref doc:name="logResponseError" doc:id="5cd0efe6-1cdc-4889-868e-92ab07cea0c8" name="logResponseError"/>
					<flow-ref doc:name="payment-main-workday-downtime-error-subfl" doc:id="8f48499d-4a28-4a21-a932-bb72a32bdf83" name="pgr-finerp-payment-main-workday-downtime-error-subfl" />
				</on-error-propagate>
			

</error-handler>
		</try>
	</sub-flow>
	<sub-flow name="getInvoiceStatus-misc-payment" doc:id="66e61e67-0ea0-425f-8c97-f1de5491f095" >
		<try doc:name="Try" doc:id="b1084695-6e0f-4a85-bd5b-d899f8d5d592" >
			<set-variable value="${flowName.invoiceStatus.getMiscStatus}" doc:name="Set flowName" doc:id="f2161223-c750-468c-a677-316700e51843" variableName="dynamicFlowName"/>
<flow-ref doc:name="pgr-finerp-payment-sy-workday-token-call-subfl" doc:id="1d5aeec6-b0f9-464b-98ba-17ed858bf691" name="pgr-finerp-payment-sy-workday-token-call-subfl"/>
			<set-variable value="#[payload]" doc:name="requestPayload" doc:id="7183686c-b89f-4a3f-920d-282fc1bb3c72" variableName="requestPayload" />
			<set-variable value="#[%dw 2.0
output application/json
---
{
&quot;targetURL&quot;: Mule::p('secure::workday.host') ++ Mule::p('secure::workday.miscellaneousPayment.getinvoiceStatus'),
&quot;requestParams&quot;: {
    &quot;headers&quot; :
			{
				&quot;Authorization&quot; : &quot;Bearer &quot; ++ vars.token as String,
				&quot;Content-Type&quot; : p('getinvoiceWD.retrieve.contentType')
			},
	&quot;QueryParams&quot;: 
			{
   	&quot;sourceInvoiceRefNbr&quot;: vars.serviceLoggingVars.sourceInvoiceRefNbr,
	&quot;invoiceSourceCode&quot;: vars.serviceLoggingVars.invoiceSourceCode,
	&quot;format&quot;: p('getinvoiceWD.retrieve.formatXml')
		                  
}
        		}
}]" doc:name="requestAttributes" doc:id="2cd9bec6-6b8e-4396-9eff-73b6b3335212" variableName="requestAttributes" />
			<flow-ref doc:name="logRequestInfo" doc:id="9a1ea359-1e61-4110-ab91-8892e9c8cd9a" name="logRequestInfo" />
			<http:request method="GET" doc:name="Retrieve payment detail from WD" doc:id="62b37f5f-dbc6-4a68-8a5c-28928fc37422" config-ref="Generic_Payment_WD_Request_Configuration" path="${secure::workday.miscellaneousPayment.getinvoiceStatus}">
				<http:headers><![CDATA[#[output application/java
---
vars.requestAttributes.requestParams.headers]]]></http:headers>
				<http:query-params ><![CDATA[#[output application/java
---
vars.requestAttributes.requestParams.QueryParams]]]></http:query-params>
		
</http:request>
			<set-variable value='#[%dw 2.0
&#10;output text/plain
&#10;---
&#10;write(payload, "text/xml")]' doc:name="responsePayload" doc:id="acaddf3e-0209-4be1-8202-95cbd65e400d" variableName="responsePayload" />
			<flow-ref doc:name="logResponseInfo" doc:id="518410fa-2233-426e-b8d2-b56b27f28202" name="logResponseInfo" />

			<ee:transform doc:name="misc-payment-response" doc:id="877a9d3e-cf8b-4e72-abe5-3442203494a0">
				<ee:message>
					<ee:set-payload resource="dwl/invoiceStatusWorkDay/miscPaymentStatus.dwl" />
				
</ee:message>
				<ee:variables>
				</ee:variables>
			</ee:transform>
			<flow-ref doc:name="pgr-finerp-payment-main-workday-downtime-200-validator-subfl" doc:id="085d5c75-c610-4b5e-82e6-4f481958d430" name="pgr-finerp-payment-main-workday-downtime-200-validator-subfl" />
			<error-handler >
				<on-error-propagate enableNotifications="true" logException="true" doc:name="On Error Propagate" doc:id="075f9eb0-30a9-4972-9e66-03bbd4d1467b" type="HTTP:SERVICE_UNAVAILABLE">
					<flow-ref doc:name="logResponseError" doc:id="a0906d51-f76b-4c0b-a9c5-3bea23f42fbe" name="logResponseError"/>
				<ee:transform doc:name="503" doc:id="da232801-01c7-41f7-9056-64d6494e36f5">
							<ee:message>
							</ee:message>
							<ee:variables>
								<ee:set-variable variableName="httpStatus"><![CDATA[%dw 2.0
output application/java
---
"503"]]></ee:set-variable>
								<ee:set-variable variableName="workdayDowntime"><![CDATA[%dw 2.0
output application/java
---
true]]></ee:set-variable>
							</ee:variables>
						</ee:transform>
						<raise-error doc:name="Raise error" doc:id="e3b1006d-7673-45f4-9c4e-dfeed51c7b05" type="${customError.technicalError}" description="${workday.unavailableResponse}" />
				
				</on-error-propagate>

<on-error-propagate enableNotifications="true" logException="true" doc:name="On Error Propagate" doc:id="449cfd61-495e-4f54-99a9-cc4da41afbb2" when='if (error.errorMessage.payload.^mediaType != "text/xml; charset=UTF-8") ((error.errorMessage.payload default "") contains  "503 : Service unavailable") else false' type="HTTP:INTERNAL_SERVER_ERROR">
					<flow-ref doc:name="logResponseError" doc:id="40aa455b-44f8-400c-9742-af92a1028b11" name="logResponseError"/>
				<ee:transform doc:name="503" doc:id="995166d7-4990-4efa-85ef-4a996de5b1c4" >
							<ee:message >
							</ee:message>
							<ee:variables >
								<ee:set-variable variableName="httpStatus" ><![CDATA[%dw 2.0
output application/java
---
"503"]]></ee:set-variable>
								<ee:set-variable variableName="workdayDowntime" ><![CDATA[%dw 2.0
output application/java
---
true]]></ee:set-variable>
							</ee:variables>
						</ee:transform>
						<raise-error doc:name="Raise error" doc:id="506666bd-7935-480c-bff9-470848d22313" type="${customError.technicalError}" description='${workday.unavailableResponse}'/>
				
				</on-error-propagate>
				
				<on-error-continue enableNotifications="true" logException="true" doc:name="On Error Continue" doc:id="3aaaf345-f59c-430c-90da-a9b0c1a6921e" when="#[ ((error.errorMessage.attributes.statusCode == p('workday.unauthorisedToken') as Number) or (error.errorMessage.attributes.statusCode == p('workday.forbidden') as Number) or ((error.exception.errorMessage.typedValue.^mimeType == &quot;text/xml&quot;) and ((error.exception.errorMessage.typedValue.&quot;Envelope&quot;.&quot;Body&quot;.&quot;Fault&quot;[1] default &quot;&quot;) contains &quot;invalid username or password&quot;)))]">
					<flow-ref doc:name="logResponseError" doc:id="41003186-a68d-4727-a056-077c2af2b8d1" name="logResponseError"/>
					<flow-ref doc:name="pgr-finerp-payment-sy-workday-token-retry-subfl" doc:id="a36517a1-fdae-4720-ac63-87296a80365b" name="pgr-finerp-payment-sy-workday-token-retry-subfl"/>
				</on-error-continue>
				 <on-error-propagate enableNotifications="true" logException="true" doc:name="On Error Propagate" doc:id="8c8aa69e-6d50-42da-8dee-8be624271c01" type="HTTP:BAD_REQUEST">
					<flow-ref doc:name="logResponseError" doc:id="2b118e06-a16b-4626-8898-57e71f367124" name="logResponseError"/>
					<ee:transform doc:name="BAD_REQUEST" doc:id="0c969cad-d3eb-4481-b8ec-0157d1f7037c" >
						<ee:message />
						<ee:variables >
							<ee:set-variable variableName="httpStatus" ><![CDATA[%dw 2.0
output application/java
---
503]]></ee:set-variable>
							<ee:set-variable variableName="workdayDowntime" ><![CDATA[%dw 2.0
output application/java
---
true]]></ee:set-variable>
						</ee:variables>
					</ee:transform>
					<raise-error doc:name="technical error" doc:id="4c6dc75d-b69e-4b84-8aab-d830bc722add" type="${customError.technicalError}" description="${workday.badRequestResponse}" />
				</on-error-propagate>
				<on-error-propagate enableNotifications="true" logException="true" doc:name="On Error Propagate" doc:id="ab8bc537-6afd-40ef-8280-5a0dab95916f" type="ANY">
					<flow-ref doc:name="logResponseError" doc:id="b671157f-4199-4017-91ae-033fafb85694" name="logResponseError"/>
					<flow-ref doc:name="payment-main-workday-downtime-error-subfl" doc:id="421f5e86-3112-4412-b8fb-48335b384818" name="pgr-finerp-payment-main-workday-downtime-error-subfl" />
				</on-error-propagate>
			


</error-handler>
		</try>
	</sub-flow>
	<sub-flow name="pgr-finerp-payment-sy-invoiceStatus-retrieve-subfl" doc:id="7a373b68-bf47-4c46-bb2a-f0c346bd8708" >
		<ee:transform doc:name="flowname update" doc:id="b4463a0b-0262-4426-938e-ae0de353d776" >
			<ee:message >
			</ee:message>
			<ee:variables >
				<ee:set-variable resource="dwl/invoiceStatusWorkDay/flowNameUpdate.dwl" variableName="serviceLoggingVars" />
			</ee:variables>
		</ee:transform>
		<flow-ref doc:name="Flow Ref to retrieve invoice status from WD" doc:id="62472161-70a3-450e-8f5f-0fcbe6d29e1b" name="pgr-finerp-payment-sy-get-invoiceStatus-subfl"/>
		<ee:transform doc:name="Extract Output" doc:id="a7d5477e-9bde-4952-a081-ceed13fac403">
			<ee:message>
			</ee:message>
			<ee:variables >
				<ee:set-variable resource="dwl/invoiceStatusWorkDay/responseVar.dwl" variableName="response" />
			
</ee:variables>
		
</ee:transform>
		<ee:transform doc:name="error-variable" doc:id="caa034ae-eac9-459d-bbad-7629e1ef12fe" >
			<ee:message >
			</ee:message>
			<ee:variables >
				<ee:set-variable resource="dwl/invoiceStatusWorkDay/errorVariable.dwl" variableName="errorVar" />
			</ee:variables>
		</ee:transform>
		<choice doc:name="Choice" doc:id="322f8a00-e149-4aa4-95b6-587434523752" >
			<when expression="#[((vars.response.status != null) and (vars.response.status == p('getinvoiceWD.notExist')))]">
				<ee:transform doc:name="empty-response" doc:id="8cc1c4c8-889e-4260-ab16-123040456fe9" >
					<ee:message >
						<ee:set-payload resource="dwl/invoiceStatusWorkDay/recordNotFound404.dwl" />
					</ee:message>
					<ee:variables >
						<ee:set-variable variableName="httpStatus" ><![CDATA["404"]]></ee:set-variable>
					</ee:variables>
				</ee:transform>
			</when>
			<when expression="#[(((vars.response.status != null) and (vars.response.status == p('getinvoiceWD.errorVal'))) and ((vars.errorVar.errorCode != null) and (vars.errorVar.errorCode == 503)))]">
				<ee:transform doc:name="bad-request-error" doc:id="51d034ea-8a82-425e-8a8c-088c22af198a" >
					<ee:message >
					</ee:message>
					<ee:variables >
						<ee:set-variable variableName="httpStatus" ><![CDATA["503"]]></ee:set-variable>
						<ee:set-variable variableName="workdayDowntime" ><![CDATA[true]]></ee:set-variable>
					</ee:variables>
				</ee:transform>
 			<raise-error doc:name="bad-request" doc:id="bfe320f5-671a-40ac-93bd-5d09246d34ee" type="${customError.technicalError}" description="${customError.invoiceStatusWd.badRequest}" />
 			</when>
			<when expression="#[((vars.response.status != null) and (vars.response.status != p('getinvoiceWD.errorVal')) and (vars.response.status != p('getinvoiceWD.notExist')))]">
				<ee:transform doc:name="Success Response" doc:id="0f5eabe7-1e48-4238-8fda-a8e6d0eb9972">
			<ee:message>
						<ee:set-payload resource="dwl/invoiceStatusWorkDay/validSuccess.dwl" />
			
</ee:message>
		</ee:transform>
			</when>
			<otherwise >
				<ee:transform doc:name="other errorTypes" doc:id="576bdea8-a7d5-47d2-900e-a265ed8e5b1b" >
					<ee:message >
					</ee:message>
					<ee:variables >
						<ee:set-variable variableName="httpStatus" ><![CDATA[if((vars.errorVar.errorCode != null)) (vars.errorVar.errorCode) else "500"]]></ee:set-variable>
						<ee:set-variable variableName="workdayDowntime" ><![CDATA[if(!isEmpty(vars.workdayDowntime)) true else false]]></ee:set-variable>
						<ee:set-variable resource="dwl/invoiceStatusWorkDay/errorMessage.dwl" variableName="errorMessage" />
					</ee:variables>
				</ee:transform>
				<raise-error doc:name="any error" doc:id="b15926a8-0147-46d0-89c5-0984f6fa6cff" type="${customError.businessError}" description="${customError.invoiceStatusWd.otherError}" />
			</otherwise>
		</choice>
	</sub-flow>
	<sub-flow name="pgr-finerp-payment-sy-get-invoiceStatus-subfl" doc:id="15fe7d15-90ed-422a-ae51-561dfada30fd" >
		<try doc:name="Try" doc:id="dcf64cca-7d6d-4738-9591-f4fd42aa0a8b" >
					<scatter-gather doc:name="Scatter-Gather" doc:id="da329510-29c3-4f18-8ac7-0370ed5d5a87" >
				<route>
					<try doc:name="Try" doc:id="25f4eeea-a117-495d-b651-b8fd9c847fd3" >
						<flow-ref doc:name="getInvoiceStatus-misc-payment" doc:id="9e2be8ee-44d3-44ba-8c85-4a35ce6006bf" name="getInvoiceStatus-misc-payment" />
						<error-handler >
							<on-error-continue enableNotifications="true" logException="true" doc:name="On Error Continue" doc:id="59c91061-2eee-4e0b-94a7-cad312e6b302" type="PGR:TECHNICAL_ERROR">
								<ee:transform doc:name="bad request payload" doc:id="5db9e1ca-f787-4cca-b95b-552d3966585c" >
									<ee:message >
										<ee:set-payload resource="dwl/invoiceStatusWorkDay/MiscPaymentbadRequestPayload.dwl" />
									</ee:message>
									<ee:variables >
										<ee:set-variable variableName="miscError" ><![CDATA[error.description]]></ee:set-variable>
									</ee:variables>
								</ee:transform>
							
</on-error-continue>
							<on-error-continue enableNotifications="true" logException="true" doc:name="On Error Continue" doc:id="7b3b5ad5-b6b6-41ec-966f-0f9c6c1cef4d" type="ANY">
								<ee:transform doc:name="error payload" doc:id="fb18c6eb-84cd-4250-a205-8197f98a08f3" >
									<ee:message >
										<ee:set-payload resource="dwl/invoiceStatusWorkDay/MiscPaymentAnyError.dwl" />
									</ee:message>
									<ee:variables >
										<ee:set-variable variableName="miscError" ><![CDATA[error.description]]></ee:set-variable>
									</ee:variables>
								</ee:transform>
							</on-error-continue>
						
</error-handler>
					</try>
				
</route>
				<route>
					<try doc:name="Try" doc:id="cae4606e-c244-4dbb-8f0f-091e01d59bd9" >
						<flow-ref doc:name="getInvoiceStatus-supplier-invoice" doc:id="d1310179-886b-4669-b6fe-bda769231c7c" name="getInvoiceStatus-supplier-invoice" />
						<error-handler >
							<on-error-continue enableNotifications="true" logException="true" doc:name="On Error Continue" doc:id="c0526c62-5e50-4ed6-bf04-e737df492e79" type="PGR:TECHNICAL_ERROR">
								<ee:transform doc:name="bad request payload" doc:id="e1bdb379-1730-4147-9ed7-3ef589664d8f" >
									<ee:message >
										<ee:set-payload resource="dwl/invoiceStatusWorkDay/supplierInvoiceBadRequestPayload.dwl" />
									</ee:message>
									<ee:variables >
										<ee:set-variable variableName="supplierError" ><![CDATA[error.description]]></ee:set-variable>
									</ee:variables>
								</ee:transform>
							
</on-error-continue>
							<on-error-continue enableNotifications="true" logException="true" doc:name="On Error Continue" doc:id="1de9b2e8-b115-4d7d-904a-ba6b91dd3318" type="ANY">
								<ee:transform doc:name="error payload" doc:id="6ba4a205-97a4-42e5-90db-7bf92214bbab" >
									<ee:message >
										<ee:set-payload resource="dwl/invoiceStatusWorkDay/supplierInvoiceAnyErrorPayload.dwl" />
									</ee:message>
									<ee:variables >
										<ee:set-variable variableName="supplierError" ><![CDATA[error.description]]></ee:set-variable>
									</ee:variables>
								</ee:transform>
							</on-error-continue>
						
</error-handler>
					</try>
				</route>
			</scatter-gather>
			<ee:transform doc:name="scatter-gather-response" doc:id="92c59828-5cd6-4463-a4a5-2fc5565ff6cf" >
				<ee:message >
					<ee:set-payload resource="dwl/invoiceStatusWorkDay/scattergatherResponse.dwl" />
				
</ee:message>
			</ee:transform>
			<error-handler >
			<on-error-propagate enableNotifications="true" logException="true" doc:name="On Error Propagate" doc:id="4a90b81f-6d0b-4c1e-adcf-81fc9b6af98d" type="ANY">
					<flow-ref doc:name="payment-main-workday-downtime-error-subfl" doc:id="a96db41a-f3b1-4beb-846c-b0a245cb9537" name="pgr-finerp-payment-main-workday-downtime-error-subfl"/>
				</on-error-propagate>

</error-handler>
		</try>
	</sub-flow>
	</mule>
