<?xml version="1.0" encoding="UTF-8"?>

<mule xmlns:ee="http://www.mulesoft.org/schema/mule/ee/core" xmlns="http://www.mulesoft.org/schema/mule/core"
	xmlns:doc="http://www.mulesoft.org/schema/mule/documentation"
	xmlns:xsi="http://www.w3.org/2001/XMLSchema-instance" xsi:schemaLocation="http://www.mulesoft.org/schema/mule/core http://www.mulesoft.org/schema/mule/core/current/mule.xsd
http://www.mulesoft.org/schema/mule/ee/core http://www.mulesoft.org/schema/mule/ee/core/current/mule-ee.xsd">
	<sub-flow name="pgr-finerp-payment-sy-invoice-line-retrieve-subfl" doc:id="467abbe4-ed27-4c90-865a-541ea4521f72" >
		<ee:transform doc:name="Validate Query Parameters" doc:id="a4a11ece-7203-4afd-8770-23defcd13e95" >
			<ee:message />
			<ee:variables >
				<ee:set-variable variableName="isSupplierInvoice" ><![CDATA[attributes.queryParams.isSupplierInvoice]]></ee:set-variable>
				<ee:set-variable variableName="paymentRequestRefId" ><![CDATA[attributes.queryParams.paymentRequestRefId]]></ee:set-variable>
				<ee:set-variable resource="dwl/serviceLoggingVars-invoice-line-get-request.dwl" variableName="serviceLoggingVars" />
			</ee:variables>
		</ee:transform>
		<choice doc:name="Choice" doc:id="98104ae6-81d2-4987-861d-f789493c5e4f">
					<when expression='#[attributes.queryParams.isSupplierInvoice == "true"]'>
						<flow-ref doc:name="pgr-finerp-payment-sy-supplier-payments-status-wd-subfl" doc:id="8abefb9c-c762-4d8c-9037-2727756cf3fa" name="pgr-finerp-payment-sy-supplier-payments-status-wd-subfl" />
					</when>
					<otherwise>
						<set-variable value="#[attributes.queryParams.paymentRequestRefId]" doc:name="referenceId" doc:id="62dfbdf6-de19-4ba6-9a57-5c82723b8921" variableName="referenceId"/>
						<flow-ref doc:name="pgr-finerp-payment-sy-miscellaneous-payments-status-wd-subfl" doc:id="f618b554-bc7a-487b-9737-2449b54ce6b0" name="pgr-finerp-payment-sy-miscellaneous-payments-status-wd-subfl" />
					</otherwise>
				</choice>
		<set-variable value="#[attributes.statusCode]" doc:name="httpStatus" doc:id="d99584af-1a46-480a-a252-08824caccfd3" variableName="httpStatus" />
		<choice doc:name="Choice" doc:id="196873e5-fb83-4c89-9baf-27b0c4b8eded">
					<when expression="#[vars.httpStatus == 200]">
						<ee:transform doc:name="Success Response" doc:id="6d125369-6184-4fbe-9aed-7664cee00777">
							<ee:message>
						<ee:set-payload resource="dwl/invoice_line_retrieve-success_response.dwl" />
							</ee:message>
					<ee:variables >
						<ee:set-variable variableName="httpStatus" ><![CDATA[if(attributes.header.statusCode=='500') 404 else 200]]></ee:set-variable>
					</ee:variables>
						</ee:transform>
					</when>
					<otherwise>
						<ee:transform doc:name="Failure Response" doc:id="263c36e9-2caf-479f-9461-cd3b12676aff">
							<ee:message />
							<ee:variables>
								<ee:set-variable variableName="httpStatus"><![CDATA[404]]></ee:set-variable>
								<ee:set-variable resource="dwl/invoiceNotFoundErrorMessage.dwl" variableName="errorMessage" />
							</ee:variables>
						</ee:transform>
						<raise-error doc:name="Raise error" doc:id="755ecd85-ea44-48e3-ac8b-91194e60bdfb" type="${customError.businessError}" description="#[vars.errorMessage.errorReason]" />
					</otherwise>
				</choice>
	</sub-flow>
</mule>
