<?xml version="1.0" encoding="UTF-8"?>

<mule xmlns:os="http://www.mulesoft.org/schema/mule/os" xmlns:wsc="http://www.mulesoft.org/schema/mule/wsc"
	xmlns:tls="http://www.mulesoft.org/schema/mule/tls"
	xmlns:ee="http://www.mulesoft.org/schema/mule/ee/core" xmlns:http="http://www.mulesoft.org/schema/mule/http" xmlns="http://www.mulesoft.org/schema/mule/core" xmlns:doc="http://www.mulesoft.org/schema/mule/documentation" xmlns:xsi="http://www.w3.org/2001/XMLSchema-instance" xsi:schemaLocation="http://www.mulesoft.org/schema/mule/core http://www.mulesoft.org/schema/mule/core/current/mule.xsd
http://www.mulesoft.org/schema/mule/http http://www.mulesoft.org/schema/mule/http/current/mule-http.xsd
http://www.mulesoft.org/schema/mule/ee/core http://www.mulesoft.org/schema/mule/ee/core/current/mule-ee.xsd
http://www.mulesoft.org/schema/mule/tls http://www.mulesoft.org/schema/mule/tls/current/mule-tls.xsd
http://www.mulesoft.org/schema/mule/wsc http://www.mulesoft.org/schema/mule/wsc/current/mule-wsc.xsd
http://www.mulesoft.org/schema/mule/os http://www.mulesoft.org/schema/mule/os/current/mule-os.xsd">
	
	<sub-flow name="pgr-finerp-payment-sy-payment-cancel-invoice-subfl" doc:id="d5d672c2-9f6b-4506-a6f9-70d2285ae3eb" >
		<set-variable value="#[true]" doc:name="Set Flag" doc:id="43e8d426-b5e9-46d8-96d2-d942651a45dc" variableName="cancelInvoice"/>
		
		 <ee:transform doc:name="UpdateFlowName" doc:id="66fb7025-a53b-49fd-b1e6-70105e92041f" >
			<ee:message >
			</ee:message>
			<ee:variables >
				<ee:set-variable variableName="serviceLoggingVars" ><![CDATA[%dw 2.0
output application/java
---
(vars.serviceLoggingVars update {
		case flowName at .flowName -> p('flowName.invoice.delete')
	})]]></ee:set-variable>
			</ee:variables>
		</ee:transform>
		<flow-ref doc:name="pgr-finerp-payment-sy-miscellaneous-payments-reports-wd-subfl" doc:id="9699a306-b855-441e-b191-f1c868a5fd0f" name="pgr-finerp-payment-sy-miscellaneous-payments-reports-wd-subfl"/>
		<flow-ref doc:name="pgr-finerp-payment-sy-misc-cancel-invoice-wd-subfl" doc:id="0305e815-e552-4039-ae5a-a322739613f5" name="pgr-finerp-payment-sy-misc-cancel-invoice-wd-subfl"/>
		<choice doc:name="Choice" doc:id="38e6f859-3cfb-4946-a0d6-f4b618fc85a9" >
			<when expression="#[vars.miscPayment]">
				<logger level="DEBUG" doc:name="Logger" doc:id="df635448-3f24-46a5-9ecb-55ab1bcb9f44" message="Misc Cancel Invoice call got executed"/>
			</when>
			<otherwise>
				<flow-ref doc:name="pgr-finerp-payment-sy-supplier-invoice-cancel-wd-subfl" doc:id="0442b489-17b0-4a69-bac4-78b62d771cfd" name="pgr-finerp-payment-sy-supplier-invoice-cancel-wd-subfl" />
			</otherwise>
		</choice>
	</sub-flow>
	<sub-flow name="pgr-finerp-payment-sy-miscellaneous-payments-reports-wd-subfl" doc:id="3badbb76-b153-4d4c-85df-b5c15245a005" >
		<try doc:name="Try" doc:id="53223a52-21c3-4a8c-b3e9-2920017c2fac" >
			<set-variable value="${flowName.payments.wd.miscReports}" doc:name="Set flowName" doc:id="dd7d9aff-13e3-4f79-80fa-bf6b2ca4e16e" variableName="dynamicFlowName"/>
			<flow-ref doc:name="pgr-finerp-payment-sy-workday-token-call-subfl" doc:id="6433877a-092a-4262-9717-f32064c85323" name="pgr-finerp-payment-sy-workday-token-call-subfl"/>
			<ee:transform doc:name="requestParams" doc:id="c49e2126-1d23-492f-86fb-15a9600a3b43" >
				<ee:message >
				</ee:message>
				<ee:variables >
					<ee:set-variable variableName="requestPayload" ><![CDATA[payload]]></ee:set-variable>
					<ee:set-variable resource="dwl/requestParams/miscCancelInvoice.dwl" variableName="requestAttributes" />
				</ee:variables>
			</ee:transform>
			<flow-ref doc:name="logRequestInfo" doc:id="983305ff-ced1-4970-abe2-a5ff431ae15a" name="logRequestInfo"/>
			
			<http:request method="GET" doc:name="Send Misc Request To WD Report" doc:id="caec4688-d618-4946-9df5-396c9fb7a4ec" config-ref="Generic_Payment_WD_Request_Configuration" path="${secure::workday.miscellaneousPayment.cancelInvoicePath}">
			<http:body ><![CDATA[#[vars.requestPayload]]]></http:body>
				<http:headers><![CDATA[#[output application/java
---
vars.requestAttributes.requestParams.headers]]]></http:headers>
				<http:query-params ><![CDATA[#[output application/java
---
vars.requestAttributes.requestParams.QueryParams]]]></http:query-params>
		
</http:request>
<set-variable value="#[payload]" doc:name="responsePayload" doc:id="75b6c191-66a6-459b-a961-d70da3bf7a2d" variableName="responsePayload" />
			<flow-ref doc:name="logResponseInfo" doc:id="c1bf7c19-56c4-4849-89d0-8d3c3d4a2cae" name="logResponseInfo" />
			
		<flow-ref doc:name="pgr-finerp-payment-main-workday-downtime-200-validator-subfl" doc:id="9f8dd884-8bae-47e7-99bf-c1bc52566e2e" name="pgr-finerp-payment-main-workday-downtime-200-validator-subfl"/>
			<error-handler >
				<on-error-propagate enableNotifications="true" logException="true" doc:name="On Error Propagate" doc:id="cdf71dfb-fa95-4d9d-a805-d418fa3500d5" type="HTTP:SERVICE_UNAVAILABLE">
					<flow-ref doc:name="logResponseError" doc:id="b07da9db-16e0-4e66-9797-f9f60a76de87" name="logResponseError"/>
				<ee:transform doc:name="503" doc:id="052b0853-035e-4f1f-a432-6fca440a4d6f">
							<ee:message>
							</ee:message>
							<ee:variables>
								<ee:set-variable variableName="httpStatus"><![CDATA[%dw 2.0
output application/java
---
"503"]]></ee:set-variable>
								<ee:set-variable variableName="workdayDowntime"><![CDATA[%dw 2.0
output application/java
---
true]]></ee:set-variable>
							</ee:variables>
						</ee:transform>
						<raise-error doc:name="Raise error" doc:id="05a9de01-9a1d-4479-8ef7-8f7370b0632b" type="${customError.technicalError}" description="${workday.unavailableResponse}" />
				
				</on-error-propagate>

<on-error-propagate enableNotifications="true" logException="true" doc:name="On Error Propagate" doc:id="5001a0c0-8629-416d-ae98-a24c167b4d75" when='if (error.errorMessage.payload.^mediaType != "text/xml; charset=UTF-8") ((error.errorMessage.payload default "") contains  "503 : Service unavailable") else false' type="HTTP:INTERNAL_SERVER_ERROR">
					<flow-ref doc:name="logResponseError" doc:id="2c6b3818-6408-44f6-849c-5b1b04b09edb" name="logResponseError"/>
				<ee:transform doc:name="503" doc:id="b9ed4fc2-40dc-4372-8bc2-279d7f74adaf" >
							<ee:message >
							</ee:message>
							<ee:variables >
								<ee:set-variable variableName="httpStatus" ><![CDATA[%dw 2.0
output application/java
---
"503"]]></ee:set-variable>
								<ee:set-variable variableName="workdayDowntime" ><![CDATA[%dw 2.0
output application/java
---
true]]></ee:set-variable>
							</ee:variables>
						</ee:transform>
						<raise-error doc:name="Raise error" doc:id="68c0cd3f-ab39-474b-9409-3135b8464904" type="${customError.technicalError}" description='${workday.unavailableResponse}'/>
				
				</on-error-propagate>
				
				<on-error-continue enableNotifications="true" logException="true" doc:name="On Error Continue" doc:id="f688aadc-b4c9-4258-a3de-b789596cc9ad" when="#[ ((error.errorMessage.attributes.statusCode == p('workday.unauthorisedToken') as Number) or (error.errorMessage.attributes.statusCode == p('workday.forbidden') as Number) or ((error.exception.errorMessage.typedValue.^mimeType == &quot;text/xml&quot;) and ((error.exception.errorMessage.typedValue.&quot;Envelope&quot;.&quot;Body&quot;.&quot;Fault&quot;[1] default &quot;&quot;) contains &quot;invalid username or password&quot;)))]">
					<flow-ref doc:name="logResponseError" doc:id="6d7c79c4-007e-4d16-a65e-8222eaa0bf0f" name="logResponseError"/>
					<flow-ref doc:name="pgr-finerp-payment-sy-workday-token-retry-subfl" doc:id="48eeeda0-26dc-4819-b25d-02721bd6b272" name="pgr-finerp-payment-sy-workday-token-retry-subfl"/>
				</on-error-continue>
				<on-error-propagate enableNotifications="true" logException="true" doc:name="On Error Propagate" doc:id="a8263575-2c9c-4f30-b497-09acfd4dcf35" type="HTTP:BAD_REQUEST">
					<flow-ref doc:name="logResponseError" doc:id="a6d9c154-8d70-48c4-a5b9-2d08f9238f0f" name="logResponseError"/>
					<ee:transform doc:name="Transform Message" doc:id="240ac6f8-247b-4641-8d67-2aa58a737cab" >
								<ee:message >
								</ee:message>
								<ee:variables >
									<ee:set-variable variableName="httpStatus" ><![CDATA[%dw 2.0
output application/java
---
503]]></ee:set-variable>
										<ee:set-variable variableName="workdayDowntime" ><![CDATA[%dw 2.0
output application/java
---
true]]></ee:set-variable>
								
</ee:variables>
							</ee:transform>
							<raise-error doc:name="Raise error" doc:id="7af0814a-68f9-429a-9e4c-5a1aab226d92" type="${customError.technicalError}" description="${workday.badRequestResponse}"/>
				</on-error-propagate>
				<on-error-propagate enableNotifications="true" logException="true" doc:name="On Error Propagate" doc:id="13ab684e-592a-4249-ac77-7ceff777c198" type="ANY">
					<flow-ref doc:name="logResponseError" doc:id="c562a6cc-509f-4a74-8543-006bbdb8cb24" name="logResponseError"/>
					<flow-ref doc:name="payment-main-workday-downtime-error-subfl" doc:id="85ab7ff9-fb30-4296-9382-d819e93db01c" name="pgr-finerp-payment-main-workday-downtime-error-subfl"/>
				</on-error-propagate>
			
</error-handler>
		</try>
		
	

</sub-flow>
	<sub-flow name="pgr-finerp-payment-sy-supplier-payments-reports-wd-subfl">
		<try doc:name="Try" doc:id="c7d238eb-d6dd-4792-afdd-9e2763385e9b">
			<set-variable value="${flowName.payments.wd.supReports}" doc:name="Set flowName" doc:id="dd83635b-7100-498e-ad3a-453c63827aee" variableName="dynamicFlowName"/>
			<flow-ref doc:name="pgr-finerp-payment-sy-workday-token-call-subfl" doc:id="61db295b-123c-46fc-87e0-70f66f2ca5cf" name="pgr-finerp-payment-sy-workday-token-call-subfl"/>
			<ee:transform doc:name="requestParams" doc:id="82c9097a-9c71-4c80-ab3b-6ccadf6cc5fb">
				<ee:message />
				<ee:variables>
					<ee:set-variable variableName="requestPayload"><![CDATA[payload]]></ee:set-variable>
					<ee:set-variable resource="dwl/requestParams/supplierCancelInvoice.dwl" variableName="requestAttributes" />
				</ee:variables>
			</ee:transform>
			<flow-ref doc:name="logRequestInfo" doc:id="126b8cc0-4a6d-4804-8732-20d3afbd1e46" name="logRequestInfo"/>
			
			
			<http:request method="GET" doc:name="Send Supplier Request to WD Report" doc:id="4e177e42-99a9-4866-bd27-575644e9a379" config-ref="Generic_Payment_WD_Request_Configuration" path="${secure::workday.supplierInvoice.cancelInvoicePath}">
			<http:body ><![CDATA[#[vars.requestPayload]]]></http:body>
				<http:headers><![CDATA[#[output application/java
---
vars.requestAttributes.requestParams.headers]]]></http:headers>
				<http:query-params ><![CDATA[#[output application/java
---
vars.requestAttributes.requestParams.QueryParams]]]></http:query-params>
		
</http:request>
<set-variable value="#[payload]" doc:name="responsePayload" doc:id="2ee29123-d832-40a8-9621-3ecb47e360d0" variableName="responsePayload" />
			<flow-ref doc:name="logResponseInfo" doc:id="49b93565-2a5e-4ae6-85cb-19ed65078641" name="logResponseInfo" />
			

<flow-ref doc:name="pgr-finerp-payment-main-workday-downtime-200-validator-subfl" doc:id="10d936ef-d772-4e65-97ff-5a1d12a445cf" name="pgr-finerp-payment-main-workday-downtime-200-validator-subfl"/>
			<error-handler>
				<on-error-propagate enableNotifications="true" logException="true" doc:name="On Error Propagate" doc:id="8c970098-e34b-4b2c-a942-31ab5be7f5d2" type="HTTP:SERVICE_UNAVAILABLE">
					<flow-ref doc:name="logResponseError" doc:id="3539af08-037a-46ec-abde-59c63abe0fdb" name="logResponseError"/>
				<ee:transform doc:name="503" doc:id="55ada0e7-4114-4f5a-947e-868a5f8a489d">
							<ee:message>
							</ee:message>
							<ee:variables>
								<ee:set-variable variableName="httpStatus"><![CDATA[%dw 2.0
output application/java
---
"503"]]></ee:set-variable>
								<ee:set-variable variableName="workdayDowntime"><![CDATA[%dw 2.0
output application/java
---
true]]></ee:set-variable>
							</ee:variables>
						</ee:transform>
						<raise-error doc:name="Raise error" doc:id="89ee726e-db46-4323-85c2-a1423223aabe" type="${customError.technicalError}" description="${workday.unavailableResponse}" />
				
				</on-error-propagate>

<on-error-propagate enableNotifications="true" logException="true" doc:name="On Error Propagate" doc:id="a50c11db-4b8c-44c9-8a25-6fe7f2169838" when='if (error.errorMessage.payload.^mediaType != "text/xml; charset=UTF-8") ((error.errorMessage.payload default "") contains  "503 : Service unavailable") else false' type="HTTP:INTERNAL_SERVER_ERROR">
					<flow-ref doc:name="logResponseError" doc:id="aa90719f-3fdd-40ad-b868-f007bb7cfcbe" name="logResponseError"/>
				<ee:transform doc:name="503" doc:id="b0b1983e-165f-4b8e-b78f-22827f50ee18" >
							<ee:message >
							</ee:message>
							<ee:variables >
								<ee:set-variable variableName="httpStatus" ><![CDATA[%dw 2.0
output application/java
---
"503"]]></ee:set-variable>
								<ee:set-variable variableName="workdayDowntime" ><![CDATA[%dw 2.0
output application/java
---
true]]></ee:set-variable>
							</ee:variables>
						</ee:transform>
						<raise-error doc:name="Raise error" doc:id="6402cd03-3652-45a1-8e84-fe996fbf8749" type="${customError.technicalError}" description='${workday.unavailableResponse}'/>
				
				</on-error-propagate>
				
				<on-error-continue enableNotifications="true" logException="true" doc:name="On Error Continue" doc:id="2ab6b983-d385-4edd-9f70-53d45660b25c" when="#[ ((error.errorMessage.attributes.statusCode == p('workday.unauthorisedToken') as Number) or (error.errorMessage.attributes.statusCode == p('workday.forbidden') as Number) or ((error.exception.errorMessage.typedValue.^mimeType == &quot;text/xml&quot;) and ((error.exception.errorMessage.typedValue.&quot;Envelope&quot;.&quot;Body&quot;.&quot;Fault&quot;[1] default &quot;&quot;) contains &quot;invalid username or password&quot;)))]">
					<flow-ref doc:name="logResponseError" doc:id="da135313-8632-4913-8fb6-f133c584e8f9" name="logResponseError"/>
					<flow-ref doc:name="pgr-finerp-payment-sy-workday-token-retry-subfl" doc:id="77256749-3659-412b-8992-9b3fe625e706" name="pgr-finerp-payment-sy-workday-token-retry-subfl"/>
				</on-error-continue>
				<on-error-propagate enableNotifications="true" logException="true" doc:name="On Error Propagate" doc:id="92369a93-98a4-4dc6-a628-40fd89306c6b" type="HTTP:BAD_REQUEST">
					<flow-ref doc:name="logResponseError" doc:id="cb6c2486-8816-413d-b3a0-ddc0adf5471a" name="logResponseError"/>
					<ee:transform doc:name="Transform Message" doc:id="39051440-a82c-464a-8be3-c1d522e7d1a3" >
								<ee:message >
								</ee:message>
								<ee:variables >
									<ee:set-variable variableName="httpStatus" ><![CDATA[%dw 2.0
output application/java
---
503]]></ee:set-variable>
										<ee:set-variable variableName="workdayDowntime" ><![CDATA[%dw 2.0
output application/java
---
true]]></ee:set-variable>
								
</ee:variables>
							</ee:transform>
							<raise-error doc:name="Raise error" doc:id="be51533e-0672-465f-99c8-3c516dc735df" type="${customError.technicalError}" description="${workday.badRequestResponse}"/>
				</on-error-propagate>
				<on-error-propagate enableNotifications="true" logException="true" doc:name="On Error Propagate" doc:id="b508faef-4585-42b7-aa5b-c76026194566" type="ANY">
					<flow-ref doc:name="logResponseError" doc:id="7a1c75ab-15b8-4796-8d23-37020573a9ce" name="logResponseError"/>
					<flow-ref doc:name="payment-main-workday-downtime-error-subfl" doc:id="17e1cde8-85a6-4d82-8731-e65470169d83" name="pgr-finerp-payment-main-workday-downtime-error-subfl"/>
				</on-error-propagate>
				
			
</error-handler>
		</try>
		
	
</sub-flow>
	<sub-flow name="pgr-finerp-payment-sy-misc-cancel-invoice-wd-subfl" doc:id="1521ca41-e956-4f07-aaf2-86ddabbb12c5" >
	<choice doc:name="Choice" doc:id="e91a9512-39cc-4364-9c18-bcf8674ca7a0" >
			<when expression="#[isEmpty(payload.Report_Data)]">
				<flow-ref doc:name="pgr-finerp-payment-sy-supplier-payments-reports-wd-subfl" doc:id="cb94a4f7-fc4e-4308-98bc-e73a2d187a81" name="pgr-finerp-payment-sy-supplier-payments-reports-wd-subfl" />
			
</when>
			<otherwise>
				<ee:transform doc:name="Misc Report WD Response" doc:id="f5b673f5-4a82-4154-ab70-baab33d11889">
					<ee:message>
					</ee:message>
					<ee:variables >
						<ee:set-variable variableName="miscReferenceId" ><![CDATA[%dw 2.0
output application/java
---
(payload.Report_Data.*Report_Entry filter (($.Document_Payment_Status == Mule::p('cancelInvoice.miscellaneous.paymentStatus')) and ($.Document_Status != Mule::p('cancelInvoice.miscellaneous.documentStatus'))))[0].Reference_ID]]></ee:set-variable>
						<ee:set-variable resource="dwl/filterValueBolMiscInvoiceCancel.dwl" variableName="filterValueBol" />
					

</ee:variables>
				</ee:transform>
				<choice doc:name="Choice" doc:id="79f6dde3-f537-4994-9815-93484027f798" >
					<when expression="#[vars.filterValueBol]">
						<flow-ref doc:name="pgr-finerp-payment-sy-miscellaneousPayments-subfl" doc:id="d628b021-5019-446b-9ce1-b4d0d50ef257" name="pgr-finerp-payment-sy-miscellaneousPayments-subfl" />
						<set-variable value="#[now()]" doc:name="Current DateTime" doc:id="165ea1d0-19e6-42f9-8ec2-74e0588d609b" variableName="currentDateTime"/>
						<ee:transform doc:name="Misc Success Response" doc:id="6b4300b6-41a0-4a64-80d5-0d856fe64e14">
			<ee:message>
								<ee:set-payload resource="dwl/misc_cancel_invoice_success_response.dwl" />
			</ee:message>
		</ee:transform>
						<set-variable value="#[true]" doc:name="Set Misc Flag" doc:id="528aca13-c081-46f1-9a34-561bff28f049" variableName="miscPayment"/>

					
</when>
					<otherwise>
						<ee:transform doc:name="Error Message" doc:id="b429d896-d5c1-4211-825b-74c14280e8c2">
							<ee:message>
							</ee:message>
							<ee:variables >
								<ee:set-variable variableName="httpStatus" ><![CDATA[Mule::p('cancelInvoice.paid')]]></ee:set-variable>
								<ee:set-variable variableName="errorMessage" ><![CDATA[%dw 2.0
output application/json
var docStatus = (payload.Report_Data.*Report_Entry filter (!(($.Document_Payment_Status == Mule::p('cancelInvoice.miscellaneous.paymentStatus')) and ($.Document_Status != Mule::p('cancelInvoice.miscellaneous.documentStatus')))))[0].Document_Status
var payStatus = (payload.Report_Data.*Report_Entry filter (!(($.Document_Payment_Status == Mule::p('cancelInvoice.miscellaneous.paymentStatus')) and ($.Document_Status != Mule::p('cancelInvoice.miscellaneous.documentStatus')))))[0].Document_Payment_Status
---
{
	errorField : "sourceTransactionId",
	errorValue : vars.inputPayload.sourceTransactionId,
	errorReason: Mule::p('cancelInvoice.errorMessage'),
	errorLineNumber: "" 
}]]></ee:set-variable>
							</ee:variables>
						</ee:transform>
						<raise-error doc:name="Raise error" doc:id="33335801-bff3-4469-86b4-b4b4a023be25" type="${customError.businessError}" description="#[vars.errorMessage.errorReason]" />
					

</otherwise>
				</choice>
			</otherwise>
		</choice>
	
</sub-flow>
	<sub-flow name="pgr-finerp-payment-sy-supplier-invoice-cancel-wd-subfl" doc:id="36c0f123-6393-46f4-a1f0-a5abdd94b4ec" >
	<choice doc:name="Choice" doc:id="d6bf497e-4912-403c-9094-7c3ea7231069" >
			<when expression="#[isEmpty(payload.Report_Data)]">
				<ee:transform doc:name="Error Message" doc:id="143418be-1d97-4faf-b9eb-03446b3e461a">
							<ee:message>
							</ee:message>
							<ee:variables >
								<ee:set-variable variableName="httpStatus" ><![CDATA[p('cancelInvoice.invalidNumber')]]></ee:set-variable>
								<ee:set-variable variableName="errorMessage" ><![CDATA[%dw 2.0
output application/json
---
{
	errorField : Mule::p("customError.invoiceNbrNotFound.dependentFields"),
	errorValue : vars.inputPayload.sourceInvoiceRefNbr,
	errorReason: Mule::p("customError.invoiceNbrNotFound.errorDecs"),
	errorLineNumber: "" 
}]]></ee:set-variable>
							</ee:variables>
						</ee:transform>
				<raise-error doc:name="Raise error" doc:id="c94aa64a-9455-41ef-9d91-e18d7c7fde36" type="${customError.businessError}" description="#[vars.errorMessage.errorReason]" />
			
</when>
			<otherwise >
				<ee:transform doc:name="Supplier WD Report Response" doc:id="7b571b67-d532-4297-9f16-7c43d8ba8ae5">
					<ee:message>
					</ee:message>
					<ee:variables >
						<ee:set-variable variableName="supplierRefId" ><![CDATA[%dw 2.0
output application/java
---
(payload.Report_Data.*Report_Entry filter (($.Document_Payment_Status == Mule::p('cancelInvoice.supplier.paymentStatus')) and ($.Invoice_Status != Mule::p('cancelInvoice.supplier.invoiceStatus'))))[0].Reference_ID]]></ee:set-variable>
						<ee:set-variable resource="dwl/filterValueBolSupInvoiceCancel.dwl" variableName="filterValueBol" />
					
</ee:variables>
				</ee:transform>
				<choice doc:name="Choice" doc:id="1737cc10-27e5-4639-95ff-db844356b9b0" >
					<when expression="#[vars.filterValueBol]">
						<flow-ref doc:name="pgr-finerp-payment-sy-supplierInvoicePayment-subfl" doc:id="813c895e-f263-439f-b523-c112b0ac71d1" name="pgr-finerp-payment-sy-supplierInvoicePayment-subfl" />
						<set-variable value="#[now()]" doc:name="Current DateTime" doc:id="6d60a59d-ca62-42a0-9502-5f34baa07115" variableName="currentDateTime"/>
						<ee:transform doc:name="Supplier Success Response" doc:id="0bd21d42-cc4a-442b-9086-4c3289e877d0" >
							<ee:message >
								<ee:set-payload resource="dwl/supplier_cancel_invoice_success_response.dwl" />
							</ee:message>
						</ee:transform>
					

</when>
					<otherwise>
						<ee:transform doc:name="Error Message" doc:id="7522a297-762a-4ea4-b522-80ef3f99d243">
							<ee:message>
							</ee:message>
							<ee:variables >
								<ee:set-variable variableName="httpStatus" ><![CDATA[p('cancelInvoice.paid')]]></ee:set-variable>
								<ee:set-variable variableName="errorMessage" ><![CDATA[%dw 2.0
output application/json
var invoiceStat = (payload.Report_Data.*Report_Entry filter (!(($.Document_Payment_Status == Mule::p('cancelInvoice.supplier.paymentStatus')) and ($.Invoice_Status != Mule::p('cancelInvoice.supplier.invoiceStatus')))))[0].Invoice_Status default ""
var supPaymentStatus = (payload.Report_Data.*Report_Entry filter (!(($.Document_Payment_Status == Mule::p('cancelInvoice.supplier.paymentStatus')) and ($.Invoice_Status != Mule::p('cancelInvoice.supplier.invoiceStatus')))))[0].Document_Payment_Status default ""
---
{
	errorField : "sourceTransactionId",
	errorValue : vars.inputPayload.sourceTransactionId,
	errorReason: Mule::p('cancelInvoice.errorMessage'),
	errorLineNumber: "" 
}]]></ee:set-variable>
							</ee:variables>
						</ee:transform>
						<raise-error doc:name="Raise error" doc:id="b0dd9255-81fc-447f-91ec-a0711ff6f02f" type="${customError.businessError}" description="#[vars.errorMessage.errorReason]" />
					</otherwise>
				</choice>
			</otherwise>
		</choice>
	</sub-flow>
	

</mule>
