<?xml version="1.0" encoding="UTF-8"?>

<mule xmlns:os="http://www.mulesoft.org/schema/mule/os"
	xmlns:http="http://www.mulesoft.org/schema/mule/http"
	xmlns:ee="http://www.mulesoft.org/schema/mule/ee/core" xmlns="http://www.mulesoft.org/schema/mule/core"
	xmlns:doc="http://www.mulesoft.org/schema/mule/documentation"
	xmlns:xsi="http://www.w3.org/2001/XMLSchema-instance" xsi:schemaLocation="
http://www.mulesoft.org/schema/mule/http http://www.mulesoft.org/schema/mule/http/current/mule-http.xsd 
http://www.mulesoft.org/schema/mule/ee/core http://www.mulesoft.org/schema/mule/ee/core/current/mule-ee.xsd http://www.mulesoft.org/schema/mule/core http://www.mulesoft.org/schema/mule/core/current/mule.xsd
http://www.mulesoft.org/schema/mule/os http://www.mulesoft.org/schema/mule/os/current/mule-os.xsd">

<sub-flow name="pgr-finerp-payment-sy-create-inoice-import-journal-subfl" doc:id="e1765256-1a1b-4621-9847-e1e9c8c44488" >
		<try doc:name="Try" doc:id="e35bf918-a870-4eb3-9364-b92fd3d1cbda" >
			<ee:transform doc:name="Update flowName" doc:id="b3b5ad16-6b88-4f66-9d50-d867e0fff0bd" >
				<ee:message >
				</ee:message>
				<ee:variables >
					<ee:set-variable variableName="serviceLoggingVars" ><![CDATA[%dw 2.0
output application/json
---
(vars.serviceLoggingVars update {
		case flowName at .flowName -> p("flowName.invoice.createJournal")
	})]]></ee:set-variable>
					<ee:set-variable variableName="dynamicFlowName" ><![CDATA[p('flowName.payments.wd.importJournal')]]></ee:set-variable>
				</ee:variables>
			</ee:transform>
			<flow-ref doc:name="pgr-finerp-payment-sy-workday-token-call-subfl" doc:id="8606ca64-6a60-44ad-ae0f-585e9994adaf" name="pgr-finerp-payment-sy-workday-token-call-subfl"/>
			<flow-ref doc:name="company-lookup-subfl" doc:id="7ffdb2eb-d4e8-4858-84fc-958511435141" name="company-lookup-subfl"/>
			<flow-ref doc:name="gl-account-lookup-subfl" doc:id="7e1a8ebb-a983-4cc9-9ceb-1166651e3ed1" name="gl-account-lookup-subfl" />
			<flow-ref doc:name="asl-lookup-subfl" doc:id="dd5eb55f-d9d6-4e1b-a38e-756dea1a63c6" name="asl-lookup-subfl"/>
			<ee:transform doc:name="Create FinancialManagement Xform data" doc:id="6b6e9766-f227-40e2-8833-770af929a3c1" >
				<ee:message >
					<ee:set-payload resource="dwl/createImportJournalRequest.dwl" />
				
</ee:message>
				<ee:variables >
					
					 <ee:set-variable variableName="target" ><![CDATA[%dw 2.0
output application/java
---
"Workday"]]></ee:set-variable>
					
				</ee:variables>
			</ee:transform>
<set-variable value="#[payload]" doc:name="requestPayload" doc:id="77efbf50-24bc-4bf4-b9a7-8256eb61a16f" variableName="requestPayload" />
			<set-variable value="#[%dw 2.0&#10;output application/json&#10;---&#10;{&#10;&quot;targetURL&quot;: Mule::p('secure::workday.host') ++ Mule::p('secure::workday.createInvoiceJournal.WDPath'),&#10;&quot;requestParams&quot;: {&#10;    &quot;headers&quot; :&#10;			{&#10;				&quot;Authorization&quot; : &quot;Bearer &quot; ++ vars.token as String,&#10;				&quot;Content-Type&quot; : &quot;application/xml&quot;&#10;			}&#10;        		}&#10;}]" doc:name="requestAttributes" doc:id="b9551575-332f-4bf8-9675-c839726c4fca" variableName="requestAttributes" />
			<flow-ref doc:name="logRequestInfo" doc:id="276eaa26-7bf3-48be-b6ba-380d68f4a266" name="logRequestInfo"/>

			<http:request method="POST" doc:name="Create Invoice Journal in WD" doc:id="1a247303-593c-4c84-9425-7956743598be" config-ref="Generic_Payment_WD_Request_Configuration" path="${secure::workday.createInvoiceJournal.WDPath}" outputMimeType="application/xml">
			<http:body ><![CDATA[#[vars.requestPayload]]]></http:body>
				<http:headers><![CDATA[#[output application/java
---
vars.requestAttributes.requestParams.headers]]]></http:headers>
		</http:request>
		<set-variable value="#[payload]" doc:name="responsePayload" doc:id="c0340d69-ecdf-4f31-ae5a-9fc9e935b03c" variableName="responsePayload" />
			<flow-ref doc:name="logResponseInfo" doc:id="2e5e57af-d948-4a57-b1f8-45e1fa74a14e" name="logResponseInfo" />
			
			<ee:transform doc:name="Set Final Response" doc:id="bd37f0ef-346b-4886-a00a-2505ba1d54cc" >
				<ee:message >
					<ee:set-payload resource="dwl/createInvoiceJournal-success-response.dwl" />
				
</ee:message>
			</ee:transform>
			<error-handler >
				<on-error-propagate enableNotifications="true" logException="true" doc:name="On Error Propagate" doc:id="ccd2f10d-40da-455f-9cc0-276ef02e2f1e" type="HTTP:SERVICE_UNAVAILABLE">
					<flow-ref doc:name="logResponseError" doc:id="7cabc55c-e1df-4785-baf2-f9c5ba396642" name="logResponseError"/>
				<ee:transform doc:name="503" doc:id="b203b575-edb0-4a47-84cf-f5e14bbc3637">
							<ee:message>
							</ee:message>
							<ee:variables>
								<ee:set-variable variableName="httpStatus"><![CDATA[%dw 2.0
output application/java
---
"503"]]></ee:set-variable>
								<ee:set-variable variableName="workdayDowntime"><![CDATA[%dw 2.0
output application/java
---
true]]></ee:set-variable>
							</ee:variables>
						</ee:transform>
						<raise-error doc:name="Raise error" doc:id="51a4a8ca-5a7b-4b71-aeb2-c69dcb1bedc9" type="${customError.technicalError}" description="${workday.unavailableResponse}" />
				
				</on-error-propagate>

<on-error-propagate enableNotifications="true" logException="true" doc:name="On Error Propagate" doc:id="0812b4a6-341e-49be-bc58-c187ba2d4b52" when='if (error.errorMessage.payload.^mediaType != "text/xml; charset=UTF-8") ((error.errorMessage.payload default "") contains  "503 : Service unavailable") else false' type="HTTP:INTERNAL_SERVER_ERROR">
					<flow-ref doc:name="logResponseError" doc:id="589bbb6a-54e1-4fec-9b0d-6ab9ee0e4fcb" name="logResponseError"/>
				<ee:transform doc:name="503" doc:id="05478280-c547-45a2-a8a1-1e9130946245" >
							<ee:message >
							</ee:message>
							<ee:variables >
								<ee:set-variable variableName="httpStatus" ><![CDATA[%dw 2.0
output application/java
---
"503"]]></ee:set-variable>
								<ee:set-variable variableName="workdayDowntime" ><![CDATA[%dw 2.0
output application/java
---
true]]></ee:set-variable>
							</ee:variables>
						</ee:transform>
						<raise-error doc:name="Raise error" doc:id="c8ef0249-1bbb-4be0-8bdf-9473cb0bd4ca" type="${customError.technicalError}" description='${workday.unavailableResponse}'/>
				
				</on-error-propagate>
				
				
				<on-error-continue enableNotifications="true" logException="true" doc:name="On Error Continue" doc:id="e5f5b906-b125-4ae2-ab97-0f7470d6d959" when="#[ ((error.errorMessage.attributes.statusCode == p('workday.unauthorisedToken') as Number) or (error.errorMessage.attributes.statusCode == p('workday.forbidden') as Number) or ((error.exception.errorMessage.typedValue.^mimeType == &quot;text/xml&quot;) and ((error.exception.errorMessage.typedValue.&quot;Envelope&quot;.&quot;Body&quot;.&quot;Fault&quot;[1] default &quot;&quot;) contains &quot;invalid username or password&quot;)))]">
					<flow-ref doc:name="logResponseError" doc:id="073413ad-f7bf-43c9-9ce4-d6b419e1efd9" name="logResponseError"/>
					<flow-ref doc:name="pgr-finerp-payment-sy-workday-token-retry-subfl" doc:id="b7c878a6-d6ed-4b6e-a834-2411d7616210" name="pgr-finerp-payment-sy-workday-token-retry-subfl"/>
				</on-error-continue>
				<on-error-propagate enableNotifications="true" logException="true" doc:name="On Error Propagate" doc:id="188f9253-682c-42d7-bdf1-0478a7b2ed6a" type="HTTP:BAD_REQUEST">
					<flow-ref doc:name="logResponseError" doc:id="e74b7f2a-0c4e-4b8a-b18a-b357d5f533d9" name="logResponseError"/>
					<ee:transform doc:name="Transform Message" doc:id="3f4ebc44-47e2-46f0-963f-55934e6f2959" >
								<ee:message >
								</ee:message>
								<ee:variables >
									<ee:set-variable variableName="httpStatus" ><![CDATA[%dw 2.0
output application/java
---
503]]></ee:set-variable>
										<ee:set-variable variableName="workdayDowntime" ><![CDATA[%dw 2.0
output application/java
---
true]]></ee:set-variable>
								
</ee:variables>
							</ee:transform>
							<raise-error doc:name="Raise error" doc:id="1fa37340-e5cb-4901-a158-996c5f166110" type="${customError.technicalError}" description="${workday.badRequestResponse}"/>
				</on-error-propagate>
				<on-error-propagate enableNotifications="true" logException="true" doc:name="On Error Propagate" doc:id="0b2a9096-e23b-4c67-bba3-d3bdaa3cf815" type="ANY">
					<flow-ref doc:name="logResponseError" doc:id="547348e9-02ed-4c0a-b60c-a428b9609577" name="logResponseError"/>
					<flow-ref doc:name="payment-main-workday-downtime-error-subfl" doc:id="64ecbc07-56cb-4b3e-a4b5-db73a853cae3" name="pgr-finerp-payment-main-workday-downtime-error-subfl"/>
				</on-error-propagate>
</error-handler>
		</try>
	</sub-flow>

</mule>
