<?xml version="1.0" encoding="UTF-8"?>

<mule xmlns:json="http://www.mulesoft.org/schema/mule/json"
	xmlns:os="http://www.mulesoft.org/schema/mule/os"
	xmlns:http="http://www.mulesoft.org/schema/mule/http"
	xmlns:ee="http://www.mulesoft.org/schema/mule/ee/core"
	xmlns="http://www.mulesoft.org/schema/mule/core"
	xmlns:doc="http://www.mulesoft.org/schema/mule/documentation"
	xmlns:xsi="http://www.w3.org/2001/XMLSchema-instance" xsi:schemaLocation="
http://www.mulesoft.org/schema/mule/http http://www.mulesoft.org/schema/mule/http/current/mule-http.xsd http://www.mulesoft.org/schema/mule/core http://www.mulesoft.org/schema/mule/core/current/mule.xsd
http://www.mulesoft.org/schema/mule/ee/core http://www.mulesoft.org/schema/mule/ee/core/current/mule-ee.xsd
http://www.mulesoft.org/schema/mule/os http://www.mulesoft.org/schema/mule/os/current/mule-os.xsd
http://www.mulesoft.org/schema/mule/json http://www.mulesoft.org/schema/mule/json/current/mule-json.xsd">
	<sub-flow name="pgr-finerp-payment-sy-get-invoice-status-subfl"
		doc:id="4a82255c-95d9-42d5-8d01-eede0218aa9f">
		<ee:transform doc:name="Validate Query Parameters" doc:id="33e299db-9cf8-42c9-b0eb-8638b3f8f335">
			<ee:message>
			
</ee:message>
			<ee:variables>
				<ee:set-variable resource="dwl/get_invoice_validate.dwl" variableName="validation" />
				<ee:set-variable variableName="isSupplierInvoice"><![CDATA[attributes.queryParams.isSupplierInvoice]]></ee:set-variable>
				<ee:set-variable variableName="paymentRefId"><![CDATA[attributes.queryParams.paymentRefId]]></ee:set-variable>
				<ee:set-variable variableName="paymentRequestRefId" ><![CDATA[attributes.queryParams.paymentRequestRefId]]></ee:set-variable>
				<ee:set-variable resource="dwl/invoice-get-flowName.dwl" variableName="serviceLoggingVars" />
			</ee:variables>
		</ee:transform>
		<choice doc:name="Choice" doc:id="c52832a3-0a34-4f19-b83a-75328c8158d4" >
			<when expression="#[vars.validation == 'paymentRefIdIsNull']">
				<choice doc:name="Choice" doc:id="b318dbda-7dde-4b1a-a503-cd1f3d0b4936">
					<when expression='#[attributes.queryParams.isSupplierInvoice == "true"]'>
						<flow-ref doc:name="pgr-finerp-payment-sy-supplier-payments-status-wd-subfl" doc:id="cdb41d65-db23-44e2-bd38-56f4d345d2a1" name="pgr-finerp-payment-sy-supplier-payments-status-wd-subfl" />
					</when>
					<otherwise>
						<set-variable value="#[attributes.queryParams.paymentRequestRefId]" doc:name="referenceId" doc:id="1f83f4e3-c0d0-4ece-9abe-a351ffedf853" variableName="referenceId"/>
						<flow-ref doc:name="pgr-finerp-payment-sy-miscellaneous-payments-status-wd-subfl" doc:id="76ea5e27-0449-4564-8131-40241024f204" name="pgr-finerp-payment-sy-miscellaneous-payments-status-wd-subfl" />
					</otherwise>
				</choice>
				<set-variable value="#[attributes.statusCode]" doc:name="httpStatus" doc:id="09007f71-0877-43f2-b9fd-71d612c7b9d4" variableName="httpStatus"/>
				<choice doc:name="Choice" doc:id="fd0f985a-4351-43fa-b822-3dd49c95e6c9">
					<when expression='#[vars.httpStatus == 200]'>
						<choice doc:name="Choice" doc:id="b51aa11f-a04b-42e0-8d99-8eded57cdfb2">
							<when expression='#[vars.isSupplierInvoice == "true"]'>
								<ee:transform doc:name="Supplier Invoice Success" doc:id="20e98c25-02db-4fa7-8206-45870ea9729f">
									<ee:message>
										<ee:set-payload resource="dwl/get_invoice_supplier_success_response.dwl" />
									</ee:message>
									<ee:variables>
										<ee:set-variable variableName="httpStatus"><![CDATA[if(attributes.header.statusCode=='500') 404 else 200]]></ee:set-variable>
									</ee:variables>
								</ee:transform>
							</when>
							<otherwise>
								<ee:transform doc:name="Misc Invoice Success" doc:id="f55c3068-9b08-4d69-b058-bfeda83ebed6">
									<ee:message>
										<ee:set-payload resource="dwl/get_invoice_misc_success_response.dwl" />
									</ee:message>
								</ee:transform>
							</otherwise>
						</choice>
					</when>
					<otherwise>
						<ee:transform doc:name="Failure Response" doc:id="5773b4b5-711c-4ef1-bcdc-07704dbee235">
							<ee:message />
							<ee:variables>
								<ee:set-variable variableName="httpStatus"><![CDATA[404]]></ee:set-variable>
								<ee:set-variable resource="dwl/invoiceNotFoundErrorMessage.dwl" variableName="errorMessage" />
							</ee:variables>
						</ee:transform>
						<raise-error doc:name="Raise error" doc:id="862e2c8f-bef2-4fec-8706-609456bec710" type="${customError.businessError}" description="#[vars.errorMessage.errorReason]" />
					</otherwise>
				</choice>
			</when>
			<otherwise>
				<flow-ref doc:name="pgr-finerp-payment-sy-get-report-status-wd-subfl" doc:id="552c3fcb-b138-463c-b35e-ca21197b66f8" name="pgr-finerp-payment-sy-get-report-status-wd-subfl" />
				<ee:transform doc:name="variables" doc:id="ab36d3de-de57-4303-8285-210a3797e7b1">
			<ee:message>
			</ee:message>
			<ee:variables>
				<ee:set-variable variableName="statusCode"><![CDATA[attributes.statusCode]]></ee:set-variable>
						<ee:set-variable resource="dwl/wdGroupTag.dwl" variableName="wdGroupTag" />
						<ee:set-variable resource="dwl/paymentRequestRefId_Supplier_Validation.dwl" variableName="paymentRequestRefId_Supplier_Validation" />
						<ee:set-variable resource="dwl/paymentRequestRefId_Misc_Validation.dwl" variableName="paymentRequestRefId_Misc_Validation" />
			</ee:variables>
		</ee:transform>
				<choice doc:name="Choice" doc:id="b9cdd2a4-2b04-4347-8a28-e4f45f81f652">
					<when expression="#[!isEmpty(payload.Report_Data)]">
						<choice doc:name="Choice" doc:id="eb7479d3-682b-46e9-ad9e-cf906429cae3">
					<when expression='#[vars.wdGroupTag == "supplier"]'>
								<choice doc:name="Choice" doc:id="aca58bbb-a6c8-456b-abf7-22c38f1fb5b1">
							<when expression='#[vars.paymentRequestRefId_Supplier_Validation == "PASS"]'>
										<ee:transform doc:name="Supplier Report Success" doc:id="21429863-05cd-4e14-8634-87c663bd9cf9">
					<ee:message>
										<ee:set-payload resource="dwl/get_report_supplier_success_response.dwl" />
					</ee:message>
									<ee:variables>
									</ee:variables>
				</ee:transform>
									</when>
									<otherwise >
										<ee:transform doc:name="Failure Response" doc:id="f3ca21ba-3d59-4353-8b3a-96024a6174b2" >
											<ee:message >
											</ee:message>
											<ee:variables >
												<ee:set-variable variableName="httpStatus" ><![CDATA[p('getInvoice.invalidNumber')]]></ee:set-variable>
												<ee:set-variable resource="dwl/reportNotFoundErrorMessage.dwl" variableName="errorMessage" />
											</ee:variables>
										</ee:transform>
										<raise-error doc:name="Raise error" doc:id="92f3fded-34e3-4967-a50f-318518f06344" type="${customError.businessError}" description="#[vars.errorMessage.errorReason]" />
	
									</otherwise>
						</choice>
							</when>
							<otherwise >
								<choice doc:name="Choice" doc:id="95cee719-f763-4177-a84c-220ff962965c" >
									<when expression='#[vars.paymentRequestRefId_Misc_Validation == "PASS"]'>
										<ee:transform doc:name="Misc Report Success" doc:id="349bfbee-1bbb-4346-97c1-d52f285d7fdd">
									<ee:message>
										<ee:set-payload resource="dwl/get_report_misc_success_response.dwl" />
									</ee:message>
								</ee:transform>
									</when>
									<otherwise >
										<ee:transform doc:name="Failure Response" doc:id="ad623a4d-e014-49ef-8a1e-f72578b6afdc">
											<ee:message>
											</ee:message>
											<ee:variables>
												<ee:set-variable variableName="httpStatus"><![CDATA[p('getInvoice.invalidNumber')]]></ee:set-variable>
												<ee:set-variable resource="dwl/reportNotFoundErrorMessage.dwl" variableName="errorMessage" />
											</ee:variables>
										</ee:transform>
										<raise-error doc:name="Raise error" doc:id="90304466-6665-490b-96dd-b499cb5d1383" type="${customError.businessError}" description="#[vars.errorMessage.errorReason]" />
									</otherwise>
								</choice>
	
							</otherwise>
				</choice>
					</when>
					<otherwise >
					<ee:transform doc:name="Failure Response" doc:id="5773b4b5-711c-4ef1-bcdc-07704dbee235">
							<ee:message />
							<ee:variables>
								<ee:set-variable variableName="httpStatus"><![CDATA[p('getInvoice.invalidNumber')]]></ee:set-variable>
								<ee:set-variable resource="dwl/reportNotFoundErrorMessage.dwl" variableName="errorMessage" />
							</ee:variables>
						</ee:transform>
						<raise-error doc:name="Raise error" doc:id="862e2c8f-bef2-4fec-8706-609456bec710" type="${customError.businessError}" description="#[vars.errorMessage.errorReason]" />
	
					</otherwise>
						</choice>
			</otherwise>
		</choice>
	
</sub-flow>
	<sub-flow
		name="pgr-finerp-payment-sy-supplier-payments-status-wd-subfl"
		doc:id="ad63911d-92c8-4a8a-a08b-6ace97e86dd0">
		<try doc:name="Try" doc:id="a549ae0c-21d8-4329-92fa-9f1408540d86">
			<set-variable value="#[attributes.queryParams.paymentRequestRefId]" doc:name="referenceId" doc:id="b45d8cc1-5698-4aff-a0b1-6109af26d3a4" variableName="referenceId"/>
			<set-variable value="${flowName.payments.wd.supInvoiceStatus}" doc:name="Set flowName" doc:id="eb477a7b-1a47-41af-9897-7130ae377f76" variableName="dynamicFlowName"/>
<flow-ref doc:name="pgr-finerp-payment-sy-workday-token-call-subfl" doc:id="1288f91c-3edf-4d63-9961-9ee938758d55" name="pgr-finerp-payment-sy-workday-token-call-subfl"/>
			<logger level="DEBUG" doc:name="queryParams "
				doc:id="781f6dd9-ad21-4796-9666-7cc9978e6b95" message="#[attributes.queryParams]" />
			<ee:transform doc:name="Get invoice WD Data" doc:id="19ca4a84-0157-4ca0-adea-b423e8106eaf" >
				<ee:message >
					<ee:set-payload resource="dwl/get_invoice_supplier_wd_request.dwl" />
				</ee:message>
				<ee:variables >
					<ee:set-variable variableName="target" ><![CDATA[%dw 2.0
output application/java
---
"Workday"]]></ee:set-variable>
					<ee:set-variable variableName="supPayload" ><![CDATA[payload]]></ee:set-variable>
				</ee:variables>
			</ee:transform>
			<set-variable value="#[payload]" doc:name="requestPayload" doc:id="0342bb44-9209-4544-99b7-3564a7c03f15" variableName="requestPayload"/>
			<set-variable value="#[%dw 2.0
output application/json
---
{
&quot;targetURL&quot;: Mule::p('secure::workday.host') ++ Mule::p('secure::workday.supplierInvoice.WDPathSup'),
&quot;requestParams&quot;: {
    &quot;headers&quot; :
			{
				&quot;Authorization&quot; : &quot;Bearer &quot; ++ vars.token as String,
				&quot;Content-Type&quot; : &quot;application/xml&quot;
			}
        		}
}]" doc:name="requestAttributes" doc:id="c7648f09-9b77-4bcd-9247-408192236342" variableName="requestAttributes"/>
			<flow-ref doc:name="logRequestInfo" doc:id="b7806f48-aa5c-4938-ba89-1d3bd438219c" name="logRequestInfo"/>
			
			
	
			<http:request method="POST" doc:name="Send Supplier Request To WD Report" doc:id="d060ba75-0fb5-49ec-b59e-43fb242cd1af" config-ref="Generic_Payment_WD_Request_Configuration" path="${secure::workday.supplierInvoice.WDPathSup}" responseTimeout="${workday.supplierInvoice.getInvoiceResponseTimeout}">
						<http:body ><![CDATA[#[vars.requestPayload]]]></http:body>
				<http:headers><![CDATA[#[output application/java
---
vars.requestAttributes.requestParams.headers]]]></http:headers>

					</http:request>
					<set-variable value="#[payload]" doc:name="responsePayload" doc:id="7d24d0f5-5836-4919-9c29-5a20e578d16d" variableName="responsePayload" />
			<flow-ref doc:name="logResponseInfo" doc:id="aebe5e65-712f-44a2-a590-a8d3866deb90" name="logResponseInfo" />
					
			<flow-ref doc:name="pgr-finerp-payment-main-workday-downtime-200-validator-subfl" doc:id="49f4df82-d2d6-480b-a3a5-f0dc9a0e1eb0" name="pgr-finerp-payment-main-workday-downtime-200-validator-subfl"/>
			<logger level="DEBUG" doc:name="Logger" doc:id="45bd946d-6808-4211-97c5-b8cc54079579" message="#[payload]"/>
			<error-handler>
				<on-error-propagate enableNotifications="true" logException="true" doc:name="On Error Propagate" doc:id="183a965a-b9db-4b14-a0bf-946ce59639ad" type="HTTP:SERVICE_UNAVAILABLE">
					<flow-ref doc:name="logResponseError" doc:id="9b9c2743-49df-4bb3-a792-aa37cebe0890" name="logResponseError"/>					
				<ee:transform doc:name="503" doc:id="c7600c99-53b1-418d-9a2f-8d48c2fda0bc">
							<ee:message>
							</ee:message>
							<ee:variables>
								<ee:set-variable variableName="httpStatus"><![CDATA[%dw 2.0
output application/java
---
"503"]]></ee:set-variable>
								<ee:set-variable variableName="workdayDowntime"><![CDATA[%dw 2.0
output application/java
---
true]]></ee:set-variable>
							</ee:variables>
						</ee:transform>
						<raise-error doc:name="Raise error" doc:id="e65654fe-b915-4fe1-ae3d-c018c0318bbb" type="${customError.technicalError}" description="${workday.unavailableResponse}" />
				
				</on-error-propagate>

<on-error-propagate enableNotifications="true" logException="true" doc:name="On Error Propagate" doc:id="48a6d771-cba3-415e-85ba-b37cd09fc0a7" when='if (error.errorMessage.payload.^mediaType != "text/xml; charset=UTF-8") ((error.errorMessage.payload default "") contains  "503 : Service unavailable") else false' type="HTTP:INTERNAL_SERVER_ERROR">
					<flow-ref doc:name="logResponseError" doc:id="a0627ffd-af89-4dc3-bdbf-6aa7f442fb61" name="logResponseError"/>	
				<ee:transform doc:name="503" doc:id="25f49a2d-741a-4cc5-a1e5-88674a93c03d" >
							<ee:message >
							</ee:message>
							<ee:variables >
								<ee:set-variable variableName="httpStatus" ><![CDATA[%dw 2.0
output application/java
---
"503"]]></ee:set-variable>
								<ee:set-variable variableName="workdayDowntime" ><![CDATA[%dw 2.0
output application/java
---
true]]></ee:set-variable>
							</ee:variables>
						</ee:transform>
						<raise-error doc:name="Raise error" doc:id="e6664ad1-c575-4032-a941-cdcc6ce290f8" type="${customError.technicalError}" description='${workday.unavailableResponse}'/>
				
				</on-error-propagate>
				
				<on-error-continue enableNotifications="true" logException="true" doc:name="On Error Continue" doc:id="c3732909-1bc4-4954-9b59-0cbf35b7a68f" when="#[ ((error.errorMessage.attributes.statusCode == p('workday.unauthorisedToken') as Number) or (error.errorMessage.attributes.statusCode == p('workday.forbidden') as Number) or ((error.exception.errorMessage.typedValue.^mimeType == &quot;text/xml&quot;) and ((error.exception.errorMessage.typedValue.&quot;Envelope&quot;.&quot;Body&quot;.&quot;Fault&quot;[1] default &quot;&quot;) contains &quot;invalid username or password&quot;)))]">
					<flow-ref doc:name="logResponseError" doc:id="f8ba8c16-4a86-4b8a-bb16-242e96ae7cd1" name="logResponseError"/>	
					<flow-ref doc:name="pgr-finerp-payment-sy-workday-token-retry-subfl" doc:id="2cd9d430-d8a5-4a98-866c-e6642d715e83" name="pgr-finerp-payment-sy-workday-token-retry-subfl"/>
				</on-error-continue>
				<on-error-propagate enableNotifications="true" logException="true" doc:name="On Error Propagate" doc:id="fc31ba80-1d76-4e51-a723-51a6bab530c6" type="HTTP:BAD_REQUEST">
					<flow-ref doc:name="logResponseError" doc:id="99627e53-c79b-4ecf-ba68-28ac8eb81760" name="logResponseError"/>	
					<ee:transform doc:name="Transform Message" doc:id="75d48ca0-349e-4ea8-adea-8f3f7805495c" >
								<ee:message >
								</ee:message>
								<ee:variables >
									<ee:set-variable variableName="httpStatus" ><![CDATA[%dw 2.0
output application/java
---
503]]></ee:set-variable>
										<ee:set-variable variableName="workdayDowntime" ><![CDATA[%dw 2.0
output application/java
---
true]]></ee:set-variable>
								
</ee:variables>
							</ee:transform>
							<raise-error doc:name="Raise error" doc:id="69924c6b-72ff-49fb-bf61-f44884af267a" type="${customError.technicalError}" description="${workday.badRequestResponse}"/>
				</on-error-propagate>
					<on-error-continue enableNotifications="true" logException="true" doc:name="On Error Continue" doc:id="b16049e7-7cc6-4949-98ba-c21108dd28af" when='( (error.exception.errorMessage.typedValue.."faultstring" default [""] )[0] contains ("Invalid ID value."))'/>
			
				<on-error-propagate enableNotifications="true" logException="true" doc:name="On Error Propagate" doc:id="915a1824-4d93-4545-8903-dbb0bfaeb64b" type="ANY">
					<flow-ref doc:name="logResponseError" doc:id="b9d365fa-1670-44d6-8c6a-5c224d3fa0f4" name="logResponseError"/>	
					<logger level="DEBUG" doc:name="errorMessage Logger" doc:id="c362d53d-11c3-4f5f-8255-31f3844568db" message="#[error.exception.errorMessage.typedValue]" category="com.pgr.cor.dataLogger" />
					<flow-ref doc:name="payment-main-workday-downtime-error-subfl" doc:id="f1c3c6fa-5390-4747-9806-ed7748a924b8" name="pgr-finerp-payment-main-workday-downtime-error-subfl"/>
				</on-error-propagate>
			
</error-handler>
		</try>



	</sub-flow>
	<sub-flow
		name="pgr-finerp-payment-sy-miscellaneous-payments-status-wd-subfl"
		doc:id="5f02bf3d-70a4-401a-bc0f-62bfb9239060">
		<try doc:name="Try" doc:id="a06fb29f-23b5-4aa6-8e8f-1504fd3365a5">
			<set-variable value="#[attributes.queryParams.paymentRequestRefId]" doc:name="referenceId" doc:id="1f83f4e3-c0d0-4ece-9abe-a351ffedf853" variableName="referenceId"/>
			<set-variable value="${flowName.payments.wd.miscInvoiceStatus}" doc:name="Set flowName" doc:id="415560b5-bdb3-4dfc-a667-71127e9cea58" variableName="dynamicFlowName"/>
<flow-ref doc:name="pgr-finerp-payment-sy-workday-token-call-subfl" doc:id="46da1d2b-6fbe-48a1-967b-ae42104c7a77" name="pgr-finerp-payment-sy-workday-token-call-subfl"/>
			<logger level="DEBUG" doc:name="Logger"
				doc:id="a573d258-805b-44b5-aaa6-9a0ec4047efc" message="#[attributes.queryParams]" />
			<ee:transform doc:name="WDrequest" doc:id="357a8396-06b8-4786-aeea-e8e956be0595" >
				<ee:message >
					<ee:set-payload resource="dwl/get_invoice_misc_wd_request.dwl" />
				</ee:message>
				<ee:variables >
					<ee:set-variable variableName="target" ><![CDATA[%dw 2.0
output application/java
---
"Workday"]]></ee:set-variable>
					<ee:set-variable variableName="micspayload" ><![CDATA[payload]]></ee:set-variable>
				</ee:variables>
			</ee:transform>
			<set-variable value="#[payload]" doc:name="requestPayload" doc:id="49517575-866d-4465-9708-28661c22dd26" variableName="requestPayload"/>
			<set-variable value="#[%dw 2.0
output application/json
---
{
&quot;targetURL&quot;: Mule::p('secure::workday.host') ++ Mule::p('secure::workday.miscellaneousPayment.WDPathmisc'),
&quot;requestParams&quot;: {
    &quot;headers&quot; :
			{
				&quot;Authorization&quot; : &quot;Bearer &quot; ++ vars.token as String,
				&quot;Content-Type&quot; : &quot;application/xml&quot;
			}
        		}
}]" doc:name="requestAttributes" doc:id="a0cddc74-49dd-4472-a6c2-73f1b9b0e416" variableName="requestAttributes"/>
			<flow-ref doc:name="logRequestInfo" doc:id="f70cf38a-fab6-4fa4-a606-b7dcc9fa135c" name="logRequestInfo"/>
	
			<http:request method="POST" doc:name="Send Misc Request To WD Report" doc:id="c5c9ccfb-fb4e-45a2-8e72-c8e810817bc1" config-ref="Generic_Payment_WD_Request_Configuration" path="${secure::workday.miscellaneousPayment.WDPathmisc}" responseTimeout="${workday.miscellaneousPayment.getInvoiceResponseTimeout}">
						<http:body ><![CDATA[#[vars.requestPayload]]]></http:body>
				<http:headers><![CDATA[#[output application/java
---
vars.requestAttributes.requestParams.headers]]]></http:headers>

					</http:request>
					<set-variable value="#[payload]" doc:name="responsePayload" doc:id="c785d8f3-3e7e-4a8d-ad1e-fd65287ed16b" variableName="responsePayload" />
			<flow-ref doc:name="logResponseInfo" doc:id="268918c3-925a-40e5-a3e4-b5e57b479145" name="logResponseInfo" />
					
			<flow-ref doc:name="pgr-finerp-payment-main-workday-downtime-200-validator-subfl" doc:id="53ec5fb0-b1c1-45bd-83df-64588cee90d6" name="pgr-finerp-payment-main-workday-downtime-200-validator-subfl"/>
			<logger level="DEBUG" doc:name="Logger" doc:id="7b803b96-9073-47b6-b763-cb7abc9652c9" message="#[payload]"/>
			<error-handler>
				<on-error-propagate enableNotifications="true" logException="true" doc:name="On Error Propagate" doc:id="c9d6adfc-7131-4e68-8f07-786baccd1b79" type="HTTP:SERVICE_UNAVAILABLE">
					<flow-ref doc:name="logResponseError" doc:id="edd8496d-8996-48c7-8a27-f663935f6cc8" name="logResponseError"/>
				<ee:transform doc:name="503" doc:id="7cc01ecb-8bff-402c-816f-5057f7594848">
							<ee:message>
							</ee:message>
							<ee:variables>
								<ee:set-variable variableName="httpStatus"><![CDATA[%dw 2.0
output application/java
---
"503"]]></ee:set-variable>
								<ee:set-variable variableName="workdayDowntime"><![CDATA[%dw 2.0
output application/java
---
true]]></ee:set-variable>
							</ee:variables>
						</ee:transform>
						<raise-error doc:name="Raise error" doc:id="4b7c98e5-b870-4f66-87a9-803b3e5a4356" type="${customError.technicalError}" description="${workday.unavailableResponse}" />
				
				</on-error-propagate>

<on-error-propagate enableNotifications="true" logException="true" doc:name="On Error Propagate" doc:id="c20493f7-b973-4448-9f4a-e37286458454" when='if (error.errorMessage.payload.^mediaType != "text/xml; charset=UTF-8") ((error.errorMessage.payload default "") contains  "503 : Service unavailable") else false' type="HTTP:INTERNAL_SERVER_ERROR">
					<flow-ref doc:name="logResponseError" doc:id="c50e363d-3c5f-4475-97bf-9181489c4a42" name="logResponseError"/>
				<ee:transform doc:name="503" doc:id="efa2bf61-d7c5-49d9-8127-175a440f8c2b" >
							<ee:message >
							</ee:message>
							<ee:variables >
								<ee:set-variable variableName="httpStatus" ><![CDATA[%dw 2.0
output application/java
---
"503"]]></ee:set-variable>
								<ee:set-variable variableName="workdayDowntime" ><![CDATA[%dw 2.0
output application/java
---
true]]></ee:set-variable>
							</ee:variables>
						</ee:transform>
						<raise-error doc:name="Raise error" doc:id="51a4007f-c9e2-4f2d-a898-5ae30a26cf7d" type="${customError.technicalError}" description='${workday.unavailableResponse}'/>
				
				</on-error-propagate>
				
				<on-error-continue enableNotifications="true" logException="true" doc:name="On Error Continue" doc:id="b0894f3d-a86a-4b75-ac32-d137d53eee8c" when="#[ ((error.errorMessage.attributes.statusCode == p('workday.unauthorisedToken') as Number) or (error.errorMessage.attributes.statusCode == p('workday.forbidden') as Number) or ((error.exception.errorMessage.typedValue.^mimeType == &quot;text/xml&quot;) and ((error.exception.errorMessage.typedValue.&quot;Envelope&quot;.&quot;Body&quot;.&quot;Fault&quot;[1] default &quot;&quot;) contains &quot;invalid username or password&quot;)))]">
					<flow-ref doc:name="logResponseError" doc:id="f54c07e3-48ad-4274-a3b7-2f6921811e00" name="logResponseError"/>
					<flow-ref doc:name="pgr-finerp-payment-sy-workday-token-retry-subfl" doc:id="abdff6f6-2a3d-425a-b6b0-57d8c50d8275" name="pgr-finerp-payment-sy-workday-token-retry-subfl"/>
				</on-error-continue>
				<on-error-propagate enableNotifications="true" logException="true" doc:name="On Error Propagate" doc:id="91936881-77c4-4b99-a28e-d1cc568fcea1" type="HTTP:BAD_REQUEST">
					<flow-ref doc:name="logResponseError" doc:id="20ea46bb-67d4-4d57-8fd6-f243c72f4b41" name="logResponseError"/>
					<ee:transform doc:name="Transform Message" doc:id="c8b1a7eb-395e-4807-bd5f-3b97969f211e" >
								<ee:message >
								</ee:message>
								<ee:variables >
									<ee:set-variable variableName="httpStatus" ><![CDATA[%dw 2.0
output application/java
---
503]]></ee:set-variable>
										<ee:set-variable variableName="workdayDowntime" ><![CDATA[%dw 2.0
output application/java
---
true]]></ee:set-variable>
								
</ee:variables>
							</ee:transform>
							<raise-error doc:name="Raise error" doc:id="2a62299f-be58-4e6f-994f-5876e9ce57b3" type="${customError.technicalError}" description="${workday.badRequestResponse}"/>
				</on-error-propagate>
				
				<on-error-continue enableNotifications="true" logException="true" doc:name="On Error Continue" doc:id="7e4d3775-123e-4635-b236-388670cf2275" when='( (error.exception.errorMessage.typedValue.."faultstring" default [""] )[0] contains ("Invalid ID value."))'/>
			<on-error-propagate enableNotifications="true" logException="true" doc:name="On Error Propagate" doc:id="57f2bd39-ede2-4699-9018-e39c3abf6810" type="ANY">
					<flow-ref doc:name="logResponseError" doc:id="6c47a69d-7877-4a07-961f-1848c4924897" name="logResponseError"/>
					<logger level="DEBUG" doc:name="errorMessage Logger" doc:id="ca7f4d6b-39ce-492a-9b42-ac0fae40093d" message="#[error.exception.errorMessage.typedValue]" category="com.pgr.cor.dataLogger" />
					<flow-ref doc:name="payment-main-workday-downtime-error-subfl" doc:id="ef9f226e-e6d6-4c1f-b3bd-610d342f9db4" name="pgr-finerp-payment-main-workday-downtime-error-subfl"/>
				</on-error-propagate>
			</error-handler>
		</try>



	</sub-flow>
	
	<sub-flow
		name="pgr-finerp-payment-sy-get-report-status-wd-subfl"
		doc:id="5f02bf3d-70a4-401a-bc0f-62bfb9239060">
		<try doc:name="Try" doc:id="a06fb29f-23b5-4aa6-8e8f-1504fd3365a5">
			<set-variable value="${flowName.payments.wd.getReports}" doc:name="Set flowName" doc:id="1ea70969-e038-49f7-a70e-8a0cc00cd5e6" variableName="dynamicFlowName"/>
<flow-ref doc:name="pgr-finerp-payment-sy-workday-token-call-subfl" doc:id="4023eb5f-be12-4a23-895e-1174f7d4e32d" name="pgr-finerp-payment-sy-workday-token-call-subfl"/>
			<logger level="DEBUG" doc:name="Logger queryParams"
				doc:id="a573d258-805b-44b5-aaa6-9a0ec4047efc" message="#[attributes.queryParams]" />
			<ee:transform doc:name="requestParams" doc:id="a5297daf-7b67-48fe-93d1-55f0a3d5f0ad">
				<ee:message />
				<ee:variables>
					<ee:set-variable variableName="requestPayload"><![CDATA[payload]]></ee:set-variable>
					<ee:set-variable resource="dwl/requestParams/miscReqGetInvoice.dwl" variableName="requestAttributes" />
				</ee:variables>
			</ee:transform>
			<flow-ref doc:name="logRequestInfo" doc:id="f70cf38a-fab6-4fa4-a606-b7dcc9fa135c" name="logRequestInfo"/>
					<http:request method="GET" doc:name="Send Misc/Supplier Request To WD Report" doc:id="da9f9eae-e294-4781-8963-f7e9556a384d" config-ref="Generic_Payment_WD_Request_Configuration" path="${secure::workday.miscellaneousPayment.getInvoiceReportPath}" responseTimeout="${workday.miscellaneousPayment.getInvoiceResponseTimeout}">
				<http:body><![CDATA[#[vars.requestPayload]]]></http:body>
				<http:headers><![CDATA[#[output application/java
---
vars.requestAttributes.requestParams.headers]]]></http:headers>
				<http:query-params><![CDATA[#[output application/java
---
vars.requestAttributes.requestParams.QueryParams]]]></http:query-params>
			</http:request>
			<set-variable value="#[payload]" doc:name="responsePayload" doc:id="c785d8f3-3e7e-4a8d-ad1e-fd65287ed16b" variableName="responsePayload" />
			<flow-ref doc:name="logResponseInfo" doc:id="268918c3-925a-40e5-a3e4-b5e57b479145" name="logResponseInfo" />
					
			<flow-ref doc:name="pgr-finerp-payment-main-workday-downtime-200-validator-subfl" doc:id="53ec5fb0-b1c1-45bd-83df-64588cee90d6" name="pgr-finerp-payment-main-workday-downtime-200-validator-subfl"/>
			<logger level="DEBUG" doc:name="Logger" doc:id="7b803b96-9073-47b6-b763-cb7abc9652c9" message="#[payload]"/>
			<error-handler>
				<on-error-propagate enableNotifications="true" logException="true" doc:name="On Error Propagate" doc:id="63fd13be-d06c-4283-b6ce-ec161dcdce05" type="HTTP:SERVICE_UNAVAILABLE">
					<flow-ref doc:name="logResponseError" doc:id="b3c2cae2-1074-4667-b8d7-b6730dbd01a8" name="logResponseError"/>
				<ee:transform doc:name="503" doc:id="f2ddec05-c699-469c-a5df-adc335bcbd2e">
							<ee:message>
							</ee:message>
							<ee:variables>
								<ee:set-variable variableName="httpStatus"><![CDATA[%dw 2.0
output application/java
---
"503"]]></ee:set-variable>
								<ee:set-variable variableName="workdayDowntime"><![CDATA[%dw 2.0
output application/java
---
true]]></ee:set-variable>
							</ee:variables>
						</ee:transform>
						<raise-error doc:name="Raise error" doc:id="1529c0dd-ea2a-46b6-86ea-cd56405ed1bb" type="${customError.technicalError}" description="${workday.unavailableResponse}" />
				
				</on-error-propagate>

<on-error-propagate enableNotifications="true" logException="true" doc:name="On Error Propagate" doc:id="1b8345f9-3419-4d9e-8b9a-8d173d8d126f" when='if (error.errorMessage.payload.^mediaType != "text/xml; charset=UTF-8") ((error.errorMessage.payload default "") contains  "503 : Service unavailable") else false' type="HTTP:INTERNAL_SERVER_ERROR">
					<flow-ref doc:name="logResponseError" doc:id="7ea40d07-15eb-4623-9b0b-b529ae885ead" name="logResponseError"/>
				<ee:transform doc:name="503" doc:id="391cd0ff-5482-4cfd-bbbc-e8d75bd5f696" >
							<ee:message >
							</ee:message>
							<ee:variables >
								<ee:set-variable variableName="httpStatus" ><![CDATA[%dw 2.0
output application/java
---
"503"]]></ee:set-variable>
								<ee:set-variable variableName="workdayDowntime" ><![CDATA[%dw 2.0
output application/java
---
true]]></ee:set-variable>
							</ee:variables>
						</ee:transform>
						<raise-error doc:name="Raise error" doc:id="02a1800e-c2f7-4f0a-83d6-5b3e72528cbf" type="${customError.technicalError}" description='${workday.unavailableResponse}'/>
				
				</on-error-propagate>
				
				<on-error-continue enableNotifications="true" logException="true" doc:name="On Error Continue" doc:id="93f58c08-72fa-49ca-9658-f65293fa8e62" when="#[ ((error.errorMessage.attributes.statusCode == p('workday.unauthorisedToken') as Number) or (error.errorMessage.attributes.statusCode == p('workday.forbiddenToken') as Number) or ((error.exception.errorMessage.typedValue.^mimeType == &quot;text/xml&quot;) and ((error.exception.errorMessage.typedValue.&quot;Envelope&quot;.&quot;Body&quot;.&quot;Fault&quot;[1] default &quot;&quot;) contains &quot;invalid username or password&quot;)))]">
					<flow-ref doc:name="logResponseError" doc:id="39085f2a-6f2b-4192-8317-ce574c272386" name="logResponseError"/>
					<flow-ref doc:name="pgr-finerp-payment-sy-workday-token-retry-subfl" doc:id="198bcc87-97b5-406a-b865-6e9656071c84" name="pgr-finerp-payment-sy-workday-token-retry-subfl"/>
				</on-error-continue>
				<on-error-propagate enableNotifications="true" logException="true" doc:name="On Error Propagate" doc:id="91936881-77c4-4b99-a28e-d1cc568fcea1" type="HTTP:BAD_REQUEST">
					<flow-ref doc:name="logResponseError" doc:id="6bb1a4c7-5638-48f1-879f-078f810af665" name="logResponseError"/>
					<ee:transform doc:name="Transform Message" doc:id="c8b1a7eb-395e-4807-bd5f-3b97969f211e" >
								<ee:message >
								</ee:message>
								<ee:variables >
									<ee:set-variable variableName="httpStatus" ><![CDATA[%dw 2.0
output application/java
---
503]]></ee:set-variable>
										<ee:set-variable variableName="workdayDowntime" ><![CDATA[%dw 2.0
output application/java
---
true]]></ee:set-variable>
								
</ee:variables>
							</ee:transform>
							<raise-error doc:name="Raise error" doc:id="2a62299f-be58-4e6f-994f-5876e9ce57b3" type="${customError.technicalError}" description="${workday.badRequestResponse}"/>
				</on-error-propagate>
				<on-error-propagate enableNotifications="true" logException="true" doc:name="On Error Propagate" doc:id="57f2bd39-ede2-4699-9018-e39c3abf6810" type="ANY">
					<flow-ref doc:name="logResponseError" doc:id="c5d8ee69-cadb-42d3-89c7-abe5eb993277" name="logResponseError"/>
					<logger level="DEBUG" doc:name="errorMessage Logger" doc:id="d7e3dab9-5705-41aa-a33d-c195d4e1bcfd" message="#[error.exception.errorMessage.typedValue]" category="com.pgr.cor.dataLogger" />
					<flow-ref doc:name="payment-main-workday-downtime-error-subfl" doc:id="ef9f226e-e6d6-4c1f-b3bd-610d342f9db4" name="pgr-finerp-payment-main-workday-downtime-error-subfl"/>
				</on-error-propagate>
			</error-handler>
		</try>



	</sub-flow>
</mule>
