<?xml version="1.0" encoding="UTF-8"?>

<mule xmlns:json="http://www.mulesoft.org/schema/mule/json"
	xmlns:os="http://www.mulesoft.org/schema/mule/os"
	xmlns:http="http://www.mulesoft.org/schema/mule/http"
	xmlns:ee="http://www.mulesoft.org/schema/mule/ee/core"
	xmlns="http://www.mulesoft.org/schema/mule/core"
	xmlns:doc="http://www.mulesoft.org/schema/mule/documentation"
	xmlns:xsi="http://www.w3.org/2001/XMLSchema-instance" xsi:schemaLocation="
http://www.mulesoft.org/schema/mule/http http://www.mulesoft.org/schema/mule/http/current/mule-http.xsd http://www.mulesoft.org/schema/mule/core http://www.mulesoft.org/schema/mule/core/current/mule.xsd
http://www.mulesoft.org/schema/mule/ee/core http://www.mulesoft.org/schema/mule/ee/core/current/mule-ee.xsd
http://www.mulesoft.org/schema/mule/os http://www.mulesoft.org/schema/mule/os/current/mule-os.xsd
http://www.mulesoft.org/schema/mule/json http://www.mulesoft.org/schema/mule/json/current/mule-json.xsd">
	<sub-flow name="pgr-finerp-payment-sy-payee-remitToConnection-subfl"
		doc:id="4a82255c-95d9-42d5-8d01-eede0218aa9f">
		
		 <ee:transform doc:name="ResetFlowName" doc:id="57e231e0-c38f-40ac-9e8e-eb1568364044" >
			<ee:message >
			</ee:message>
			<ee:variables >
				<ee:set-variable variableName="serviceLoggingVars" ><![CDATA[%dw 2.0
output application/java
---
(vars.serviceLoggingVars update {
		case flowName at .flowName -> p("flowName.payee.remitToConnection")
	})]]></ee:set-variable>
			</ee:variables>
		</ee:transform>
		<flow-ref doc:name="pgr-finerp-payment-sy-call-wd-remitToAddressId-rpt-subfl" doc:id="cdb41d65-db23-44e2-bd38-56f4d345d2a1" name="pgr-finerp-payment-sy-call-wd-remitToAddressId-rpt-subfl" />
		<choice doc:name="Choice" doc:id="66d3c84b-1983-4ee1-9f9f-25a15dde1525">
			<when expression="#[vars.workdayResponse == null]">
				<ee:transform doc:name="Not Found Response" doc:id="3b0aaf34-0e2d-4dfc-a735-0ead8fb2b54c">
							<ee:message>
						<ee:set-payload resource="dwl/remit_to_not_found_response.dwl" />
							</ee:message>
							<ee:variables>
								<ee:set-variable variableName="httpStatus"><![CDATA[%dw 2.0
output application/java
---
404]]></ee:set-variable>
							
</ee:variables>
						</ee:transform>
					</when>
			<otherwise>
				<ee:transform doc:name="Found Response" doc:id="5f836b86-cdc4-4978-9637-df7f429fdf0f">
					<ee:message>
						<ee:set-payload resource="dwl/remit_to_success_response.dwl" />
					</ee:message>
					<ee:variables>
						<ee:set-variable variableName="httpStatus"><![CDATA[%dw 2.0
output application/java
---
200]]></ee:set-variable>
					</ee:variables>
				</ee:transform>
			</otherwise>
				</choice>
	
</sub-flow>
	<sub-flow name="pgr-finerp-payment-sy-call-wd-remitToAddressId-rpt-subfl" doc:id="ad63911d-92c8-4a8a-a08b-6ace97e86dd0">
		<try doc:name="Try" doc:id="a549ae0c-21d8-4329-92fa-9f1408540d86">
			<ee:transform doc:name="QueryParam" doc:id="0057a842-347e-46de-95cf-b4ca8bb5209f" >
				<ee:message >
				</ee:message>
				<ee:variables >
					<ee:set-variable resource="dwl/remitToConnectionQueryP.dwl" variableName="queryPar" />
				</ee:variables>
			</ee:transform>
			<set-variable value="${flowName.payments.wd.remitToAddressId}" doc:name="Set flowName" doc:id="b70704e1-9f78-4446-b063-24e06cb0a307" variableName="dynamicFlowName"/>
<flow-ref doc:name="pgr-finerp-payment-sy-workday-token-call-subfl" doc:id="145b2965-9cfb-4760-8b0c-81a4331532ec" name="pgr-finerp-payment-sy-workday-token-call-subfl"/>
			<logger level="DEBUG" doc:name="Logger" doc:id="781f6dd9-ad21-4796-9666-7cc9978e6b95" message='#["Query parameters:  " ++ attributes.queryParams as String default ""]' />
			<ee:transform doc:name="requestParams" doc:id="ef3f4ca4-3408-43b0-940b-3c32577c74ce">
				<ee:message />
				<ee:variables>
					<ee:set-variable variableName="requestPayload"><![CDATA[payload]]></ee:set-variable>
					<ee:set-variable resource="dwl/requestParams/supplierRemitToConnection.dwl" variableName="requestAttributes" />
				</ee:variables>
			</ee:transform>
			<flow-ref doc:name="logRequestInfo" doc:id="ef6b2637-19b1-4788-9801-78c29ec061c8" name="logRequestInfo"/>
	
			<http:request method="GET" doc:name="Send Supplier Request To WD Report" doc:id="d060ba75-0fb5-49ec-b59e-43fb242cd1af" config-ref="Generic_Payment_WD_Request_Configuration" path="${secure::workday.supplierInvoice.getRemitToAddressIdPath}" responseTimeout="${workday.supplierInvoice.getInvoiceResponseTimeout}">
						<http:body ><![CDATA[#[vars.requestPayload]]]></http:body>
				<http:headers><![CDATA[#[output application/java
---
vars.requestAttributes.requestParams.headers]]]></http:headers>
						<http:query-params><![CDATA[#[output application/java
---
vars.requestAttributes.requestParams.QueryParams]]]></http:query-params>

					</http:request>
					<set-variable value="#[payload]" doc:name="responsePayload" doc:id="3f3f61dc-f785-455b-8fbd-4682398fe18d" variableName="responsePayload" />
			<flow-ref doc:name="logResponseInfo" doc:id="8a47d847-3346-47ce-b7e9-6babd2d86fe4" name="logResponseInfo" />
					
			<flow-ref doc:name="pgr-finerp-payment-main-workday-downtime-200-validator-subfl" doc:id="49f4df82-d2d6-480b-a3a5-f0dc9a0e1eb0" name="pgr-finerp-payment-main-workday-downtime-200-validator-subfl" />
			<logger level="DEBUG" doc:name="Logger" doc:id="45bd946d-6808-4211-97c5-b8cc54079579" message="#[payload]" />
			<error-handler>
				
<on-error-propagate enableNotifications="true" logException="true" doc:name="On Error Propagate" doc:id="6646188a-c65e-40be-ae02-d0d0a4b3fecb" type="HTTP:SERVICE_UNAVAILABLE">
					<flow-ref doc:name="logResponseError" doc:id="6b85af7b-6767-4db4-b8b6-c6e9235c7c39" name="logResponseError"/>
				<ee:transform doc:name="503" doc:id="f6f88c96-8f9b-4c2c-88ab-054e306b726b">
							<ee:message>
							</ee:message>
							<ee:variables>
								<ee:set-variable variableName="httpStatus"><![CDATA[%dw 2.0
output application/java
---
"503"]]></ee:set-variable>
								<ee:set-variable variableName="workdayDowntime"><![CDATA[%dw 2.0
output application/java
---
true]]></ee:set-variable>
							</ee:variables>
						</ee:transform>
						<raise-error doc:name="Raise error" doc:id="3608e029-3d59-41d2-8e5c-dac43d808eb2" type="${customError.technicalError}" description="${workday.unavailableResponse}" />
				
				</on-error-propagate>

<on-error-propagate enableNotifications="true" logException="true" doc:name="On Error Propagate" doc:id="054de718-0fdd-40d4-9f0f-2488d811047d" when='if (error.errorMessage.payload.^mediaType != "text/xml; charset=UTF-8") ((error.errorMessage.payload default "") contains  "503 : Service unavailable") else false' type="HTTP:INTERNAL_SERVER_ERROR">
					<flow-ref doc:name="logResponseError" doc:id="2f6b2db2-daeb-4791-8218-57ea84d4ef40" name="logResponseError"/>
				<ee:transform doc:name="503" doc:id="ce7cfa1a-1de4-44db-88a4-1347d6fd67c5" >
							<ee:message >
							</ee:message>
							<ee:variables >
								<ee:set-variable variableName="httpStatus" ><![CDATA[%dw 2.0
output application/java
---
"503"]]></ee:set-variable>
								<ee:set-variable variableName="workdayDowntime" ><![CDATA[%dw 2.0
output application/java
---
true]]></ee:set-variable>
							</ee:variables>
						</ee:transform>
						<raise-error doc:name="Raise error" doc:id="dd21c00b-6624-4a25-a27b-2fcde544973e" type="${customError.technicalError}" description='${workday.unavailableResponse}'/>
				
				</on-error-propagate>
				
<on-error-continue enableNotifications="true" logException="true" doc:name="On Error Continue" doc:id="e2e8e04e-7f6b-4c90-b1fa-4cb440fd385c" when="#[ ((error.errorMessage.attributes.statusCode == p('workday.unauthorisedToken') as Number) or (error.errorMessage.attributes.statusCode == p('workday.forbidden') as Number) or ((error.exception.errorMessage.typedValue.^mimeType == &quot;text/xml&quot;) and ((error.exception.errorMessage.typedValue.&quot;Envelope&quot;.&quot;Body&quot;.&quot;Fault&quot;[1] default &quot;&quot;) contains &quot;invalid username or password&quot;)))]">
					<flow-ref doc:name="logResponseError" doc:id="2c933d7b-b0ec-4da7-9851-f115913b548d" name="logResponseError"/>
					<flow-ref doc:name="pgr-finerp-payment-sy-workday-token-retry-subfl" doc:id="76123a7e-7335-406a-8d30-c0b67046f548" name="pgr-finerp-payment-sy-workday-token-retry-subfl"/>
				</on-error-continue>
				<on-error-propagate enableNotifications="true" logException="true" doc:name="On Error Propagate" doc:id="fc31ba80-1d76-4e51-a723-51a6bab530c6" type="HTTP:BAD_REQUEST">
					<flow-ref doc:name="logResponseError" doc:id="19ad5f46-2316-44e1-afb9-58eba4ef7d6c" name="logResponseError"/>
					<ee:transform doc:name="Transform Message" doc:id="75d48ca0-349e-4ea8-adea-8f3f7805495c">
								<ee:message>
								</ee:message>
								<ee:variables>
									<ee:set-variable variableName="httpStatus"><![CDATA[%dw 2.0
output application/java
---
503]]></ee:set-variable>
							<ee:set-variable variableName="workdayDowntime" ><![CDATA[%dw 2.0
output application/java
---
true]]></ee:set-variable>
								
</ee:variables>
							</ee:transform>
							<raise-error doc:name="Raise error" doc:id="69924c6b-72ff-49fb-bf61-f44884af267a" type="${customError.technicalError}" description="${workday.badRequestResponse}" />
				</on-error-propagate>
				<on-error-propagate enableNotifications="true" logException="true" doc:name="On Error Propagate" doc:id="915a1824-4d93-4545-8903-dbb0bfaeb64b" type="ANY">
					<flow-ref doc:name="logResponseError" doc:id="3b7fdb4e-758d-40b0-ac51-ce0a52bf82a7" name="logResponseError"/>
					<flow-ref doc:name="payment-main-workday-downtime-error-subfl" doc:id="f1c3c6fa-5390-4747-9806-ed7748a924b8" name="pgr-finerp-payment-main-workday-downtime-error-subfl" />
				</on-error-propagate>
			
</error-handler>
		</try>



	</sub-flow>
</mule>
