<?xml version="1.0" encoding="UTF-8"?>
<mule xmlns="http://www.mulesoft.org/schema/mule/core" xmlns:api-gateway="http://www.mulesoft.org/schema/mule/api-gateway" xmlns:apikit="http://www.mulesoft.org/schema/mule/mule-apikit" xmlns:db="http://www.mulesoft.org/schema/mule/db" xmlns:doc="http://www.mulesoft.org/schema/mule/documentation" xmlns:http="http://www.mulesoft.org/schema/mule/http" xmlns:os="http://www.mulesoft.org/schema/mule/os" xmlns:s3="http://www.mulesoft.org/schema/mule/s3" xmlns:secure-properties="http://www.mulesoft.org/schema/mule/secure-properties" xmlns:tls="http://www.mulesoft.org/schema/mule/tls" xmlns:workday="http://www.mulesoft.org/schema/mule/workday" xmlns:wsc="http://www.mulesoft.org/schema/mule/wsc" xmlns:xsi="http://www.w3.org/2001/XMLSchema-instance" xsi:schemaLocation=" http://www.mulesoft.org/schema/mule/mule-apikit http://www.mulesoft.org/schema/mule/mule-apikit/current/mule-apikit.xsd  http://www.mulesoft.org/schema/mule/api-gateway http://www.mulesoft.org/schema/mule/api-gateway/current/mule-api-gateway.xsd http://www.mulesoft.org/schema/mule/core http://www.mulesoft.org/schema/mule/core/current/mule.xsd http://www.mulesoft.org/schema/mule/secure-properties http://www.mulesoft.org/schema/mule/secure-properties/current/mule-secure-properties.xsd http://www.mulesoft.org/schema/mule/workday http://www.mulesoft.org/schema/mule/workday/current/mule-workday.xsd http://www.mulesoft.org/schema/mule/http http://www.mulesoft.org/schema/mule/http/current/mule-http.xsd http://www.mulesoft.org/schema/mule/os http://www.mulesoft.org/schema/mule/os/current/mule-os.xsd http://www.mulesoft.org/schema/mule/wsc http://www.mulesoft.org/schema/mule/wsc/current/mule-wsc.xsd http://www.mulesoft.org/schema/mule/db http://www.mulesoft.org/schema/mule/db/current/mule-db.xsd http://www.mulesoft.org/schema/mule/s3 http://www.mulesoft.org/schema/mule/s3/current/mule-s3.xsd http://www.mulesoft.org/schema/mule/tls http://www.mulesoft.org/schema/mule/tls/current/mule-tls.xsd">
    <configuration-properties doc:name="Configuration properties" doc:id="c4aeb59d-e621-418d-9ef9-a18715f6410f" file="properties/config.yaml" />
    <secure-properties:config name="Payments_Secure_Properties_Config" doc:name="Secure Properties Config" doc:id="ef32027b-0d61-4a37-a064-264d5f2445a6" file="properties/${mule.env}-secure.yaml" key="${mule.aes.encryption.key}" />
    <apikit:config name="payment-sys-api-config" api="resource::958db921-1c8c-4815-83c6-71ad763ff933:payment-sys-api:1.0.78:oas:zip:payment-sys-api.json" outboundHeadersMapName="outboundHeaders" httpStatusVarName="httpStatus" />
    <os:config name="ObjectStore_Config" doc:name="ObjectStore Config" doc:id="0e2c800e-2eda-4f87-ade2-051149406b02">
        <os:connection>
            <reconnection>
                <reconnect frequency="${objectstore.frequency}" count="${objectstore.attempts}" />
            </reconnection>
        </os:connection>
    </os:config>
    <!-- <os:object-store name="invoice_store" doc:name="Object store" doc:id="d84bffb2-06c0-4113-b0b5-3ffc9d548459" config-ref="ObjectStore_Config" /> -->
    <http:request-config name="Workday_Token_Request_configuration" doc:name="HTTP Request configuration" doc:id="373bef39-61ee-4591-aac8-15d58eb375de" responseTimeout="${http.responseTimeout}">
        <http:request-connection protocol="HTTPS" host="${secure::workday.host}" connectionIdleTimeout="${http.responseTimeout}">
            <reconnection>
                <reconnect frequency="${retry.time}" count="${retry.max}" />
            </reconnection>
            <tls:context>
                <tls:trust-store insecure="true" />
            </tls:context>
            <http:proxy-config>
                <http:proxy host="${secure::proxy.host}" port="${secure::proxy.port}" username="${secure::proxy.userName}" password="${secure::proxy.password}" />
            </http:proxy-config>
            <http:authentication>
                <http:basic-authentication username="${secure::workday.generic.clientId}" password="${secure::workday.generic.clientSecret}" />
            </http:authentication>
        </http:request-connection>
    </http:request-config>
    <http:request-config name="Generic_Payment_WD_Request_Configuration" doc:name="HTTP Request configuration" doc:id="1ab5d358-3567-451b-9620-d012abdae9ba" responseTimeout="${http.responseTimeout}">
        <http:request-connection protocol="HTTPS" host="${secure::workday.host}" connectionIdleTimeout="${http.responseTimeout}">
            <reconnection>
                <reconnect frequency="${retry.time}" count="${retry.max}" />
            </reconnection>
            <tls:context>
                <tls:trust-store insecure="true" />
            </tls:context>
            <http:proxy-config>
                <http:proxy host="${secure::proxy.host}" port="${secure::proxy.port}" username="${secure::proxy.userName}" password="${secure::proxy.password}" />
            </http:proxy-config>
        </http:request-connection>
    </http:request-config>
    <os:object-store name="OAuth_Object_store" doc:name="OAuth Token Object store" doc:id="c81e6815-762b-41b5-b226-da1f055abd82" maxEntries="${objectStore.maxEntries}" entryTtl="${objectStore.entryTtl}" config-ref="ObjectStore_Config" expirationInterval="${objectStore.expirationInterval}" persistent="false" />
    <import doc:name="Import" doc:id="d9b8ce37-fdbc-43b5-9366-bc7cc6e6ad31" file="healthcheck-common-framework.xml" />
    <import doc:name="Import" doc:id="35210959-b6dd-4f83-b5ab-08b08455d16a" file="pgr_common_error_handling_framework.xml" />
    <import doc:name="Import" doc:id="4c8f9aaa-cded-433c-9ad1-7a223d540317" file="pgr_common_error_handling_global_config.xml" />
    <import doc:name="Import" doc:id="e0c4336e-e34d-4801-ac1f-58163b4b87aa" file="pgr_common_error_handling_logging.xml" />
    <import doc:name="Import" doc:id="e670d48a-5fef-4773-8908-9f7e5d2e94fa" file="pgr-cor-mule-s3-cache-implementation.xml" />
    <import doc:name="Import" doc:id="5cacde0a-18bc-40ab-a6d5-3d4333408cf5" file="pgr-cor-mule-global-config.xml" />
	<api-gateway:autodiscovery apiId="${secure::autoDiscovery.id}" doc:name="API Autodiscovery" doc:id="ac42a43b-8e87-437d-ad6b-d953018544a6" flowRef="pgr-finerp-payment-sy-main-fl" />
 </mule>
