<?xml version="1.0" encoding="UTF-8"?>

<mule xmlns:workday="http://www.mulesoft.org/schema/mule/workday"
	xmlns:os="http://www.mulesoft.org/schema/mule/os"
	xmlns:http="http://www.mulesoft.org/schema/mule/http"
	xmlns:ee="http://www.mulesoft.org/schema/mule/ee/core"
	xmlns="http://www.mulesoft.org/schema/mule/core"
	xmlns:doc="http://www.mulesoft.org/schema/mule/documentation"
	xmlns:xsi="http://www.w3.org/2001/XMLSchema-instance"
	xsi:schemaLocation="http://www.mulesoft.org/schema/mule/core http://www.mulesoft.org/schema/mule/core/current/mule.xsd
http://www.mulesoft.org/schema/mule/ee/core http://www.mulesoft.org/schema/mule/ee/core/current/mule-ee.xsd
http://www.mulesoft.org/schema/mule/os http://www.mulesoft.org/schema/mule/os/current/mule-os.xsd
http://www.mulesoft.org/schema/mule/http http://www.mulesoft.org/schema/mule/http/current/mule-http.xsd
http://www.mulesoft.org/schema/mule/workday http://www.mulesoft.org/schema/mule/workday/current/mule-workday.xsd">
	<http:request-config name="WDInfo"
		doc:name="HTTP Request configuration"
		doc:id="c64dbd24-8aee-4f97-81b5-12891a2c1c8b">
		<http:request-connection protocol="HTTPS" />
	</http:request-config>
	<sub-flow
		name="pgr-finerp-payment-sy-payment-status-retrieve-subfl"
		doc:id="8237ca29-281b-4580-8b6e-642fbda06225">
		<try doc:name="Try" doc:id="22d71c45-861e-46cd-8680-87d213d8652c" >
			<ee:transform doc:name="Extract query params" doc:id="42614931-42e4-425c-8989-af1a2437fb16">
			<ee:variables>
			    <ee:set-variable variableName="sourceTransactionId"><![CDATA[attributes.queryParams.sourceTransactionId]]></ee:set-variable>
				<ee:set-variable variableName="paymentReferenceId"><![CDATA[attributes.queryParams.paymentReferenceId]]></ee:set-variable>
					<ee:set-variable variableName="serviceLoggingVars" ><![CDATA[%dw 2.0
output application/java
---
(vars.serviceLoggingVars update {
		case flowName at .flowName -> p("flowName.payments.status.retrieve")
	})]]></ee:set-variable>
			</ee:variables>
		</ee:transform>
			<flow-ref doc:name="Flow Ref to retrieve payment status from WD" doc:id="d3805fff-fb1e-49b7-9d8e-0c5a10202d0d" name="pgr-finerp-payment-sy-get-digital-Payment-status-subfl" />
			<ee:transform doc:name="Output Response" doc:id="7ff49b81-82c4-48ce-9cd8-2686d329d3fb">
			<ee:message>
				<ee:set-payload resource="dwl/payment-status-retrieve-response.dwl" />
			</ee:message>
		</ee:transform>
			<error-handler >
			<on-error-continue enableNotifications="true" logException="true" doc:name="On Error Continue" doc:id="fb23b094-4871-40bb-8540-b23e904d6c34" when='#[error.description contains ("No Records Found")]'>
				<ee:transform doc:name="Error Response" doc:id="156cd9d5-9ea8-4ac6-9a74-f9540c4c67ba" >
					<ee:message >
						<ee:set-payload ><![CDATA[%dw 2.0
output application/json

---
{
	eventTimeStamp: now(),
	serviceName: Mule::p('mainAppName'),
	correlationId: vars.serviceLoggingVars.correlationId,
	transactionLevel: Mule::p('getPaymentStatus.transaction_exception'),
	flowName: vars.serviceLoggingVars.flowName,
	sourceTransactionId: vars.sourceTransactionId,
	result: {
		status: Mule::p('paymentStatus.retrieve.errorTransactionLevel'),
		code: Mule::p('paymentStatus.retrieve.invalidId'),
		message: Mule::p('paymentStatus.retrieve.errorMessage'),
		content: {
			errorField : "paymentReferenceId",
			errorValue : vars.paymentReferenceId,
			errorReason: Mule::p('paymentStatus.retrieve.errorMessage'),
			errorLineNumber: ''
		}
	}

}]]></ee:set-payload>
					</ee:message>
					<ee:variables >
						<ee:set-variable variableName="httpStatus" ><![CDATA[%dw 2.0
output application/json
---
404]]></ee:set-variable>
					</ee:variables>
				</ee:transform>
			</on-error-continue>
		</error-handler>
		</try>
	</sub-flow>

	<sub-flow
		name="pgr-finerp-payment-sy-get-digital-Payment-status-subfl"
		doc:id="c4ef0180-c307-4bed-a003-99770e81b219">
		<try doc:name="Try" doc:id="a2b947bb-87b7-43d2-a2f0-dcb4cca8e4ed">
			<set-variable value="${flowName.payments.digital.getPaymentStatus}" doc:name="Set flowName" doc:id="57d54bd7-57cf-407a-b375-d5f4a341b83c" variableName="dynamicFlowName"/>
			<flow-ref doc:name="pgr-finerp-payment-sy-workday-token-call-subfl" doc:id="fae3d6c8-c629-4158-83af-9c359b3dda4c" name="pgr-finerp-payment-sy-workday-token-call-subfl"/>
			<ee:transform doc:name="requestParams" doc:id="82e4ca7e-089e-40b2-ab67-4af5469f2b2a" >
				<ee:message >
				</ee:message>
				<ee:variables >
					<ee:set-variable variableName="requestPayload" ><![CDATA[payload]]></ee:set-variable>
					<ee:set-variable resource="dwl/requestParams/paymentStatus.dwl" variableName="requestAttributes" />
				</ee:variables>
			</ee:transform>
			<flow-ref doc:name="logRequestInfo" doc:id="434d6a7a-cfe4-4d78-b9b6-5e3e8de5a966" name="logRequestInfo"/>
			
	
			<http:request method="GET"
				doc:name="Retrieve payment detail from WD"
				doc:id="7c041d79-be0d-4d38-b68b-a41aa50ecb7b"
				config-ref="Generic_Payment_WD_Request_Configuration"
				path="${secure::workday.miscellaneousPayment.getPaymentStatus}">
				<http:body ><![CDATA[#[vars.requestPayload]]]></http:body>
				<http:headers><![CDATA[#[output application/java
---
vars.requestAttributes.requestParams.headers]]]></http:headers>
				<http:query-params><![CDATA[#[output application/java
---
vars.requestAttributes.requestParams.QueryParams]]]></http:query-params>
			</http:request>
			<set-variable value='#[%dw 2.0&#10;&#10;output text/plain&#10;&#10;---&#10;&#10;write(payload, "text/xml")]' doc:name="responsePayload" doc:id="a78dda36-e212-4c58-aebb-9a3422dc8f2e" variableName="responsePayload" />
			<flow-ref doc:name="logResponseInfo" doc:id="cd5ed899-774a-48f1-93fc-92a972181113" name="logResponseInfo" />
			
			
			<error-handler>
				<on-error-propagate enableNotifications="true" logException="true" doc:name="On Error Propagate" doc:id="a0a9789b-0b04-45b9-a5ae-70a5e6081672" type="HTTP:SERVICE_UNAVAILABLE">
					<flow-ref doc:name="logResponseError" doc:id="75a9744b-c4aa-4a8a-975d-f144e8d85b81" name="logResponseError"/>		
				<ee:transform doc:name="503" doc:id="bf02be2c-0a88-4b33-a924-29559954d397">
							<ee:message>
							</ee:message>
							<ee:variables>
								<ee:set-variable variableName="httpStatus"><![CDATA[%dw 2.0
output application/java
---
"503"]]></ee:set-variable>
								<ee:set-variable variableName="workdayDowntime"><![CDATA[%dw 2.0
output application/java
---
true]]></ee:set-variable>
							</ee:variables>
						</ee:transform>
						<raise-error doc:name="Raise error" doc:id="c57174d5-86fa-4ade-b0c6-24f53d6a1760" type="${customError.technicalError}" description="${workday.unavailableResponse}" />
				
				</on-error-propagate>

<on-error-propagate enableNotifications="true" logException="true" doc:name="On Error Propagate" doc:id="7c4bc513-af0b-432f-b2b8-96b3794a1122" when='if (error.errorMessage.payload.^mediaType != "text/xml; charset=UTF-8") ((error.errorMessage.payload default "") contains  "503 : Service unavailable") else false' type="HTTP:INTERNAL_SERVER_ERROR">
					<flow-ref doc:name="logResponseError" doc:id="df125833-6f3d-46d7-85bf-9db0857b81ba" name="logResponseError"/>
				<ee:transform doc:name="503" doc:id="a922d28e-3a3b-425c-ab0d-123e26044dbf" >
							<ee:message >
							</ee:message>
							<ee:variables >
								<ee:set-variable variableName="httpStatus" ><![CDATA[%dw 2.0
output application/java
---
"503"]]></ee:set-variable>
								<ee:set-variable variableName="workdayDowntime" ><![CDATA[%dw 2.0
output application/java
---
true]]></ee:set-variable>
							</ee:variables>
						</ee:transform>
						<raise-error doc:name="Raise error" doc:id="6f33f02c-b5cb-4e79-9210-5cb3f550e781" type="${customError.technicalError}" description='${workday.unavailableResponse}'/>
				
				</on-error-propagate>
				
				<on-error-continue enableNotifications="true" logException="true" doc:name="On Error Continue" doc:id="bde4d9aa-82c8-44a0-ad2c-0a03ba3ac714" when="#[ ((error.errorMessage.attributes.statusCode == p('workday.unauthorisedToken') as Number) or (error.errorMessage.attributes.statusCode == p('workday.forbidden') as Number) or ((error.exception.errorMessage.typedValue.^mimeType == &quot;text/xml&quot;) and ((error.exception.errorMessage.typedValue.&quot;Envelope&quot;.&quot;Body&quot;.&quot;Fault&quot;[1] default &quot;&quot;) contains &quot;invalid username or password&quot;)))]">
					<flow-ref doc:name="logResponseError" doc:id="d60aba59-9209-4d87-898b-f8c765af4279" name="logResponseError"/>
					<flow-ref doc:name="pgr-finerp-payment-sy-workday-token-retry-subfl" doc:id="67735836-ebe0-40b1-8e52-41053d77fbf2" name="pgr-finerp-payment-sy-workday-token-retry-subfl"/>
				</on-error-continue>
				<on-error-propagate enableNotifications="true"
					logException="true" doc:name="On Error Propagate"
					doc:id="bf4c0acc-512c-4601-a7de-fd0b5d6c62bc"
					type="HTTP:BAD_REQUEST">
					<flow-ref doc:name="logResponseError" doc:id="741a97fc-523c-4981-8e66-6e5cd10d6c6a" name="logResponseError"/>
					<ee:transform doc:name="BAD_REQUEST"
						doc:id="ced4a86d-a44b-4764-8283-277730c14f1e">
						<ee:message>
						</ee:message>
						<ee:variables>
							<ee:set-variable variableName="httpStatus"><![CDATA[%dw 2.0
output application/java
---
503]]></ee:set-variable>
							<ee:set-variable variableName="workdayDowntime"><![CDATA[%dw 2.0
output application/java
---
true]]></ee:set-variable>

						</ee:variables>
					</ee:transform>
					<raise-error doc:name="Raise error"
						doc:id="88055f59-773e-4c17-b928-8e5ec910692a"
						type="${customError.technicalError}"
						description="${workday.badRequestResponse}" />

				</on-error-propagate>

				<on-error-propagate enableNotifications="true"
					logException="true" doc:name="On Error Propagate"
					doc:id="41b1d368-b2cb-4ea5-af2f-47837f3c5869"
					when="((error.errorMessage.payload.Envelope.Body.Fault.faultstring default &quot;&quot;) contains  &quot;is not a valid ID value for type = 'Miscellaneous_Payment_Request_Reference_ID'&quot;)"
					type="HTTP:INTERNAL_SERVER_ERROR">
					<flow-ref doc:name="logResponseError" doc:id="f69884f4-c7f3-414d-bea4-316eace4ad47" name="logResponseError"/>
					<ee:transform doc:name="404"
						doc:id="be7aeaa7-aa10-41eb-839c-5a1094783518">
						<ee:message>
						</ee:message>
						<ee:variables>
							<ee:set-variable variableName="httpStatus"><![CDATA[%dw 2.0
output application/java
---
"404"]]></ee:set-variable>
							<ee:set-variable variableName="workdayDowntime"><![CDATA[%dw 2.0
output application/java
---
false]]></ee:set-variable>
							<ee:set-variable resource="dwl/errorMessage.dwl"
								variableName="errorMessage" />
						</ee:variables>
					</ee:transform>
					<raise-error doc:name="Raise error"
						doc:id="ad971298-c9d2-4861-bf9e-74ac9b8895bc"
						type="${customError.businessError}"
						description='PROCESSING_ERROR: No paymentReferenceId found in WD' />

				</on-error-propagate>
				<on-error-propagate enableNotifications="true"
					logException="true" doc:name="On Error Propagate"
					doc:id="8cf34aea-677f-43ab-a23f-fdb7c087c076" type="ANY">
					<flow-ref doc:name="logResponseError" doc:id="248ca52d-579f-49a7-a3d2-bd8dc69837a3" name="logResponseError"/>
					<flow-ref
						doc:name="payment-main-workday-downtime-error-subfl"
						doc:id="5b08e942-5f42-4e10-b32d-402033048bc2"
						name="pgr-finerp-payment-main-workday-downtime-error-subfl" />
				</on-error-propagate>

			</error-handler>
		</try>
	</sub-flow>


</mule>
