<?xml version="1.0" encoding="UTF-8"?>

<mule xmlns:ee="http://www.mulesoft.org/schema/mule/ee/core"
	xmlns="http://www.mulesoft.org/schema/mule/core"
	xmlns:doc="http://www.mulesoft.org/schema/mule/documentation"
	xmlns:xsi="http://www.w3.org/2001/XMLSchema-instance"
	xsi:schemaLocation="
http://www.mulesoft.org/schema/mule/ee/core http://www.mulesoft.org/schema/mule/ee/core/current/mule-ee.xsd http://www.mulesoft.org/schema/mule/core http://www.mulesoft.org/schema/mule/core/current/mule.xsd">

	<sub-flow name="pgr-finerp-payment-sy-spendCategoryLookup-subfl"
		doc:id="c20ab673-5f05-459c-a1b1-f9838de89a6e">
		<set-variable
			value="${s3.lookup.spend-category-lookup}"
			doc:name="configName" doc:id="e82c4f30-1670-4c09-b5d5-40acf73f03e3"
			variableName="configName" />
		<flow-ref doc:name="loading_config_in_local_cache_flow"
			doc:id="268a4f23-8065-4b36-aea0-5b021f9458e1"
			name="loading_config_in_local_cache_flow" />

		<ee:transform doc:name="Extract CSV"
			doc:id="494cf7ee-f3c2-4ef2-a833-620eba999db8">
			<ee:message>
				<ee:set-payload><![CDATA[%dw 2.0
output application/json 
input payload application/csv 
---
read(payload,"application/csv",{"separator":"|"})]]></ee:set-payload>
			</ee:message>
			<ee:variables>
			</ee:variables>
		</ee:transform>
		<ee:transform doc:name="Prepare HashMap"
			doc:id="cb4f8c9b-7aa8-4e90-8165-ebc32f94fb77">
			<ee:message>
				<ee:set-payload resource="dwl/spend_category_lookup.dwl" />
			
</ee:message>
			<ee:variables>
			</ee:variables>
		</ee:transform>
	</sub-flow>
	<sub-flow name="rateManual-lookup-subfl" doc:id="c0b2efd4-9e17-4fcc-a218-978793bf6f79" >
		<set-variable value="${s3.lookup.rate-manual-lookup}" doc:name="configName" doc:id="c11d19a3-606b-4410-bfeb-2f5751c7c550" variableName="configName"/>
		<flow-ref doc:name="loading_config_in_local_cache_flow" doc:id="cb05b0e2-334f-4887-891d-690cd6a161c3" name="loading_config_in_local_cache_flow"/>
		<ee:transform doc:name="Extract CSV" doc:id="b0294c84-e3ed-4257-83bb-c82280f1ab9a" >
			<ee:message >
			</ee:message>
			<ee:variables >
				<ee:set-variable variableName="rate_manual_lookup" ><![CDATA[%dw 2.0
output application/json
input payload application/csv
---
read(payload,"application/csv")]]></ee:set-variable>
			</ee:variables>
		</ee:transform>
		<ee:transform doc:name="Prepare HashMap" doc:id="eb764027-70c8-475c-abe2-a03cabadfe70" >
			<ee:message >
			</ee:message>
			<ee:variables >
				<ee:set-variable variableName="rate_manual_lookup" ><![CDATA[%dw 2.0
output application/java
---
{
(vars.rate_manual_lookup map {
    ($."RateManualCode"): $ 
})
}]]></ee:set-variable>
			</ee:variables>
		</ee:transform>
	</sub-flow>
	<sub-flow name="wd-company-lookup-subfl" doc:id="dc1de383-ceb4-4426-979f-fc13cdfdc716" >
		<set-variable value="${s3.lookup.workday-company-lookup}" doc:name="configName" doc:id="df777298-fe76-4317-9d11-67bedfcf44e8" variableName="configName"/>
		<flow-ref doc:name="loading_config_in_local_cache_flow" doc:id="9ad3c843-b544-45dd-b29c-94eba71a7d9d" name="loading_config_in_local_cache_flow"/>
		<ee:transform doc:name="Extract CSV" doc:id="d58daf3f-b35b-43da-997c-2d9409979c83" >
			<ee:message >
				<ee:set-payload ><![CDATA[%dw 2.0
output application/json 
input payload application/csv 
---
read(payload,"application/csv",{"separator":"|"})]]></ee:set-payload>
			</ee:message>
			<ee:variables >
			</ee:variables>
		</ee:transform>
		<ee:transform doc:name="Prepare HashMap" doc:id="45f3b6e9-e19d-441e-9d79-db790be09c0d" >
			<ee:message >
			</ee:message>
			<ee:variables >
				<ee:set-variable resource="dwl/wd_company_lookup.dwl" variableName="wd_company_lookup" />
			</ee:variables>
		</ee:transform>
	</sub-flow>
	<sub-flow name="wd-cost-center-code-lookup-subfl" doc:id="0e63c817-6ef4-4e9c-a880-e4a8f66e80fc" >
		<set-variable value="${s3.lookup.workday-cost-center-lookup}" doc:name="configName" doc:id="f82d3494-4cb7-4692-8eb4-3fc0dde97210" variableName="configName"/>
		<flow-ref doc:name="loading_config_in_local_cache_flow" doc:id="c3864ca6-0594-4b8b-be9f-7c56c4fedd78" name="loading_config_in_local_cache_flow"/>
		<ee:transform doc:name="Extract CSV" doc:id="fe2d7b4f-f370-477f-a083-73ca79800dbd" >
			<ee:message >
				<ee:set-payload ><![CDATA[%dw 2.0
output application/json 
input payload application/csv 
---
read(payload,"application/csv",{"separator":"|"})]]></ee:set-payload>
			</ee:message>
			<ee:variables >
			</ee:variables>
		</ee:transform>
		<ee:transform doc:name="Prepare HashMap" doc:id="a95c75b4-cca9-4b0b-84b7-258e9cf333b8" >
			<ee:message >
			</ee:message>
			<ee:variables >
				<ee:set-variable variableName="wd_cost_center_lookup" ><![CDATA[%dw 2.0
output application/java
---
(payload map {
    ($."CostCenterCode"): $.CostCenterCode 
})
]]></ee:set-variable>
			</ee:variables>
		</ee:transform>
	</sub-flow>
	<sub-flow name="wd-region-lookup-subfl" doc:id="6a0c775c-9e3e-4dc3-b028-74fd3678fe82" >
		<set-variable value="${s3.lookup.workday-region-lookup}" doc:name="configName" doc:id="0dd23394-f109-4b7d-aab6-644162017b6f" variableName="configName"/>
		<flow-ref doc:name="loading_config_in_local_cache_flow" doc:id="3200c029-1a1e-4408-b6d5-bfd0648b1621" name="loading_config_in_local_cache_flow"/>
		<set-payload value="#[payload]" doc:name="Set Payload" doc:id="c31d973b-847f-422f-a734-9da4ac432c13" mimeType="application/octet-stream"/>
		<ee:transform doc:name="Extract CSV" doc:id="8743f428-a482-46e2-8dbe-b7101a8d7b11" >
			<ee:message >
				<ee:set-payload ><![CDATA[%dw 2.0
output application/json 
input payload application/csv 
---
read(payload,"application/csv",{"separator":"|"})]]></ee:set-payload>
			</ee:message>
			<ee:variables >
			</ee:variables>
		</ee:transform>
		<ee:transform doc:name="Prepare HashMap" doc:id="8bb7afe8-9839-4972-965b-8a82017d89c2" >
			<ee:message >
			</ee:message>
			<ee:variables >
				<ee:set-variable variableName="wd_region_lookup" ><![CDATA[%dw 2.0
output application/java
---

(payload map {
    ($."StateCode"): $.StateCode
})
]]></ee:set-variable>
			</ee:variables>
		</ee:transform>
	</sub-flow>
	<sub-flow name="wd-line-coverage-code-lookup-subfl" doc:id="1801190e-3ceb-4545-9e00-ee946683462e" >
		<set-variable value="${s3.lookup.workday-line-coverage-lookup}" doc:name="configName" doc:id="e2d1df07-d75c-4a9b-b3f7-da90bd770710" variableName="configName"/>
		<flow-ref doc:name="loading_config_in_local_cache_flow" doc:id="e3402c67-b5ec-405a-82ee-a3aecd9c0c31" name="loading_config_in_local_cache_flow"/>
		<ee:transform doc:name="Extract CSV" doc:id="e86ae6a4-cd71-43e8-b536-c08241def9a2" >
			<ee:message >
				<ee:set-payload ><![CDATA[%dw 2.0
output application/json 
input payload application/csv 
---
read(payload,"application/csv",{"separator":"|"})]]></ee:set-payload>
			</ee:message>
			<ee:variables >
			</ee:variables>
		</ee:transform>
		<ee:transform doc:name="Prepare HashMap" doc:id="ba3b6e7f-ca7e-4c72-a1e8-8a7243d36a94" >
			<ee:message >
			</ee:message>
			<ee:variables >
				<ee:set-variable variableName="wd_line_coverage_lookup" ><![CDATA[%dw 2.0
output application/java
---
(payload map {
    ($."LineCoverageCode"): $.LineCoverageCode
})
]]></ee:set-variable>
			</ee:variables>
		</ee:transform>
	</sub-flow>
	
	<sub-flow name="company-lookup-subfl" doc:id="6e70ac7c-dfd2-4205-83d3-63555c4dd0ea" >
		<set-variable value="${s3.lookup.company-lookup}" doc:name="configName" doc:id="362056c5-a3cd-4e46-a18f-a50636309fbd" variableName="configName"/>
		<flow-ref doc:name="loading_config_in_local_cache_flow" doc:id="3663f39b-9aed-44c3-9c29-017f5e10ad42" name="loading_config_in_local_cache_flow"/>
		<ee:transform doc:name="Extract CSV" doc:id="8cd2cbb4-225f-4a0b-ad25-dcd308d9cf08" >
			<ee:message >
				<ee:set-payload ><![CDATA[%dw 2.0
output application/json 
input payload application/csv 
---
read(payload,"application/csv")]]></ee:set-payload>
			</ee:message>
			<ee:variables >
			</ee:variables>
		</ee:transform>
		<ee:transform doc:name="Prepare HashMap" doc:id="d2763863-0eef-431e-8202-a908e5b6c7ef" >
			<ee:message >
			</ee:message>
			<ee:variables >
				<ee:set-variable variableName="company_lookup" ><![CDATA[%dw 2.0
output application/java
---
(payload map {
    ($."SourcePgrCompanyCode"): $
})
]]></ee:set-variable>
			</ee:variables>
		</ee:transform>
	</sub-flow>

	<sub-flow name="gl-account-lookup-subfl" doc:id="95960678-6cb5-4307-8a88-ff770ccee45e" >
		<set-variable value="${s3.lookup.gl-account-lookup}" doc:name="configName" doc:id="5f8a66f4-62bc-4cf4-92a1-9e05f2e5b3a2" variableName="configName"/>
		<flow-ref doc:name="loading_config_in_local_cache_flow" doc:id="9ede2d65-3e8d-4fa7-94b5-62997a94682c" name="loading_config_in_local_cache_flow"/>
		<ee:transform doc:name="Extract CSV" doc:id="f2c95114-3c9b-444a-a932-0cab15faec6c" >
			<ee:message >
				<ee:set-payload ><![CDATA[%dw 2.0
output application/json 
input payload application/csv 
---
read(payload,"application/csv")]]></ee:set-payload>
			</ee:message>
			<ee:variables >
			</ee:variables>
		</ee:transform>
		<ee:transform doc:name="Prepare HashMap" doc:id="709a4d3e-31eb-45b8-8878-01109f9f0a77" >
			<ee:message >
			</ee:message>
			<ee:variables >
				<ee:set-variable variableName="gl_account_lookup" ><![CDATA[%dw 2.0
output application/java
---
(payload map {
    ($."SpendCategoryCode"): $
})
]]></ee:set-variable>
</ee:variables>
		</ee:transform>
</sub-flow>
	<sub-flow name="asl-lookup-subfl" doc:id="00732a6b-514e-4de1-92be-d504ed1161c0" >
<set-variable value="${s3.lookup.asl-lookup}" doc:name="configName" doc:id="64e81777-2e43-4e87-857c-0fb9fb2c2d39" variableName="configName"/>
		<flow-ref doc:name="loading_config_in_local_cache_flow" doc:id="c93e85fa-ae12-4ce5-ab06-0340150fb800" name="loading_config_in_local_cache_flow"/>
		<ee:transform doc:name="Extract CSV" doc:id="dc0373c5-5dd3-463c-af21-a12d6a1937a0" >
			<ee:message >
				<ee:set-payload ><![CDATA[%dw 2.0
output application/java
---
write(read(payload,"application/csv"),"application/csv",{"lineSeparator" : "|" }) ]]></ee:set-payload>
			</ee:message>
			<ee:variables >
			</ee:variables>
		</ee:transform>
		<ee:transform doc:name="Prepare HashMap" doc:id="1113c691-2b94-44aa-a68b-5a6a9035e9e5" >
			<ee:message >
			</ee:message>
			<ee:variables >
				<ee:set-variable variableName="asl_lookup" ><![CDATA[%dw 2.0
output application/java
---
{
	(payload splitBy "|" map {
		($[0 to 5]): $
	})
}]]></ee:set-variable>
			</ee:variables>
		</ee:transform>
	</sub-flow>
</mule>
