<?xml version="1.0" encoding="UTF-8"?>

<mule xmlns:os="http://www.mulesoft.org/schema/mule/os"
	xmlns:http="http://www.mulesoft.org/schema/mule/http" xmlns:ee="http://www.mulesoft.org/schema/mule/ee/core"
	xmlns="http://www.mulesoft.org/schema/mule/core"
	xmlns:doc="http://www.mulesoft.org/schema/mule/documentation" xmlns:xsi="http://www.w3.org/2001/XMLSchema-instance" xsi:schemaLocation="http://www.mulesoft.org/schema/mule/core http://www.mulesoft.org/schema/mule/core/current/mule.xsd
http://www.mulesoft.org/schema/mule/ee/core http://www.mulesoft.org/schema/mule/ee/core/current/mule-ee.xsd
http://www.mulesoft.org/schema/mule/os http://www.mulesoft.org/schema/mule/os/current/mule-os.xsd
http://www.mulesoft.org/schema/mule/http http://www.mulesoft.org/schema/mule/http/current/mule-http.xsd">
	<sub-flow name="pgr-finerp-payment-sy-payment-cancel-subfl" doc:id="e2e90b12-442d-40b9-82b8-1f7deb9f2743" >
		<ee:transform doc:name="flowName -paymentCategory" doc:id="5fe53611-12c0-48ee-a54f-98fb5ae5307a" >
			<ee:message >
			</ee:message>
			<ee:variables >
				<ee:set-variable variableName="paymentCategory " ><![CDATA[%dw 2.0
output application/json
---
payload.paymentCategory ]]></ee:set-variable>
				
				<ee:set-variable variableName="serviceLoggingVars" ><![CDATA[%dw 2.0
output application/java
---
(vars.serviceLoggingVars update {
		case flowName at .flowName -> p('flowName.payments.cancel')
	})]]></ee:set-variable>
				<ee:set-variable variableName="inputPayload" ><![CDATA[%dw 2.0
output application/json
---
payload]]></ee:set-variable>
			
</ee:variables>
		</ee:transform>
		<choice doc:name="Choice" doc:id="94b3083d-a18d-4075-90ca-24e34c06b0f4" >
			<when expression='#[payload.paymentCategory == "Miscellaneous Payment"]'>
				<flow-ref doc:name="pgr-finerp-payment-sy-misc-cancel-payment-wd-subfl" doc:id="ca3b1734-65be-45aa-9092-12cd2b0ca34d" name="pgr-finerp-payment-sy-misc-cancel-payment-wd-subfl"/>
			</when>
			<otherwise >
				<flow-ref doc:name="pgr-finerp-payment-sy-suppliers-cancel-payment-wd-subfl" doc:id="8a547ad4-bb8a-46fa-90e8-bbd83a95e17c" name="pgr-finerp-payment-sy-suppliers-cancel-payment-wd-subfl"/>
			</otherwise>
		</choice>
		<set-variable value="#[now()]" doc:name="Current DateTime" doc:id="c6af008c-a9a7-471d-8be0-8a3fd93ab1f4" variableName="currentDateTime"/>
		<ee:transform doc:name="Payment Cancel Success Response" doc:id="f6df1ae0-e69f-4562-9bb1-84eb74e9243a" xsi:schemaLocation="
http://www.mulesoft.org/schema/mule/http http://www.mulesoft.org/schema/mule/http/current/mule-http.xsd http://www.mulesoft.org/schema/mule/ee/core http://www.mulesoft.org/schema/mule/ee/core/current/mule-ee.xsd" >
			<ee:message >
				<ee:set-payload resource="dwl/cancelPaymentSuccess.dwl" />
			</ee:message>
		</ee:transform>
	</sub-flow>
	<sub-flow name="pgr-finerp-payment-sy-misc-cancel-payment-wd-subfl" doc:id="9f39572e-51ca-4a63-bc39-a710f08741d2">
		<try doc:name="Try" doc:id="53223a52-21c3-4a8c-b3e9-2920017c2fac">
			<ee:transform doc:name="updateFlowName" doc:id="ffa7b191-49f0-4229-ba2c-4d9b62e014ed" >
				<ee:message >
				</ee:message>
				<ee:variables >
					<ee:set-variable variableName="serviceLoggingVars" ><![CDATA[%dw 2.0
output application/java
---
(vars.serviceLoggingVars update {
		case flowName at .flowName -> p('flowName.payments.misc.cancel')
	})]]></ee:set-variable>
				</ee:variables>
			</ee:transform>
			<set-variable value="${flowName.payments.misc.cancel}" doc:name="Set flowName" doc:id="72751915-3ed6-43d7-8fd9-297c2bd11bbb" variableName="dynamicFlowName"/>
<flow-ref doc:name="pgr-finerp-payment-sy-workday-token-call-subfl" doc:id="3a29463b-fe26-4ea2-a35b-947344d7ec27" name="pgr-finerp-payment-sy-workday-token-call-subfl"/>
			<ee:transform doc:name="WD cancel Misc Payment data" doc:id="24a88a92-95e4-4a80-a1c9-4b6d6be77e40">
				<ee:message >
					<ee:set-payload resource="dwl/misPaymentCancel.dwl" />
					
				</ee:message>
				<ee:variables>
					<ee:set-variable variableName="target"><![CDATA[%dw 2.0
output application/java
---
"Workday"]]></ee:set-variable>
				</ee:variables>
			</ee:transform>
			<ee:transform doc:name="requestParams" doc:id="d3268e38-3a39-4d13-b382-928ca6af3ac0">
				<ee:message />
				<ee:variables>
					<ee:set-variable variableName="requestPayload"><![CDATA[payload]]></ee:set-variable>
						<ee:set-variable resource="dwl/requestParams/miscCancelPayment.dwl" variableName="requestAttributes" />
				</ee:variables>
			</ee:transform>
			<flow-ref doc:name="logRequestInfo" doc:id="37ebd1dc-c67b-4414-8723-546a7c23157e" name="logRequestInfo" />
			<try doc:name="Try" doc:id="c74cf182-0203-4d3f-9990-d30a91c772b4" >
			
	
				<http:request method="POST" doc:name="Call WD Cancel Misc Payment" doc:id="a79c46bc-9674-4558-99a2-cacf2dcaf68e" config-ref="Generic_Payment_WD_Request_Configuration" path="${secure::workday.miscellaneousPayment.cancelPaymentPath}">
				<http:body ><![CDATA[#[vars.requestPayload]]]></http:body>
					<http:headers><![CDATA[#[output application/java
---
vars.requestAttributes.requestParams.headers]]]></http:headers>
			</http:request>
			
				<error-handler >
					<on-error-propagate enableNotifications="true" logException="true" doc:name="On Error Propagate" doc:id="6dd0805b-22de-47a5-a0a2-ab52d316be77" type="HTTP:INTERNAL_SERVER_ERROR" when='#[if(error.errorMessage != null ) ((error.errorMessage.payload..faultstring[0] contains ("Validation error occurred. Invalid ID value") ) or (error.errorMessage.payload..faultstring[0] contains ("Validation error occurred. This miscellaneous payment is not cancelable.")) ) else false ]'>
						<set-variable value="#[output application/json --- error]" doc:name="WD error object" doc:id="8e466aee-6ed2-4465-9a3e-6e81b50b4bdb" variableName="error"/>
					</on-error-propagate>
				</error-handler>
			</try>
			<set-variable value="#[payload]" doc:name="responsePayload" doc:id="9670ec3f-a654-40b7-b169-a2d34dd7f99d" variableName="responsePayload" />
			<flow-ref doc:name="logResponseInfo" doc:id="1aef2f98-f758-4f9c-b15c-bb0f4a1db814" name="logResponseInfo" />
			<flow-ref doc:name="pgr-finerp-payment-main-workday-downtime-200-validator-subfl" doc:id="b5e0be9f-1d78-4713-8011-afe5af2c80ca" name="pgr-finerp-payment-main-workday-downtime-200-validator-subfl"/>
			<error-handler>
				<on-error-propagate enableNotifications="true" logException="true" doc:name="On Error Propagate" doc:id="306f8be3-44ca-4cae-bdcb-97b7dccc38d1" type="HTTP:SERVICE_UNAVAILABLE">
					<flow-ref doc:name="logResponseError" doc:id="98974cd7-5528-4f6c-8130-929572a3da3a" name="logResponseError"/>
				<ee:transform doc:name="503" doc:id="e37c57ee-1729-4c81-bd07-c46d98433021">
							<ee:message>
							</ee:message>
							<ee:variables>
								<ee:set-variable variableName="httpStatus"><![CDATA[%dw 2.0
output application/java
---
"503"]]></ee:set-variable>
								<ee:set-variable variableName="workdayDowntime"><![CDATA[%dw 2.0
output application/java
---
true]]></ee:set-variable>
							</ee:variables>
						</ee:transform>
						<raise-error doc:name="Raise error" doc:id="0fd8fd04-5409-4bc6-b2fb-f771fff48a5f" type="${customError.technicalError}" description="${workday.unavailableResponse}" />
				
				</on-error-propagate>

<on-error-propagate enableNotifications="true" logException="true" doc:name="On Error Propagate" doc:id="0e14fdbe-bda8-4e22-8a7e-3f8430f50aee" when='if (error.errorMessage.payload.^mediaType != "text/xml; charset=UTF-8") ((error.errorMessage.payload default "") contains  "503 : Service unavailable") else false' type="HTTP:INTERNAL_SERVER_ERROR">
					<flow-ref doc:name="logResponseError" doc:id="bec9425b-76e4-4006-b047-689177112d42" name="logResponseError"/>
				<ee:transform doc:name="503" doc:id="a6cdbaf2-8b88-45f3-aa42-aeac3cb161cf" >
							<ee:message >
							</ee:message>
							<ee:variables >
								<ee:set-variable variableName="httpStatus" ><![CDATA[%dw 2.0
output application/java
---
"503"]]></ee:set-variable>
								<ee:set-variable variableName="workdayDowntime" ><![CDATA[%dw 2.0
output application/java
---
true]]></ee:set-variable>
							</ee:variables>
						</ee:transform>
						<raise-error doc:name="Raise error" doc:id="fdad67e1-9fd2-4bf2-8040-82291880f7c8" type="${customError.technicalError}" description='${workday.unavailableResponse}'/>
				
				</on-error-propagate>
				
				<on-error-continue enableNotifications="true" logException="true" doc:name="On Error Continue" doc:id="469079ad-1acb-48ff-a02a-097dafcbc1a1" when="#[ ((error.errorMessage.attributes.statusCode == p('workday.unauthorisedToken') as Number) or (error.errorMessage.attributes.statusCode == p('workday.forbidden') as Number) or ((error.exception.errorMessage.typedValue.^mimeType == &quot;text/xml&quot;) and ((error.exception.errorMessage.typedValue.&quot;Envelope&quot;.&quot;Body&quot;.&quot;Fault&quot;[1] default &quot;&quot;) contains &quot;invalid username or password&quot;)))]">
					<flow-ref doc:name="logResponseError" doc:id="81cc09ff-bc24-4c7d-84ac-5d9fa7f31cbf" name="logResponseError"/>
					<flow-ref doc:name="pgr-finerp-payment-sy-workday-token-retry-subfl" doc:id="f9e775c7-1a4d-46b5-9b1c-8ef93d865197" name="pgr-finerp-payment-sy-workday-token-retry-subfl"/>
				</on-error-continue>
				<on-error-propagate enableNotifications="true" logException="true" doc:name="On Error Propagate" doc:id="273eb33c-1949-4939-afb5-38f5bbfa4379" type="HTTP:INTERNAL_SERVER_ERROR" when='#[if(vars.error.errorMessage !=  null) vars.error.errorMessage.payload..faultstring[0] contains ("Validation error occurred. Invalid ID value") else false]'>
					<flow-ref doc:name="logResponseError" doc:id="ac017269-b4ab-4ac1-8bbe-549720a9cd65" name="logResponseError"/>
					<ee:transform doc:name="404" doc:id="d65cbcae-446d-4631-b096-e58b4cb7370b" >
						<ee:message >
						</ee:message>
						<ee:variables >
							<ee:set-variable variableName="errorMessage" ><![CDATA[%dw 2.0
output application/json
import * from dw::core::Strings

---
{
	errorField : Mule::p('paymentCancel.errorFieldName'),
	errorValue : vars.inputPayload.paymentReferenceId,
	errorReason: error.errorMessage.payload.Envelope.Body.Fault.detail.Validation_Fault.Validation_Error.Message default "",
	errorLineNumber: "" 
}]]></ee:set-variable>
							<ee:set-variable variableName="httpStatus" ><![CDATA[%dw 2.0
output application/java
---
"404"]]></ee:set-variable>
							<ee:set-variable variableName="workdayDowntime" ><![CDATA[%dw 2.0
output application/java
---
false]]></ee:set-variable>
						</ee:variables>
					</ee:transform>
					<raise-error doc:name="No paymentReferenceId found in WD" doc:id="6cc733d4-6cfa-4083-ab9c-30a2d74edfff" type="${customError.businessError}" description="PROCESSING_ERROR: No paymentReferenceId found in WD"/>
				</on-error-propagate>
				<on-error-propagate enableNotifications="true" logException="true" doc:name="On Error Propagate" doc:id="273eb33c-1949-4939-afb5-38f5bbfa4379" type="HTTP:INTERNAL_SERVER_ERROR" when='#[if(vars.error.errorMessage !=  null) vars.error.errorMessage.payload..faultstring[0] contains ("Validation error occurred. This miscellaneous payment is not cancelable.") else false]'>
					<flow-ref doc:name="logResponseError" doc:id="e07eea1c-da4a-4b44-bbd4-77b15d414189" name="logResponseError"/>
					<ee:transform doc:name="500" doc:id="d65cbcae-446d-4631-b096-e58b4cb7370b" >
						<ee:message >
						</ee:message>
						<ee:variables >
							<ee:set-variable variableName="errorMessage" ><![CDATA[%dw 2.0
output application/json
import * from dw::core::Strings

---
{
	errorField : Mule::p('paymentCancel.errorFieldName'),
	errorValue : vars.inputPayload.paymentReferenceId,
	errorReason: error.errorMessage.payload.Envelope.Body.Fault.detail.Validation_Fault.Validation_Error.Message default "",
	errorLineNumber: "" 
}]]></ee:set-variable>
							<ee:set-variable variableName="httpStatus" ><![CDATA[%dw 2.0
output application/java
---
"500"]]></ee:set-variable>
							<ee:set-variable variableName="workdayDowntime" ><![CDATA[%dw 2.0
output application/java
---
false]]></ee:set-variable>
						</ee:variables>
					</ee:transform>
					<raise-error doc:name="paymentReferenceId not cancelable" doc:id="6cc733d4-6cfa-4083-ab9c-30a2d74edfff" type="${customError.businessError}" description="PROCESSING_ERROR: pymentReferenceId not cancelable in WD"/>
				</on-error-propagate>
				<on-error-propagate enableNotifications="true" logException="true" doc:name="On Error Propagate" doc:id="13ab684e-592a-4249-ac77-7ceff777c198" type="ANY">
					<flow-ref doc:name="logResponseError" doc:id="29a2bce8-3f8e-4693-848e-33837fc549ed" name="logResponseError"/>
					<flow-ref doc:name="payment-main-workday-downtime-error-subfl" doc:id="85ab7ff9-fb30-4296-9382-d819e93db01c" name="pgr-finerp-payment-main-workday-downtime-error-subfl" />
				</on-error-propagate>			
</error-handler>
		</try>
		
	

</sub-flow>
	<sub-flow name="pgr-finerp-payment-sy-suppliers-cancel-payment-wd-subfl" doc:id="9f39572e-51ca-4a63-bc39-a710f08741d2">
		<try doc:name="Try" doc:id="53223a52-21c3-4a8c-b3e9-2920017c2fac">
			<ee:transform doc:name="updateFlowName" doc:id="f2026ed1-dfde-477a-a408-8bdf1e3be78d">
				<ee:message />
				<ee:variables>
					<ee:set-variable variableName="serviceLoggingVars" ><![CDATA[%dw 2.0
output application/java
---
(vars.serviceLoggingVars update {
		case flowName at .flowName -> p('flowName.payments.supplier.cancel')
	})]]></ee:set-variable>
				</ee:variables>
			</ee:transform>
			<set-variable value="${flowName.payments.supplier.cancel}" doc:name="Set flowName" doc:id="d42c217d-5159-4973-9b0c-82a504139bb7" variableName="dynamicFlowName"/>
<flow-ref doc:name="pgr-finerp-payment-sy-workday-token-call-subfl" doc:id="7146c677-dad5-4213-957c-04aa57b90f83" name="pgr-finerp-payment-sy-workday-token-call-subfl"/>
			<ee:transform doc:name="WD cancel Supplier Payment data" doc:id="24a88a92-95e4-4a80-a1c9-4b6d6be77e40">
				<ee:message >
					<ee:set-payload resource="dwl/supplierPaymentCancel.dwl" />
					
				
</ee:message>
				<ee:variables>
					<ee:set-variable variableName="target"><![CDATA[%dw 2.0
output application/java
---
"Workday"]]></ee:set-variable>
				</ee:variables>
			</ee:transform>
			<ee:transform doc:name="requestParams" doc:id="52177a91-24e3-453f-85a8-ddb9163322ab">
				<ee:message />
				<ee:variables>
					<ee:set-variable variableName="requestPayload"><![CDATA[payload]]></ee:set-variable>
						<ee:set-variable resource="dwl/requestParams/supplierCancelPayment.dwl" variableName="requestAttributes" />
				</ee:variables>
			</ee:transform>
			<flow-ref doc:name="logRequestInfo" doc:id="1a86a0bb-8ccc-4c1d-b27a-41c9e7ede7b2" name="logRequestInfo" />
			<try doc:name="Try" doc:id="e22b4ebf-3fa5-4b98-ab95-267efb6267a5" >
			
	
				<http:request method="POST" doc:name="Call WD Cancel Supplier Payment" doc:id="a79c46bc-9674-4558-99a2-cacf2dcaf68e" config-ref="Generic_Payment_WD_Request_Configuration" path="${secure::workday.supplierPayment.cancelPaymentPath}">
				<http:body ><![CDATA[#[vars.requestPayload]]]></http:body>
					<http:headers><![CDATA[#[output application/java
---
vars.requestAttributes.requestParams.headers]]]></http:headers>
			</http:request>
			
				<error-handler >
					<on-error-propagate enableNotifications="true" logException="true" doc:name="On Error Propagate" doc:id="0c28abb3-d52a-4201-81fb-be9328b5a700" type="HTTP:INTERNAL_SERVER_ERROR" when="#[if(error.errorMessage != null ) ((error.errorMessage.payload..faultstring[0] contains (&quot;Validation error occurred. Invalid ID value&quot;) ) or (error.errorMessage.payload..faultstring[0] contains (&quot;Validation error occurred. You can't cancel this supplier payment.&quot;)) ) else false ]">
						<set-variable value="#[output application/json --- error]" doc:name="Set Variable" doc:id="f299fb7d-b907-4706-9876-091ba19a3ad8" variableName="error"/>
					</on-error-propagate>
				</error-handler>
			</try>
			<set-variable value="#[payload]" doc:name="responsePayload" doc:id="fb21cf1b-0082-4a7c-b5cb-205a7230493e" variableName="responsePayload" />
			<flow-ref doc:name="logResponseInfo" doc:id="0f147a6c-a30d-4be5-81db-989472d59227" name="logResponseInfo" />
			<flow-ref doc:name="pgr-finerp-payment-main-workday-downtime-200-validator-subfl" doc:id="01d520ac-ddfe-4dc3-a739-0b4b7e64e33d" name="pgr-finerp-payment-main-workday-downtime-200-validator-subfl"/>
			<error-handler>
				<on-error-propagate enableNotifications="true" logException="true" doc:name="On Error Propagate" doc:id="97e8f4f2-f60a-4bf6-903e-e3aba1f2a759" type="HTTP:SERVICE_UNAVAILABLE">
					<flow-ref doc:name="logResponseError" doc:id="8bf2f0d7-7747-42aa-9f72-0b2ea7be72d9" name="logResponseError"/>
				<ee:transform doc:name="503" doc:id="f0f772f0-acf2-4091-8473-75733e447fc1">
							<ee:message>
							</ee:message>
							<ee:variables>
								<ee:set-variable variableName="httpStatus"><![CDATA[%dw 2.0
output application/java
---
"503"]]></ee:set-variable>
								<ee:set-variable variableName="workdayDowntime"><![CDATA[%dw 2.0
output application/java
---
true]]></ee:set-variable>
							</ee:variables>
						</ee:transform>
						<raise-error doc:name="Raise error" doc:id="fa5020e0-a12b-4851-8287-1a5f68e79329" type="${customError.technicalError}" description="${workday.unavailableResponse}" />
				
				</on-error-propagate>

<on-error-propagate enableNotifications="true" logException="true" doc:name="On Error Propagate" doc:id="a136e8d2-162c-4d36-ae19-b4d9226bd2e5" when='if (error.errorMessage.payload.^mediaType != "text/xml; charset=UTF-8") ((error.errorMessage.payload default "") contains  "503 : Service unavailable") else false' type="HTTP:INTERNAL_SERVER_ERROR">
					<flow-ref doc:name="logResponseError" doc:id="64ce36c3-1f18-4f82-8ed4-dd3bfd4c2494" name="logResponseError"/>
				<ee:transform doc:name="503" doc:id="0d00f936-60b9-4deb-862c-6e9d0fef24d6" >
							<ee:message >
							</ee:message>
							<ee:variables >
								<ee:set-variable variableName="httpStatus" ><![CDATA[%dw 2.0
output application/java
---
"503"]]></ee:set-variable>
								<ee:set-variable variableName="workdayDowntime" ><![CDATA[%dw 2.0
output application/java
---
true]]></ee:set-variable>
							</ee:variables>
						</ee:transform>
						<raise-error doc:name="Raise error" doc:id="e8d6eaa5-4e84-45f6-a50e-ac5ed3f9d151" type="${customError.technicalError}" description='${workday.unavailableResponse}'/>
				
				</on-error-propagate>
				
				<on-error-continue enableNotifications="true" logException="true" doc:name="On Error Continue" doc:id="794d7b5e-fb6d-425a-a2c7-4c2b3a35e80c" when="#[ ((error.errorMessage.attributes.statusCode == p('workday.unauthorisedToken') as Number) or (error.errorMessage.attributes.statusCode == p('workday.forbidden') as Number) or ((error.exception.errorMessage.typedValue.^mimeType == &quot;text/xml&quot;) and ((error.exception.errorMessage.typedValue.&quot;Envelope&quot;.&quot;Body&quot;.&quot;Fault&quot;[1] default &quot;&quot;) contains &quot;invalid username or password&quot;)))]">
					<flow-ref doc:name="logResponseError" doc:id="ab816d8a-1760-43d2-82d6-391147dd96c9" name="logResponseError"/>
					<flow-ref doc:name="pgr-finerp-payment-sy-workday-token-retry-subfl" doc:id="bfe7efbe-d671-4e88-92fb-3cba6d16f366" name="pgr-finerp-payment-sy-workday-token-retry-subfl"/>
				</on-error-continue>
				<on-error-propagate enableNotifications="true" logException="true" doc:name="On Error Propagate" doc:id="273eb33c-1949-4939-afb5-38f5bbfa4379" type="HTTP:INTERNAL_SERVER_ERROR" when='#[if(vars.error.errorMessage !=  null) vars.error.errorMessage.payload..faultstring[0] contains ("Validation error occurred. Invalid ID value") else false]'>
					<flow-ref doc:name="logResponseError" doc:id="f2a42388-51cc-4179-9e2b-ff4c82837a3a" name="logResponseError"/>
					<ee:transform doc:name="404" doc:id="d65cbcae-446d-4631-b096-e58b4cb7370b" >
						<ee:message >
						</ee:message>
						<ee:variables >
							<ee:set-variable variableName="errorMessage" ><![CDATA[%dw 2.0
output application/json
import * from dw::core::Strings

---
{
	errorField : Mule::p('paymentCancel.errorFieldName'),
	errorValue : vars.inputPayload.paymentReferenceId,
	errorReason: error.errorMessage.payload.Envelope.Body.Fault.detail.Validation_Fault.Validation_Error.Message default "",
	errorLineNumber: "" 
}]]></ee:set-variable>
							<ee:set-variable variableName="httpStatus" ><![CDATA[%dw 2.0
output application/java
---
"404"]]></ee:set-variable>
							<ee:set-variable variableName="workdayDowntime" ><![CDATA[%dw 2.0
output application/java
---
false]]></ee:set-variable>
						</ee:variables>
					</ee:transform>
					<raise-error doc:name="No paymentReferenceId found in WD" doc:id="6cc733d4-6cfa-4083-ab9c-30a2d74edfff" type="${customError.businessError}" description="PROCESSING_ERROR: No paymentReferenceId found in WD"/>
				</on-error-propagate>
				<on-error-propagate enableNotifications="true" logException="true" doc:name="On Error Propagate" doc:id="273eb33c-1949-4939-afb5-38f5bbfa4379" type="HTTP:INTERNAL_SERVER_ERROR" when="#[if(vars.error.errorMessage !=  null) vars.error.errorMessage.payload..faultstring[0] contains (&quot;Validation error occurred. You can't cancel this supplier payment.&quot;) else false]">
					<flow-ref doc:name="logResponseError" doc:id="9692db31-ed83-4b29-a331-90df390a24d9" name="logResponseError"/>
					<ee:transform doc:name="500" doc:id="d65cbcae-446d-4631-b096-e58b4cb7370b" >
						<ee:message >
						</ee:message>
						<ee:variables >
							<ee:set-variable variableName="errorMessage" ><![CDATA[%dw 2.0
output application/json
import * from dw::core::Strings

---
{
	errorField : Mule::p('paymentCancel.errorFieldName'),
	errorValue : vars.inputPayload.paymentReferenceId,
	errorReason: error.errorMessage.payload.Envelope.Body.Fault.detail.Validation_Fault.Validation_Error.Message default "",
	errorLineNumber: "" 
}]]></ee:set-variable>
							<ee:set-variable variableName="httpStatus" ><![CDATA[%dw 2.0
output application/java
---
"500"]]></ee:set-variable>
							<ee:set-variable variableName="workdayDowntime" ><![CDATA[%dw 2.0
output application/java
---
false]]></ee:set-variable>
						</ee:variables>
					</ee:transform>
					<raise-error doc:name="paymentReferenceId not cancelable" doc:id="6cc733d4-6cfa-4083-ab9c-30a2d74edfff" type="${customError.businessError}" description="PROCESSING_ERROR: pymentReferenceId not cancelable in WD"/>
				</on-error-propagate>
				<on-error-propagate enableNotifications="true" logException="true" doc:name="On Error Propagate" doc:id="13ab684e-592a-4249-ac77-7ceff777c198" type="ANY">
					<flow-ref doc:name="logResponseError" doc:id="63cf2a57-2b99-4500-99e0-bff0f0f541ad" name="logResponseError"/>
					<flow-ref doc:name="payment-main-workday-downtime-error-subfl" doc:id="85ab7ff9-fb30-4296-9382-d819e93db01c" name="pgr-finerp-payment-main-workday-downtime-error-subfl" />
				</on-error-propagate>			

</error-handler>
		</try>
		
	

</sub-flow>
</mule>
