<?xml version="1.0" encoding="UTF-8"?>

<mule xmlns:os="http://www.mulesoft.org/schema/mule/os"
	xmlns:http="http://www.mulesoft.org/schema/mule/http" xmlns:ee="http://www.mulesoft.org/schema/mule/ee/core"
	xmlns="http://www.mulesoft.org/schema/mule/core"
	xmlns:doc="http://www.mulesoft.org/schema/mule/documentation" xmlns:xsi="http://www.w3.org/2001/XMLSchema-instance" xsi:schemaLocation="http://www.mulesoft.org/schema/mule/core http://www.mulesoft.org/schema/mule/core/current/mule.xsd
http://www.mulesoft.org/schema/mule/ee/core http://www.mulesoft.org/schema/mule/ee/core/current/mule-ee.xsd
http://www.mulesoft.org/schema/mule/os http://www.mulesoft.org/schema/mule/os/current/mule-os.xsd
http://www.mulesoft.org/schema/mule/http http://www.mulesoft.org/schema/mule/http/current/mule-http.xsd">
	<sub-flow name="pgr-finerp-payment-sy-payment-request-cancel-Subfl" doc:id="1537616b-c595-4cca-8bbb-22b25f73ea62" >
		<flow-ref doc:name="pgr-finerp-payment-sy-paymentRequestCancel-wd-subfl" doc:id="5c0d42b4-0d7f-476f-aaee-04dcf9b8cca0" name="pgr-finerp-payment-sy-paymentRequestCancel-wd-subfl"/>
		<set-variable value="#[now()]" doc:name="Current DateTime" doc:id="7ff21cb5-743f-49a6-9945-34b386c82367" variableName="currentDateTime" />
		<ee:transform doc:name="successful response" doc:id="fa963c88-a261-4fd3-bb23-04eac8bb2854" xsi:schemaLocation="
http://www.mulesoft.org/schema/mule/http http://www.mulesoft.org/schema/mule/http/current/mule-http.xsd http://www.mulesoft.org/schema/mule/ee/core http://www.mulesoft.org/schema/mule/ee/core/current/mule-ee.xsd" >
			<ee:message >
				<ee:set-payload ><![CDATA[%dw 2.0
output application/json
fun stringToDateUTC(dateString) = ((dateString as DateTime >> "UTC")) as String {format: "yyyy-MM-dd HH:mm:ss"} 

---
{
  eventTimeStamp: now(),
  serviceName: p('mainAppName') default "",
  correlationId: vars.serviceLoggingVars.correlationId default "",
  transactionLevel: p('paymentRequestCancel.status') default "",
  flowName: vars.serviceLoggingVars.flowName default "",
  sourceTransactionId: vars.serviceLoggingVars.sourceTransactionId default "",
  result: {
    status: p('paymentRequestCancel.status') default "",
    code: p('paymentRequestCancel.successCode') default "",
    message: p('paymentRequestCancel.successMessage') default "",
    content:{
    	"workdayResponse": vars.workdayResponse default "" ,
    	"currentGlDate"  : stringToDateUTC(vars.currentDateTime) default "" 
    } 
  }
}]]></ee:set-payload>
			</ee:message>
		</ee:transform>
	</sub-flow>
	<sub-flow name="pgr-finerp-payment-sy-paymentRequestCancel-wd-subfl" doc:id="3badbb76-b153-4d4c-85df-b5c15245a005" >
		<try doc:name="Try" doc:id="53223a52-21c3-4a8c-b3e9-2920017c2fac" >
			
			 <ee:transform doc:name="updateFlowName" doc:id="e6d7d768-2c23-4e67-ab74-ef43b0334343" >
				<ee:message >
				</ee:message>
				<ee:variables >
					<ee:set-variable variableName="serviceLoggingVars" ><![CDATA[%dw 2.0
output application/java
---
(vars.serviceLoggingVars update {
		case flowName at .flowName -> p('flowName.paymentRequest.cancel')
	})]]></ee:set-variable>
				</ee:variables>
			</ee:transform>
			<set-variable value="${flowName.paymentRequest.cancel}" doc:name="Set flowName" doc:id="59405ee0-35b8-46ac-aee9-72fd5cc8b012" variableName="dynamicFlowName"/>
<flow-ref doc:name="pgr-finerp-payment-sy-workday-token-call-subfl" doc:id="76f42f8d-3249-4515-866e-ba10ddb33e6a" name="pgr-finerp-payment-sy-workday-token-call-subfl"/>
			<ee:transform doc:name="Cancel payment request data" doc:id="c0b8c0e1-be10-4f91-afef-1ee7ab4e87b0" >
				<ee:message >
					<ee:set-payload resource="dwl/Cancel payment request data.dwl" />
				</ee:message>
			</ee:transform>
					<ee:transform doc:name="requestParams" doc:id="624ba8de-0810-423c-a40a-d00e000d3e8f">
				<ee:message>
				</ee:message>
				<ee:variables>
					<ee:set-variable variableName="requestPayload"><![CDATA[payload]]></ee:set-variable>
						<ee:set-variable resource="dwl/requestParams/paymentReqCancel.dwl" variableName="requestAttributes" />
				</ee:variables>
			</ee:transform>
			<flow-ref doc:name="logRequestInfo" doc:id="9c82ff04-2090-4454-9b4c-a13004b6acc7" name="logRequestInfo" />
			<try doc:name="Try" doc:id="b5b5b971-cee4-49e6-bf6b-27d68f7f9ae2" >
			
	
				<http:request method="POST" doc:name="Cancel Payment Reques in WD" doc:id="6d3407eb-60ae-4b5c-a544-cdaf3398e84f" config-ref="Generic_Payment_WD_Request_Configuration" path="${secure::workday.miscellaneousPayment.WDPath}">
				<http:body ><![CDATA[#[vars.requestPayload]]]></http:body>
					<http:headers><![CDATA[#[output application/java
---
vars.requestAttributes.requestParams.headers]]]></http:headers>
			</http:request>
			
				<error-handler >
					<on-error-propagate enableNotifications="true" logException="true" doc:name="On Error Propagate" doc:id="99ab47be-33ca-4841-a99e-75d2f92be54d" type="HTTP:INTERNAL_SERVER_ERROR" when='#[if(error.errorMessage != null ) ((error.errorMessage.payload..faultstring[0] contains ("Invalid ID value") ) or (error.errorMessage.payload..faultstring[0] contains ("This Miscellaneous Payment Request is not Cancelable")) ) else false ]'>
						<set-variable value="#[output application/json --- error]" doc:name="Error Variable" doc:id="d0de60ef-12de-40a0-b174-003e71d4e6aa" variableName="error"/>
											
</on-error-propagate>
				</error-handler>
			</try>
		<set-variable value="#[payload]" doc:name="responsePayload" doc:id="fc967d99-69ba-42c3-abb6-5cad1c4138ce" variableName="responsePayload" />
			<flow-ref doc:name="logResponseInfo" doc:id="b39c3623-926b-4869-b537-5a64c6bdb2dd" name="logResponseInfo" />
			<flow-ref doc:name="pgr-finerp-payment-main-workday-downtime-200-validator-subfl" doc:id="9f8dd884-8bae-47e7-99bf-c1bc52566e2e" name="pgr-finerp-payment-main-workday-downtime-200-validator-subfl"/>
			<error-handler >
				<on-error-propagate enableNotifications="true" logException="true" doc:name="On Error Propagate" doc:id="2d773ecc-ceb5-45e4-b90d-c55c4a218448" type="HTTP:SERVICE_UNAVAILABLE">
					<flow-ref doc:name="logResponseError" doc:id="2f1d429b-74ee-467a-83d5-1b6473fe01eb" name="logResponseError"/>
				<ee:transform doc:name="503" doc:id="2910f273-7b61-4c8b-8947-3a7041d4db95">
							<ee:message>
							</ee:message>
							<ee:variables>
								<ee:set-variable variableName="httpStatus"><![CDATA[%dw 2.0
output application/java
---
"503"]]></ee:set-variable>
								<ee:set-variable variableName="workdayDowntime"><![CDATA[%dw 2.0
output application/java
---
true]]></ee:set-variable>
							</ee:variables>
						</ee:transform>
						<raise-error doc:name="Raise error" doc:id="d66b3461-7f98-4336-a73c-a09bb0bf7542" type="${customError.technicalError}" description="${workday.unavailableResponse}" />
				
				</on-error-propagate>

<on-error-propagate enableNotifications="true" logException="true" doc:name="On Error Propagate" doc:id="cd2dfedf-178a-441e-a51a-dae147da3a38" when='if (error.errorMessage.payload.^mediaType != "text/xml; charset=UTF-8") ((error.errorMessage.payload default "") contains  "503 : Service unavailable") else false' type="HTTP:INTERNAL_SERVER_ERROR">
					<flow-ref doc:name="logResponseError" doc:id="91e12bea-ae9f-440c-b32f-f7edc4f5da72" name="logResponseError"/>
				<ee:transform doc:name="503" doc:id="d24946fd-2272-4277-8fc3-abb3d4fc0465" >
							<ee:message >
							</ee:message>
							<ee:variables >
								<ee:set-variable variableName="httpStatus" ><![CDATA[%dw 2.0
output application/java
---
"503"]]></ee:set-variable>
								<ee:set-variable variableName="workdayDowntime" ><![CDATA[%dw 2.0
output application/java
---
true]]></ee:set-variable>
							</ee:variables>
						</ee:transform>
						<raise-error doc:name="Raise error" doc:id="2cbc1a27-62c0-42ce-9b2d-6bffcb5fa344" type="${customError.technicalError}" description='${workday.unavailableResponse}'/>
				
				</on-error-propagate>
				
				<on-error-continue enableNotifications="true" logException="true" doc:name="On Error Continue" doc:id="e1b21a33-41f3-4840-9bee-b2a68b60a930" when="#[ ((error.errorMessage.attributes.statusCode == p('workday.unauthorisedToken') as Number) or (error.errorMessage.attributes.statusCode == p('workday.forbidden') as Number) or ((error.exception.errorMessage.typedValue.^mimeType == &quot;text/xml&quot;) and ((error.exception.errorMessage.typedValue.&quot;Envelope&quot;.&quot;Body&quot;.&quot;Fault&quot;[1] default &quot;&quot;) contains &quot;invalid username or password&quot;)))]">
					<flow-ref doc:name="logResponseError" doc:id="02015ffe-afbc-4852-affc-78e543c46c9a" name="logResponseError"/>
					<flow-ref doc:name="pgr-finerp-payment-sy-workday-token-retry-subfl" doc:id="b2e9b202-738a-47e5-82be-79ea5b6f91e7" name="pgr-finerp-payment-sy-workday-token-retry-subfl"/>
				</on-error-continue>
				<on-error-propagate enableNotifications="true" logException="true" doc:name="On Error Propagate" doc:id="a8263575-2c9c-4f30-b497-09acfd4dcf35" type="HTTP:BAD_REQUEST">
					<flow-ref doc:name="logResponseError" doc:id="3500c27c-da98-41d8-b514-027aa6bfcb57" name="logResponseError"/>
					<ee:transform doc:name="Bad request" doc:id="240ac6f8-247b-4641-8d67-2aa58a737cab" >
								<ee:message >
								</ee:message>
								<ee:variables >
									<ee:set-variable variableName="httpStatus" ><![CDATA[%dw 2.0
output application/java
---
503]]></ee:set-variable>
										<ee:set-variable variableName="workdayDowntime" ><![CDATA[%dw 2.0
output application/java
---
true]]></ee:set-variable>
								
</ee:variables>
							</ee:transform>
							<raise-error doc:name="badRequest" doc:id="7af0814a-68f9-429a-9e4c-5a1aab226d92" type="${customError.technicalError}" description="${workday.badRequestResponse}"/>
				</on-error-propagate>
				<on-error-propagate enableNotifications="true" logException="true" doc:name="On Error Propagate" doc:id="273eb33c-1949-4939-afb5-38f5bbfa4379" type="HTTP:INTERNAL_SERVER_ERROR" when='#[if(vars.error.errorMessage !=  null) vars.error.errorMessage.payload..faultstring[0] contains ("Invalid ID value") else false]'>
					<flow-ref doc:name="logResponseError" doc:id="4822e244-5903-49d1-983c-9436be9a71ac" name="logResponseError"/>
					<ee:transform doc:name="404" doc:id="d65cbcae-446d-4631-b096-e58b4cb7370b" >
						<ee:message >
						</ee:message>
						<ee:variables >
							<ee:set-variable variableName="errorMessage" ><![CDATA[%dw 2.0
output application/json
import * from dw::core::Strings

---
{
	errorField : Mule::p('paymentPayee.retrieve.errorFieldName'),
	errorValue : attributes.queryParams.paymentReferenceId as String,
	errorReason: error.errorMessage.payload.Envelope.Body.Fault.detail.Validation_Fault.Validation_Error.Message default "",
	errorLineNumber: "" 
}]]></ee:set-variable>
							<ee:set-variable variableName="httpStatus" ><![CDATA[%dw 2.0
output application/java
---
"404"]]></ee:set-variable>
							<ee:set-variable variableName="workdayDowntime" ><![CDATA[%dw 2.0
output application/java
---
false]]></ee:set-variable>
						</ee:variables>
					</ee:transform>
					<raise-error doc:name="No paymentReferenceId found in WD" doc:id="6cc733d4-6cfa-4083-ab9c-30a2d74edfff" type="${customError.businessError}" description="PROCESSING_ERROR: No paymentReferenceId found in WD"/>
				</on-error-propagate>
				<on-error-propagate enableNotifications="true" logException="true" doc:name="On Error Propagate" doc:id="273eb33c-1949-4939-afb5-38f5bbfa4379" type="HTTP:INTERNAL_SERVER_ERROR" when='#[if(vars.error.errorMessage !=  null) vars.error.errorMessage.payload..faultstring[0] contains ("This Miscellaneous Payment Request is not Cancelable") else false]'>
					<flow-ref doc:name="logResponseError" doc:id="530c96fd-95dd-471f-8d74-6ce3772cf5de" name="logResponseError"/>
					<ee:transform doc:name="500" doc:id="d65cbcae-446d-4631-b096-e58b4cb7370b" >
						<ee:message >
						</ee:message>
						<ee:variables >
							<ee:set-variable variableName="errorMessage" ><![CDATA[%dw 2.0
output application/json
import * from dw::core::Strings

---
{
	errorField : Mule::p('paymentPayee.retrieve.errorFieldName'),
	errorValue : attributes.queryParams.paymentReferenceId as String,
	errorReason: error.errorMessage.payload.Envelope.Body.Fault.detail.Validation_Fault.Validation_Error.Message default "",
	errorLineNumber: "" 
}]]></ee:set-variable>
							<ee:set-variable variableName="httpStatus" ><![CDATA[%dw 2.0
output application/java
---
"500"]]></ee:set-variable>
							<ee:set-variable variableName="workdayDowntime" ><![CDATA[%dw 2.0
output application/java
---
false]]></ee:set-variable>
						</ee:variables>
					</ee:transform>
					<raise-error doc:name="paymentReferenceId not cancelable" doc:id="6cc733d4-6cfa-4083-ab9c-30a2d74edfff" type="${customError.businessError}" description="PROCESSING_ERROR: pymentReferenceId not cancelable in WD"/>
				</on-error-propagate>
				<on-error-propagate enableNotifications="true" logException="true" doc:name="On Error Propagate" doc:id="13ab684e-592a-4249-ac77-7ceff777c198" type="ANY">
					<flow-ref doc:name="logResponseError" doc:id="b6e4fdbd-5915-413e-a107-64b7473e2642" name="logResponseError"/>
					<flow-ref doc:name="payment-main-workday-downtime-error-subfl" doc:id="85ab7ff9-fb30-4296-9382-d819e93db01c" name="pgr-finerp-payment-main-workday-downtime-error-subfl" />
				</on-error-propagate>
			

</error-handler>
		</try>
		
	

</sub-flow>
</mule>
