<?xml version="1.0" encoding="UTF-8"?>

<mule xmlns:file="http://www.mulesoft.org/schema/mule/file" xmlns:os="http://www.mulesoft.org/schema/mule/os"
	xmlns:wsc="http://www.mulesoft.org/schema/mule/wsc"
	xmlns:tls="http://www.mulesoft.org/schema/mule/tls" xmlns:ee="http://www.mulesoft.org/schema/mule/ee/core" xmlns:http="http://www.mulesoft.org/schema/mule/http" xmlns="http://www.mulesoft.org/schema/mule/core" xmlns:doc="http://www.mulesoft.org/schema/mule/documentation" xmlns:xsi="http://www.w3.org/2001/XMLSchema-instance" xsi:schemaLocation="http://www.mulesoft.org/schema/mule/core http://www.mulesoft.org/schema/mule/core/current/mule.xsd
http://www.mulesoft.org/schema/mule/http http://www.mulesoft.org/schema/mule/http/current/mule-http.xsd
http://www.mulesoft.org/schema/mule/ee/core http://www.mulesoft.org/schema/mule/ee/core/current/mule-ee.xsd
http://www.mulesoft.org/schema/mule/tls http://www.mulesoft.org/schema/mule/tls/current/mule-tls.xsd
http://www.mulesoft.org/schema/mule/wsc http://www.mulesoft.org/schema/mule/wsc/current/mule-wsc.xsd
http://www.mulesoft.org/schema/mule/os http://www.mulesoft.org/schema/mule/os/current/mule-os.xsd
http://www.mulesoft.org/schema/mule/file http://www.mulesoft.org/schema/mule/file/current/mule-file.xsd"> 
	
	<sub-flow name="pgr-finerp-payment-sy-payment-create-subfl" doc:id="eae341bc-32cc-4ee3-bb06-7a3d8dce0126" >
		<set-variable value="#[true]" doc:name="Set Flag" doc:id="6eb38e93-01d6-4a5f-90c0-ac68b06c187e" variableName="createPayment"/>
		<choice doc:name="Choice" doc:id="9a85bb85-c23f-4996-9a27-68c43fa62af4" >
			<when expression="#[message.attributes.queryParams.paymentType == p('paymentCreate.misc.paymentType')]">
				<flow-ref doc:name="pgr-finerp-payment-sy-miscellaneousPayments-subfl" doc:id="dfeaaf00-76f7-4c64-ac6d-cd14c023f003" name="pgr-finerp-payment-sy-miscellaneousPayments-subfl"/>
			</when>
			<when expression="#[message.attributes.queryParams.paymentType == p('paymentCreate.supplier.paymentType')]">
				<choice doc:name="Choice" doc:id="aaeb358c-1906-4586-b26b-fbc6ae221673" >
					<when expression="#[(message.attributes.queryParams.createPayment  != false) and (message.attributes.queryParams.paymentRequestRefId == null)]">
						<flow-ref doc:name="pgr-finerp-payment-sy-supplierInvoicePayment-subfl" doc:id="c413e142-5498-4605-bec1-08d3100086d7" name="pgr-finerp-payment-sy-supplierInvoicePayment-subfl" />
					</when>
					<otherwise >
						<ee:transform doc:name="paymentRequestRefId &amp; updateIfExists" doc:id="b57c5dbc-7cb7-434c-a3eb-27fbcac60e5a">
					<ee:message>
					</ee:message>
					<ee:variables>
						<ee:set-variable variableName="paymentRequestRefId"><![CDATA[message.attributes.queryParams.paymentRequestRefId]]></ee:set-variable>
								<ee:set-variable variableName="updateIfExists" ><![CDATA[true]]></ee:set-variable>
					</ee:variables>
				</ee:transform>
					</otherwise>
				</choice>
				<flow-ref doc:name="pgr-finerp-payment-sy-customWD-subfl" doc:id="44ad3910-d693-4dd4-9306-84ea2646d616" name="pgr-finerp-payment-sy-customWD-subfl" />
			</when>
			<otherwise >
				<logger level="ERROR" doc:name="Invalid payment type" doc:id="0ce998dd-25ab-49b5-b49c-3743b48454f9" message="Invalid payment type"/>
			</otherwise>
		</choice>
		<ee:transform doc:name="Set Success Output" doc:id="359bbdf0-c7e4-43c5-a8ca-3ddf29d49de7">
            <ee:message>
				<ee:set-payload resource="dwl/payment_create_response.dwl" />
				<ee:set-attributes ><![CDATA[%dw 2.0
output application/java
---
{
	"statusCode": "201",
	"reasonPhrase": "Invoice successfully created"	
}]]></ee:set-attributes>
            </ee:message>
			<ee:variables >
				<ee:set-variable variableName="content" ><![CDATA[%dw 2.0
output application/java
---
payload.Envelope.Body]]></ee:set-variable>
			</ee:variables>
        </ee:transform>
	</sub-flow>
	<sub-flow name="pgr-finerp-payment-sy-createPayments-fetch-lookup-subfl" doc:id="d10b6e97-e14e-4ab5-ae33-0974207ed2b1" >
		<flow-ref doc:name="pgr-finerp-payment-sy-spendCategoryLookup-subfl" doc:id="a9c9a30d-7bb9-4d2d-b6ce-b5cef255b381" name="pgr-finerp-payment-sy-spendCategoryLookup-subfl" target="spend_category_lookup" />
					<flow-ref doc:name="rateManual-lookup-subfl" doc:id="0ce79523-1627-4caa-a87a-dd23daf41ddb" name="rateManual-lookup-subfl"/>
					<flow-ref doc:name="wd-cost-center-code-lookup-subfl" doc:id="5d8b9b06-2998-4a8e-b498-34112784d654" name="wd-cost-center-code-lookup-subfl"/>
					<flow-ref doc:name="wd-line-coverage-code-lookup-subfl" doc:id="ca3f314b-fdc3-48dc-be63-4e5f2db74f1f" name="wd-line-coverage-code-lookup-subfl"/>
					<flow-ref doc:name="wd-region-lookup-subfl" doc:id="174183c3-d574-4712-9bae-31f945418d0e" name="wd-region-lookup-subfl"/>
					<flow-ref doc:name="wd-company-lookup-subfl" doc:id="39b65544-f943-4058-bc5e-6133200f3b2c" name="wd-company-lookup-subfl"/>
		<flow-ref doc:name="asl-lookup-subfl" doc:id="60dab1b2-5ff7-46ea-8207-2e84ccd91db4" name="asl-lookup-subfl"/>
	</sub-flow>
	<sub-flow name="pgr-finerp-payment-sy-miscellaneousPayments-subfl" doc:id="4af02353-1507-4d1a-af2d-2abb2768854e" >
		<try doc:name="Try" doc:id="2b098a18-199f-4037-b78d-24a600dfd957" >
			
			 <ee:transform doc:name="updateFlowName" doc:id="d65c3a61-2445-47ec-bee1-402faf8c48d9" >
				<ee:message >
				</ee:message>
				<ee:variables >
					<ee:set-variable variableName="serviceLoggingVars" ><![CDATA[%dw 2.0
output application/json
---
(vars.serviceLoggingVars update {
		case flowName at .flowName -> p("flowName.payments.create.miscellaneous")
	})]]></ee:set-variable>
				</ee:variables>
			</ee:transform>
			<set-variable value="${flowName.payments.create.miscellaneous}" doc:name="Set flowName" doc:id="8da3b3f0-b5c3-443b-a4f6-ea16494076b1" variableName="dynamicFlowName"/>
<flow-ref doc:name="pgr-finerp-payment-sy-workday-token-call-subfl" doc:id="cc67c838-56ae-46f3-b2b4-a5fd26bdf194" name="pgr-finerp-payment-sy-workday-token-call-subfl"/>
			<choice doc:name="Choice" doc:id="e8c51d55-45fd-4226-b816-3cca8fc23558" >
				<when expression="#[vars.createPayment]">
					<flow-ref doc:name="createPayments-fetch-lookup-subfl" doc:id="96f9c716-eab9-43bc-8526-0ef012e057af" name="pgr-finerp-payment-sy-createPayments-fetch-lookup-subfl"  />
					<try doc:name="Try" doc:id="66706194-c440-489a-8af3-5a14cdde9972" >
						<choice doc:name="Choice" doc:id="9eed92b3-7d47-4bc3-94d9-6c5340f9f437" >
							<when expression="#[((vars.inputPayload.paymentRequestPayee.payeeSingleUse != null) and (vars.inputPayload.paymentRequestPayee.payeeSingleUse == false) and vars.inputPayload.paymentRequestPayee.supplierNbr != null) and (vars.inputPayload.paymentRequestPayee.supplierNbr contains (p('reusableMiscPayeeSupplierNbr.prefix')))]">
								<logger level="DEBUG" doc:name="Reusable payee" doc:id="7cafd19c-837e-47bb-986c-0d9a011fce15" message="payee is not single use" />
								<ee:transform doc:name="Misc Reusable Supplier Payee Xform payment data" doc:id="fc4cc075-4a05-4094-b8f0-d838317bf031">
									<ee:message>
										<ee:set-payload resource="dwl/MiscPayeeSupplierResuablePayee.dwl" />
									</ee:message>
								</ee:transform>
							</when>
							<when expression='#[((vars.inputPayload.paymentRequestPayee.payeeSingleUse != null) and (vars.inputPayload.paymentRequestPayee.payeeSingleUse == false) and vars.inputPayload.paymentRequestPayee.supplierNbr != null)]'>
								<logger level="DEBUG" doc:name="Reusable payee" doc:id="c431cebe-0265-4978-bdfa-7e27a2d4eb47" message="payee is not single use" />
								<ee:transform doc:name="Misc Reusable Payee Xform payment data" doc:id="29dd9a8b-16d3-4242-9ce0-6e261449dad3">
									<ee:message>
										<ee:set-payload resource="dwl/MiscPayeeResuablePayee.dwl" />
									</ee:message>
								</ee:transform>
							</when>
							<otherwise >
								<ee:transform doc:name="Xform payment data" doc:id="d52ccb10-db50-4d9c-85bb-e30fbf029357">
			<ee:message>
				<ee:set-payload resource="dwl/misc_payment.dwl" />
			</ee:message>
				<ee:variables>
					<ee:set-variable variableName="target"><![CDATA[%dw 2.0
output application/java
---
"Workday"]]></ee:set-variable>
				</ee:variables>
		</ee:transform>
							</otherwise>
						</choice>
						<error-handler >
				<on-error-propagate enableNotifications="true" logException="true" doc:name="On Error Propagate" doc:id="08d2b026-a5ec-40d0-b9e1-dd6dbc15fdd9" type="EXPRESSION" when='#[error.description contains("PROCESSING_ERROR:")]'>
					<ee:transform doc:name="Transform Message" doc:id="fc2ae25f-21f1-4152-8174-c11aff87920e" >
						<ee:message >
						</ee:message>
						<ee:variables >
								<ee:set-variable resource="dwl/processErrorMessage.dwl" variableName="errorMessage" />
						
</ee:variables>
					</ee:transform>
				</on-error-propagate>
			</error-handler>
					</try>
				
</when>
				<when expression="#[vars.cancelInvoice]">
					<ee:transform doc:name="Xform Cancel Payment Data" doc:id="8f80bd1d-d705-4d38-bfb8-ab5f724ceeef" >
						<ee:message >
							<ee:set-payload resource="dwl/misc_cancel_invoice_request.dwl" />
						</ee:message>
						<ee:variables >
							<ee:set-variable variableName="target" ><![CDATA[%dw 2.0
output application/java
---
"Workday"]]></ee:set-variable>
						</ee:variables>
					</ee:transform>
				</when>
				<otherwise >
					<logger level="INFO" doc:name="Invalid Flag" doc:id="8e073e29-677d-4bda-a26f-5b8c35899680" message="Flag not found"/>
				</otherwise>
			</choice>
			<ee:transform doc:name="Transform Message" doc:id="19b29611-1e75-438d-9819-48c5ad6db432" >
				<ee:message >
				</ee:message>
			<ee:variables>
					<ee:set-variable variableName="target"><![CDATA[%dw 2.0
output application/java
---
"Workday"]]></ee:set-variable>
				</ee:variables>
			</ee:transform>
			<ee:transform doc:name="requestParams" doc:id="4589d8af-5430-4bfd-a80c-f83c761d0976" >
				<ee:message >
				</ee:message>
				<ee:variables >
					<ee:set-variable variableName="requestPayload" ><![CDATA[payload]]></ee:set-variable>
					<ee:set-variable resource="dwl/requestParams/miscPaymentCreate.dwl" variableName="requestAttributes" />
				</ee:variables>
			</ee:transform>
			<flow-ref doc:name="logRequestInfo" doc:id="4911acfd-8dff-462e-8407-856bf9230903" name="logRequestInfo"/>
	
			<http:request method="POST" doc:name="Send request to WD" doc:id="5fe97cca-375f-4db3-985a-8e8ae5610a2a" config-ref="Generic_Payment_WD_Request_Configuration" path="${secure::workday.miscellaneousPayment.WDPath}">
			<http:body ><![CDATA[#[vars.requestPayload]]]></http:body>
				<http:headers><![CDATA[#[output application/java
---
vars.requestAttributes.requestParams.headers]]]></http:headers>
		</http:request>
		<set-variable value="#[payload]" doc:name="responsePayload" doc:id="a84d5043-ac0f-4a35-984d-ef5e90543ffb" variableName="responsePayload" />
			<flow-ref doc:name="logResponseInfo" doc:id="ad584440-eced-40cb-8172-699a599aaac3" name="logResponseInfo" />
		
		<flow-ref doc:name="pgr-finerp-payment-main-workday-downtime-200-validator-subfl" doc:id="1d1efa2d-da4e-4bfe-93e9-5435d46b5b25" name="pgr-finerp-payment-main-workday-downtime-200-validator-subfl"/>
			<error-handler >
				<on-error-propagate enableNotifications="true" logException="true" doc:name="On Error Propagate" doc:id="3c305ef8-576e-4f17-9377-8de574d22884" type="HTTP:SERVICE_UNAVAILABLE">	
				<flow-ref doc:name="logResponseError" doc:id="2ff87da9-f37c-4814-b743-1d8af2f545af" name="logResponseError" />
					<ee:transform doc:name="503" doc:id="e46342b9-04a5-4d22-a5e4-c37500b0bec6">
							<ee:message>
							</ee:message>
							<ee:variables>
								<ee:set-variable variableName="httpStatus"><![CDATA[%dw 2.0
output application/java
---
"503"]]></ee:set-variable>
								<ee:set-variable variableName="workdayDowntime"><![CDATA[%dw 2.0
output application/java
---
true]]></ee:set-variable>
							</ee:variables>
						</ee:transform>
						<raise-error doc:name="Raise error" doc:id="19bc5f42-e3cd-4be8-acd5-437078a5735d" type="${customError.technicalError}" description="${workday.unavailableResponse}" />
				
				</on-error-propagate>

<on-error-propagate enableNotifications="true" logException="true" doc:name="On Error Propagate" doc:id="aa3c5cb9-a943-4f53-8405-22b14edafa8a" when='if (error.errorMessage.payload.^mediaType != "text/xml; charset=UTF-8") ((error.errorMessage.payload default "") contains  "503 : Service unavailable") else false' type="HTTP:INTERNAL_SERVER_ERROR">
					<flow-ref doc:name="logResponseError" doc:id="2c6274b5-260f-41d2-a0f3-0a39a3b4359e" name="logResponseError" />
					<ee:transform doc:name="503" doc:id="7e620be2-853f-49e4-9639-1c484282137a" >
							<ee:message >
							</ee:message>
							<ee:variables >
								<ee:set-variable variableName="httpStatus" ><![CDATA[%dw 2.0
output application/java
---
"503"]]></ee:set-variable>
								<ee:set-variable variableName="workdayDowntime" ><![CDATA[%dw 2.0
output application/java
---
true]]></ee:set-variable>
							</ee:variables>
						</ee:transform>
						<raise-error doc:name="Raise error" doc:id="620a4815-12c3-4330-8ba3-2abf97571211" type="${customError.technicalError}" description='${workday.unavailableResponse}'/>
				
				</on-error-propagate>
				
				<on-error-continue enableNotifications="true" logException="true" doc:name="On Error Continue" doc:id="07a451db-f8b4-4b6e-ac37-267fda31d752" when="#[ ((error.errorMessage.attributes.statusCode == p('workday.unauthorisedToken') as Number) or (error.errorMessage.attributes.statusCode == p('workday.forbidden') as Number) or ((error.exception.errorMessage.typedValue.^mimeType == &quot;text/xml&quot;) and ((error.exception.errorMessage.typedValue.&quot;Envelope&quot;.&quot;Body&quot;.&quot;Fault&quot;[1] default &quot;&quot;) contains &quot;invalid username or password&quot;)))]">
					<flow-ref doc:name="logResponseError" doc:id="3c557687-e61f-45ee-87cc-15a358e5a746" name="logResponseError"/>	
					<flow-ref doc:name="pgr-finerp-payment-sy-workday-token-retry-subfl" doc:id="35fcbb42-2781-4377-b1e8-2f6611b8b5a9" name="pgr-finerp-payment-sy-workday-token-retry-subfl"/>
				</on-error-continue>
				<on-error-propagate enableNotifications="true" logException="true" doc:name="On Error Propagate" doc:id="8b8bbbbc-4a2b-443c-b155-1c4835035bf2" type="HTTP:BAD_REQUEST">
					<flow-ref doc:name="logResponseError" doc:id="868a9ba3-4a3a-4a2d-9a03-33358934ee41" name="logResponseError" />
					<ee:transform doc:name="Transform Message" doc:id="3f444bbd-e91d-420c-8bb3-e468612a8ae5" >
								<ee:message >
								</ee:message>
								<ee:variables >
									<ee:set-variable variableName="httpStatus" ><![CDATA[%dw 2.0
output application/java
---
503]]></ee:set-variable>
										<ee:set-variable variableName="workdayDowntime" ><![CDATA[%dw 2.0
output application/java
---
true]]></ee:set-variable>
								
</ee:variables>
							</ee:transform>
							<raise-error doc:name="Raise error" doc:id="96ace0ac-eaac-4525-84a2-51ab2e6fd511" type="${customError.technicalError}" description="${workday.badRequestResponse}"/>
				</on-error-propagate>
				<on-error-propagate enableNotifications="true" logException="true" doc:name="On Error Propagate" doc:id="c62458ea-1092-4759-b1cc-1e38bba19bc5" type="ANY">
					<flow-ref doc:name="logResponseError" doc:id="8cf27a29-963e-45c5-a84b-cb33f8d2453b" name="logResponseError"/>	
					<flow-ref doc:name="payment-main-workday-downtime-error-subfl" doc:id="7baef9a3-b31f-4303-adcd-972a765715fe" name="pgr-finerp-payment-main-workday-downtime-error-subfl"/>
				</on-error-propagate>
			
</error-handler>
		</try>
	</sub-flow>
	
	<sub-flow name="pgr-finerp-payment-sy-supplierInvoicePayment-subfl">
		<try doc:name="Try" doc:id="c03b6304-f0cd-4387-816a-9791720e62a6">
			
			 <ee:transform doc:name="updateFlowName" doc:id="57a081b4-456b-42fb-bc80-bb1b8b687332" >
				<ee:message >
				</ee:message>
				<ee:variables >
					<ee:set-variable variableName="serviceLoggingVars" ><![CDATA[%dw 2.0
output application/java
---
(vars.serviceLoggingVars update {
		case flowName at .flowName -> p("flowName.payments.create.supplier")
	})]]></ee:set-variable>
				</ee:variables>
			</ee:transform>
			<set-variable value="${flowName.payments.create.supplier}" doc:name="Set flowName" doc:id="a1fc6675-27ba-4b1d-a9eb-d533000bfc38" variableName="dynamicFlowName"/>
<flow-ref doc:name="pgr-finerp-payment-sy-workday-token-call-subfl" doc:id="0ffeab10-3409-4f92-bf7e-7622ca1ff89c" name="pgr-finerp-payment-sy-workday-token-call-subfl"/>
			<choice doc:name="Choice" doc:id="d925f74a-7bfa-4141-84a5-aa3eca6dc9fa" >
				<when expression="#[vars.createPayment]">
					<flow-ref doc:name="createPayments-fetch-lookup-subfl" doc:id="afc142d7-11d2-4ba9-b917-d1ae61276b7e" name="pgr-finerp-payment-sy-createPayments-fetch-lookup-subfl"/>
					<try doc:name="Try" doc:id="882b4bd3-bae1-40e1-a478-24e783787f24" >
						<ee:transform doc:name="Xform payment data" doc:id="ed2f3b1d-26ca-49d9-9a57-293ec621adf0">
					<ee:message>
						<ee:set-payload resource="dwl/supplier_invoice_payment.dwl" />
					</ee:message>
					<ee:variables>
						<ee:set-variable variableName="target"><![CDATA[%dw 2.0
output application/java
---
"Workday"]]></ee:set-variable>
					</ee:variables>
				</ee:transform>
				<error-handler >
				<on-error-propagate enableNotifications="true" logException="true" doc:name="On Error Propagate" doc:id="73c82276-6e3a-4867-82af-14300515e418" type="EXPRESSION" when='#[error.description contains("PROCESSING_ERROR:")]'>
					<ee:transform doc:name="Transform Message" doc:id="8c400529-a168-48f9-9fe8-78bd31c8c06d" >
						<ee:message >
						</ee:message>
						<ee:variables >
								<ee:set-variable resource="dwl/processErrorMessage.dwl" variableName="errorMessage" />
						
</ee:variables>
					</ee:transform>
				</on-error-propagate>
			</error-handler>
					</try>
				
</when>
				<when expression="#[vars.cancelInvoice]">
					<ee:transform doc:name="Xform Cancel Payment Data" doc:id="70b7bbf1-15b7-49c6-b000-b953759f07c1">
						<ee:message>
							<ee:set-payload resource="dwl/supplier_cancel_invoice_request.dwl" />
						</ee:message>
						<ee:variables >
							<ee:set-variable variableName="target" ><![CDATA[%dw 2.0
output application/java
---
"Workday"]]></ee:set-variable>
						</ee:variables>
					</ee:transform>
				</when>
				<otherwise >
					<logger level="INFO" doc:name="Invalid Flag" doc:id="ad8f37c8-ba8a-4002-93bd-995ee831abac" message="Flag not found"/>
				</otherwise>
			</choice>
			<ee:transform doc:name="requestParams" doc:id="1b8514ee-4a8d-4f97-bd2b-c42119228b6c" >
				<ee:message >
				</ee:message>
				<ee:variables >
					<ee:set-variable variableName="requestPayload" ><![CDATA[payload]]></ee:set-variable>
					<ee:set-variable resource="dwl/requestParams/supplierPaymentCreate.dwl" variableName="requestAttributes" />
				</ee:variables>
			</ee:transform>
			<flow-ref doc:name="logRequestInfo" doc:id="7e62e68b-0287-4a5a-9dc0-6b76a9c9f812" name="logRequestInfo"/>
	
			<http:request method="POST" doc:name="Submit Supplier Invoice to WD" doc:id="bb27314d-9c88-4ebc-aeed-7833fa3c2f90" config-ref="Generic_Payment_WD_Request_Configuration" path="${secure::workday.supplierInvoice.WDPath}" target="invoicePaymentResponse">
					<http:body ><![CDATA[#[vars.requestPayload]]]></http:body>
				<http:headers><![CDATA[#[output application/java
---
vars.requestAttributes.requestParams.headers]]]></http:headers>
				</http:request>
				<set-variable value="#[vars.invoicePaymentResponse]" doc:name="responsePayload" doc:id="94feacf3-dd4c-46e9-abc7-36750cc46f36" variableName="responsePayload" />
			<flow-ref doc:name="logResponseInfo" doc:id="346a295c-42ed-4ec3-b553-1e06282f21c0" name="logResponseInfo" />
				
			<flow-ref doc:name="pgr-finerp-payment-main-workday-downtime-200-validator-subfl" doc:id="d4c6952f-5099-435d-a024-460658138adc" name="pgr-finerp-payment-main-workday-downtime-200-validator-subfl" />
			<set-variable value='#[%dw 2.0
output application/json
---
(vars.invoicePaymentResponse.Envelope.Body.Submit_Supplier_Invoice_Response.Supplier_Invoice_Reference.*ID filter ($.@"type" == "Supplier_Invoice_Reference_ID")map ((item, index) -&gt; {
Supplier_Invoice_Reference_ID: item
}))[0].Supplier_Invoice_Reference_ID]' doc:name="Store Create Call Ref ID" doc:id="9eeb6e34-baaa-449b-abab-ec2337300c93" variableName="customReferenceId"/>
			<error-handler>
				<on-error-propagate enableNotifications="true" logException="true" doc:name="On Error Propagate" doc:id="76a99bd0-2d41-44ec-91f8-6623929dfc78" type="HTTP:SERVICE_UNAVAILABLE">
					<flow-ref doc:name="logResponseError" doc:id="97554332-05f0-4071-a5e5-78bd54f5ed1c" name="logResponseError"/>
				<ee:transform doc:name="503" doc:id="012d0b47-496c-4346-b49c-2e833825febc">
							<ee:message>
							</ee:message>
							<ee:variables>
								<ee:set-variable variableName="httpStatus"><![CDATA[%dw 2.0
output application/java
---
"503"]]></ee:set-variable>
								<ee:set-variable variableName="workdayDowntime"><![CDATA[%dw 2.0
output application/java
---
true]]></ee:set-variable>
							</ee:variables>
						</ee:transform>
						<raise-error doc:name="Raise error" doc:id="3e4541ff-f817-4b1d-83a9-0d56f7879e37" type="${customError.technicalError}" description="${workday.unavailableResponse}" />
				
				</on-error-propagate>

<on-error-propagate enableNotifications="true" logException="true" doc:name="On Error Propagate" doc:id="905e6729-0f6f-46f6-a540-35ad57b1e18a" when='if (error.errorMessage.payload.^mediaType != "text/xml; charset=UTF-8") ((error.errorMessage.payload default "") contains  "503 : Service unavailable") else false' type="HTTP:INTERNAL_SERVER_ERROR">
					<flow-ref doc:name="logResponseError" doc:id="c0076872-64a8-4624-a15b-d54b1dce38a6" name="logResponseError"/>
				<ee:transform doc:name="503" doc:id="de6baf5e-ef19-4603-a10b-974d0a346f2b" >
							<ee:message >
							</ee:message>
							<ee:variables >
								<ee:set-variable variableName="httpStatus" ><![CDATA[%dw 2.0
output application/java
---
"503"]]></ee:set-variable>
								<ee:set-variable variableName="workdayDowntime" ><![CDATA[%dw 2.0
output application/java
---
true]]></ee:set-variable>
							</ee:variables>
						</ee:transform>
						<raise-error doc:name="Raise error" doc:id="b214eeb3-cf71-45af-8206-4a134b5dd4b7" type="${customError.technicalError}" description='${workday.unavailableResponse}'/>
				
				</on-error-propagate>
				
				<on-error-continue enableNotifications="true" logException="true" doc:name="On Error Continue" doc:id="c9f8eaa0-33d6-46fc-a04e-7ae090c36a2d" when="#[ ((error.errorMessage.attributes.statusCode == p('workday.unauthorisedToken') as Number) or (error.errorMessage.attributes.statusCode == p('workday.forbidden') as Number) or ((error.exception.errorMessage.typedValue.^mimeType == &quot;text/xml&quot;) and ((error.exception.errorMessage.typedValue.&quot;Envelope&quot;.&quot;Body&quot;.&quot;Fault&quot;[1] default &quot;&quot;) contains &quot;invalid username or password&quot;)))]">
					<flow-ref doc:name="logResponseError" doc:id="99a497de-65ea-4563-acd0-21df30f3dbd4" name="logResponseError"/>
					<flow-ref doc:name="pgr-finerp-payment-sy-workday-token-retry-subfl" doc:id="ec9b8d67-aa79-4661-ac58-fec602be5f75" name="pgr-finerp-payment-sy-workday-token-retry-subfl"/>
				</on-error-continue>
				<on-error-propagate enableNotifications="true" logException="true" doc:name="On Error Propagate" doc:id="30d4a4a5-0081-45a4-b5db-27be133b7879" type="HTTP:BAD_REQUEST">
					<flow-ref doc:name="logResponseError" doc:id="8e0a34e8-ee23-4e9f-8467-24a136e1991f" name="logResponseError"/>
					<ee:transform doc:name="Transform Message" doc:id="152dd709-0250-48fe-91a1-ecfbd1ec0a8f" >
								<ee:message >
								</ee:message>
								<ee:variables >
									<ee:set-variable variableName="httpStatus" ><![CDATA[%dw 2.0
output application/java
---
503]]></ee:set-variable>
										<ee:set-variable variableName="workdayDowntime" ><![CDATA[%dw 2.0
output application/java
---
true]]></ee:set-variable>
								
</ee:variables>
							</ee:transform>
							<raise-error doc:name="Raise error" doc:id="6e9ca944-ed02-44e9-bca9-f48ad0fa5c2b" type="${customError.technicalError}" description="${workday.badRequestResponse}"/>
				</on-error-propagate>
				<on-error-propagate enableNotifications="true" logException="true" doc:name="On Error Propagate" doc:id="0f2d01f2-a413-43e9-81b2-982d588d0cc7" type="ANY">
					<flow-ref doc:name="logResponseError" doc:id="7cb17e94-609e-4d9e-a124-3310b3e93d08" name="logResponseError"/>
					<flow-ref doc:name="payment-main-workday-downtime-error-subfl" doc:id="6311b9b7-df3e-4b9c-b198-463d12ad091f" name="pgr-finerp-payment-main-workday-downtime-error-subfl"/>
				</on-error-propagate>
			
</error-handler>
		</try>
	</sub-flow>
	<sub-flow name="pgr-finerp-payment-sy-customWD-subfl" doc:id="9d54ccd0-6f16-4f6d-b0d7-7cd1609c9945" >
	<choice doc:name="Choice" doc:id="07b535b9-e0f6-43a5-ad39-127a2bb200df">
				<when expression="#[vars.createPayment]">
				<flow-ref doc:name="Submit Supplier Custom Fields to WD" doc:id="afba494c-416a-48f0-9b09-aeb9ebb177b9" name="pgr-finerp-payment-sy-supplierCustomInvoicePayment-subfl" />
				</when>
			<otherwise>
					<logger level="DEBUG" doc:name="Logger" doc:id="c3b3eb76-8e01-4fbf-b138-34a01c0863dc" message="Invoice Cancellation service call" />
				</otherwise>
			</choice>
	</sub-flow>
	<sub-flow name="pgr-finerp-payment-sy-supplierCustomInvoicePayment-subfl">
		<try doc:name="Try" doc:id="bfc48d76-03a4-4ca2-ba3e-d6954869dc17">
			
			 <ee:transform doc:name="updateFlowName" doc:id="b80df51e-278b-4aee-b2ae-b5becc4a0cf5" >
				<ee:message >
				</ee:message>
				<ee:variables >
					<ee:set-variable variableName="serviceLoggingVars" ><![CDATA[%dw 2.0
output application/java
---
(vars.serviceLoggingVars update {
		case flowName at .flowName -> p("flowName.payments.create.supplier")
	})]]></ee:set-variable>
				</ee:variables>
			</ee:transform>
			<set-variable value="${flowName.payments.create.supCustomObjects}" doc:name="Set flowName" doc:id="15584b47-4e88-4e60-abfe-e805d5ef57e7" variableName="dynamicFlowName"/>
<flow-ref doc:name="pgr-finerp-payment-sy-workday-token-call-subfl" doc:id="3b000beb-f0bc-4e7b-b532-bd68d488049b" name="pgr-finerp-payment-sy-workday-token-call-subfl"/>
			<ee:transform doc:name="map custom fields" doc:id="7478a2fb-17df-4b17-b260-aa61bb103f70">
				<ee:message>
							<ee:set-payload resource="dwl/supplier_custom_wd_request.dwl" />
				</ee:message>
				<ee:variables>
					<ee:set-variable variableName="target"><![CDATA[%dw 2.0
output application/java
---
"Workday"]]></ee:set-variable>
				</ee:variables>
			</ee:transform>
			<ee:transform doc:name="requestParams" doc:id="899304b3-52e1-45e6-96e7-4f89c29f1c51" >
				<ee:message >
				</ee:message>
				<ee:variables >
					<ee:set-variable variableName="requestPayload" ><![CDATA[payload]]></ee:set-variable>
					<ee:set-variable resource="dwl/requestParams/supplierCustomInvPayment.dwl" variableName="requestAttributes" />
				</ee:variables>
			</ee:transform>
			<flow-ref doc:name="logRequestInfo" doc:id="89892008-758f-420d-8c77-015705ddf246" name="logRequestInfo"/>
	
			<http:request method="POST" doc:name="Submit Supplier Invoice to WD" doc:id="bc7e0ad1-e371-45a7-8fbb-ef63eee90ac4" config-ref="Generic_Payment_WD_Request_Configuration" path="${secure::workday.supplierInvoice.customWD.printPath}">
					<http:body ><![CDATA[#[vars.requestPayload]]]></http:body>
				<http:headers><![CDATA[#[output application/java
---
vars.requestAttributes.requestParams.headers]]]></http:headers>
				<http:query-params ><![CDATA[#[output application/java
---
(vars.requestAttributes.requestParams.queryParams)]]]></http:query-params>
				</http:request>
				<set-variable value="#[payload]" doc:name="responsePayload" doc:id="552297ef-0c4b-4d86-8d78-ec0898ccba28" variableName="responsePayload" />
			<flow-ref doc:name="logResponseInfo" doc:id="e66e3f2c-f39c-4642-b4cc-323ee8483fb9" name="logResponseInfo" />
				
			<flow-ref doc:name="pgr-finerp-payment-main-workday-downtime-200-validator-subfl" doc:id="f9bd3f09-4e96-4657-b1dd-d70649defd0c" name="pgr-finerp-payment-main-workday-downtime-200-validator-subfl"/>
			<error-handler>
				<on-error-propagate enableNotifications="true" logException="true" doc:name="On Error Propagate" doc:id="41667518-f8c6-44ec-9da0-358b32be6858" type="HTTP:SERVICE_UNAVAILABLE">
					<flow-ref doc:name="logResponseError" doc:id="09b0e5ae-cd85-4cb8-b551-736f6e6defc6" name="logResponseError"/>
				<ee:transform doc:name="503" doc:id="4d667d70-d47d-40ca-b023-ba1a88009943">
							<ee:message>
							</ee:message>
							<ee:variables>
								<ee:set-variable variableName="httpStatus"><![CDATA[%dw 2.0
output application/java
---
"503"]]></ee:set-variable>
								<ee:set-variable variableName="workdayDowntime"><![CDATA[%dw 2.0
output application/java
---
true]]></ee:set-variable>
							</ee:variables>
						</ee:transform>
						<raise-error doc:name="Raise error" doc:id="8fb8eee9-53d4-4738-944b-c7a38e8f8b85" type="${customError.technicalError}" description="${workday.unavailableResponse}" />
				
				</on-error-propagate>

<on-error-propagate enableNotifications="true" logException="true" doc:name="On Error Propagate" doc:id="dd16f5eb-c29f-4484-bb0d-245e7e951ec7" when='if (error.errorMessage.payload.^mediaType != "text/xml; charset=UTF-8") ((error.errorMessage.payload default "") contains  "503 : Service unavailable") else false' type="HTTP:INTERNAL_SERVER_ERROR">
					<flow-ref doc:name="logResponseError" doc:id="fcaecdc4-78ad-4225-a572-e68422e1cf9c" name="logResponseError"/>
				<ee:transform doc:name="503" doc:id="8468e992-4285-4194-875f-cff382126d82" >
							<ee:message >
							</ee:message>
							<ee:variables >
								<ee:set-variable variableName="httpStatus" ><![CDATA[%dw 2.0
output application/java
---
"503"]]></ee:set-variable>
								<ee:set-variable variableName="workdayDowntime" ><![CDATA[%dw 2.0
output application/java
---
true]]></ee:set-variable>
							</ee:variables>
						</ee:transform>
						<raise-error doc:name="Raise error" doc:id="6f70e136-fd94-4f77-8d85-1101f4afa765" type="${customError.technicalError}" description='${workday.unavailableResponse}'/>
				
				</on-error-propagate>
				
				<on-error-continue enableNotifications="true" logException="true" doc:name="On Error Continue" doc:id="9a1bae1d-12d5-4958-b828-013b168546c6" when="#[ ((error.errorMessage.attributes.statusCode == (p('workday.unauthorisedToken') as Number)) or ((error.exception.errorMessage.typedValue.^mimeType == &quot;text/xml&quot;) and ((error.exception.errorMessage.typedValue.&quot;Envelope&quot;.&quot;Body&quot;.&quot;Fault&quot;[1] default &quot;&quot;) contains &quot;invalid username or password&quot;)))]">
					<flow-ref doc:name="logResponseError" doc:id="5c193f5a-ab90-44ed-b202-ca6c498d7225" name="logResponseError"/>
					<flow-ref doc:name="pgr-finerp-payment-sy-workday-token-retry-subfl" doc:id="34353ffb-6976-4b59-bf0b-90cee52bbef2" name="pgr-finerp-payment-sy-workday-token-retry-subfl"/>
				</on-error-continue>
				<on-error-propagate enableNotifications="true" logException="true" doc:name="On Error Propagate" doc:id="302be6cb-4375-48bf-aa3b-754b94b4bae4" type="HTTP:BAD_REQUEST">
					<flow-ref doc:name="logResponseError" doc:id="42ba9632-487e-42a0-81b5-8ff8605e33cf" name="logResponseError"/>
					<ee:transform doc:name="Transform Message" doc:id="3f0ad4d9-8cd4-451a-8a9a-a1065199bf5d" >
								<ee:message >
								</ee:message>
								<ee:variables >
									<ee:set-variable variableName="httpStatus" ><![CDATA[%dw 2.0
output application/java
---
503]]></ee:set-variable>
										<ee:set-variable variableName="workdayDowntime" ><![CDATA[%dw 2.0
output application/java
---
true]]></ee:set-variable>
								
</ee:variables>
							</ee:transform>
							<raise-error doc:name="Raise error" doc:id="147ed656-50a8-48b8-9025-351fa0cf286b" type="${customError.technicalError}" description="${workday.badRequestResponse}"/>
				</on-error-propagate>
				<on-error-propagate enableNotifications="true" logException="true" doc:name="On Error Propagate" doc:id="83a746a6-41e2-4ba0-9a71-c25d79b02024" type="ANY">
					<flow-ref doc:name="logResponseError" doc:id="c03a7b3f-bea6-469f-af83-07995ebbb03d" name="logResponseError"/>
					<flow-ref doc:name="payment-main-workday-downtime-error-subfl" doc:id="5eb3bdbe-ac98-4b03-b734-df07e25c6e84" name="pgr-finerp-payment-main-workday-downtime-error-subfl"/>
				</on-error-propagate>
			</error-handler>
		</try>
	</sub-flow>
	
	
</mule>
