<?xml version="1.0" encoding="UTF-8"?>

<mule xmlns:os="http://www.mulesoft.org/schema/mule/os"
	xmlns:http="http://www.mulesoft.org/schema/mule/http"
	xmlns:ee="http://www.mulesoft.org/schema/mule/ee/core" xmlns="http://www.mulesoft.org/schema/mule/core"
	xmlns:doc="http://www.mulesoft.org/schema/mule/documentation"
	xmlns:xsi="http://www.w3.org/2001/XMLSchema-instance" xsi:schemaLocation="
http://www.mulesoft.org/schema/mule/http http://www.mulesoft.org/schema/mule/http/current/mule-http.xsd 
http://www.mulesoft.org/schema/mule/ee/core http://www.mulesoft.org/schema/mule/ee/core/current/mule-ee.xsd http://www.mulesoft.org/schema/mule/core http://www.mulesoft.org/schema/mule/core/current/mule.xsd
http://www.mulesoft.org/schema/mule/os http://www.mulesoft.org/schema/mule/os/current/mule-os.xsd">
	<sub-flow name="pgr-finerp-payment-sy-post-payment-escheatment-subfl" doc:id="9fc02ef8-54ee-4199-9638-432d6e678365" >
	<try doc:name="Try" doc:id="33e5423e-8ddf-4198-b5b0-05678652a4c2" >
			<ee:transform doc:name="Update flowName" doc:id="689bce6e-db48-44fd-963e-4fa6336b0ab3" >
				<ee:message >
				</ee:message>
				<ee:variables >
					<ee:set-variable variableName="serviceLoggingVars" ><![CDATA[%dw 2.0
output application/json
---
(vars.serviceLoggingVars update {
		case flowName at .flowName -> p("flowName.paymentEscheatment")
	})]]></ee:set-variable>
				</ee:variables>
			</ee:transform>
			<set-variable value="${flowName.paymentEscheatment}" doc:name="Set flowName" doc:id="55d35d9f-b56c-4c06-a36c-f5bafe38b840" variableName="dynamicFlowName"/>
<flow-ref doc:name="pgr-finerp-payment-sy-workday-token-call-subfl" doc:id="c3f8c5db-a445-4045-b5f5-f250a64d4139" name="pgr-finerp-payment-sy-workday-token-call-subfl"/>
			<ee:transform doc:name="Create Payment Excheatment WD Request" doc:id="15b11f37-4f2e-4e91-a373-ca570e3bfc52" >
				<ee:message >
					<ee:set-payload resource="dwl/paymentEscheatmentRequest.dwl" />
				</ee:message>
			</ee:transform>
<set-variable value="#[payload]" doc:name="requestPayload" doc:id="00eb3866-9270-4958-ae47-cbaaa2dd30c0" variableName="requestPayload" />
			<set-variable value="#[%dw 2.0&#10;output application/json&#10;---&#10;{&#10;&quot;targetURL&quot;: Mule::p('secure::workday.host') ++ Mule::p('secure::workday.createInvoiceJournal.WDPath'),&#10;&quot;requestParams&quot;: {&#10;    &quot;headers&quot; :&#10;			{&#10;				&quot;Authorization&quot; : &quot;Bearer &quot; ++ vars.token as String,&#10;				&quot;Content-Type&quot; : &quot;application/xml&quot;&#10;			}&#10;        		}&#10;}]" doc:name="requestAttributes" doc:id="2b8e045e-d7f9-4a2f-b587-8dc27defb56e" variableName="requestAttributes" />
			<flow-ref doc:name="logRequestInfo" doc:id="d9aa9f10-1c11-4b71-9642-cd58a12074aa" name="logRequestInfo"/>

			<http:request method="POST" doc:name="Payment Escheatment WD Call" doc:id="9fa6bbc3-1667-4f36-9b73-121a909ee645" config-ref="Generic_Payment_WD_Request_Configuration" path="${secure::workday.createInvoiceJournal.WDPath}" outputMimeType="application/xml">
			<http:body ><![CDATA[#[vars.requestPayload]]]></http:body>
				<http:headers><![CDATA[#[output application/java
---
vars.requestAttributes.requestParams.headers]]]></http:headers>
		</http:request>
		<set-variable value="#[payload]" doc:name="responsePayload" doc:id="e4608d29-92d6-47d5-a95d-d090e93a55f7" variableName="responsePayload" />
			<flow-ref doc:name="logResponseInfo" doc:id="cc1d0aaf-3b57-4833-aa22-5b0164c32b48" name="logResponseInfo" />
			
			<ee:transform doc:name="Set Success Response" doc:id="f4b5e61c-2bc9-418a-bc87-4c8f71f64752" >
				<ee:message >
					<ee:set-payload resource="dwl/payment-escheatment-response.dwl" />
				</ee:message>
			</ee:transform>
			<error-handler >
				<on-error-propagate enableNotifications="true" logException="true" doc:name="On Error Propagate" doc:id="c64b6d24-2d10-4d59-85e1-059f69630edd" type="HTTP:SERVICE_UNAVAILABLE">
					<flow-ref doc:name="logResponseError" doc:id="c0508f64-65d0-4048-90a8-aa5c6f78c9bb" name="logResponseError"/>
				<ee:transform doc:name="503" doc:id="dd6c990a-5cb8-4a0c-a1c4-3c1065bb63d6">
							<ee:message>
							</ee:message>
							<ee:variables>
								<ee:set-variable variableName="httpStatus"><![CDATA[%dw 2.0
output application/java
---
"503"]]></ee:set-variable>
								<ee:set-variable variableName="workdayDowntime"><![CDATA[%dw 2.0
output application/java
---
true]]></ee:set-variable>
							</ee:variables>
						</ee:transform>
						<raise-error doc:name="Raise error" doc:id="a86a0ec7-7e9f-4fdc-b264-eba8e327c41f" type="${customError.technicalError}" description="${workday.unavailableResponse}" />
				
				</on-error-propagate>

<on-error-propagate enableNotifications="true" logException="true" doc:name="On Error Propagate" doc:id="35b56ead-5a19-4ad9-b631-6e3db6ce323b" when='if (error.errorMessage.payload.^mediaType != "text/xml; charset=UTF-8") ((error.errorMessage.payload default "") contains  "503 : Service unavailable") else false' type="HTTP:INTERNAL_SERVER_ERROR">
					<flow-ref doc:name="logResponseError" doc:id="7e1e0350-f119-4a32-bdbc-35c883264962" name="logResponseError"/>
				<ee:transform doc:name="503" doc:id="bc0b8c5c-3ebe-4f6e-a8cc-5bffc3051f07" >
							<ee:message >
							</ee:message>
							<ee:variables >
								<ee:set-variable variableName="httpStatus" ><![CDATA[%dw 2.0
output application/java
---
"503"]]></ee:set-variable>
								<ee:set-variable variableName="workdayDowntime" ><![CDATA[%dw 2.0
output application/java
---
true]]></ee:set-variable>
							</ee:variables>
						</ee:transform>
						<raise-error doc:name="Raise error" doc:id="672deec7-4c91-4fcf-bd6c-0b5f3ea1937d" type="${customError.technicalError}" description='${workday.unavailableResponse}'/>
				
				</on-error-propagate>
				
				<on-error-continue enableNotifications="true" logException="true" doc:name="On Error Continue" doc:id="2f6428fd-0030-425b-8553-389eb4ddea13" when="#[ ((error.errorMessage.attributes.statusCode == p('workday.unauthorisedToken') as Number) or (error.errorMessage.attributes.statusCode == p('workday.forbidden') as Number) or ((error.exception.errorMessage.typedValue.^mimeType == &quot;text/xml&quot;) and ((error.exception.errorMessage.typedValue.&quot;Envelope&quot;.&quot;Body&quot;.&quot;Fault&quot;[1] default &quot;&quot;) contains &quot;invalid username or password&quot;)))]">
					<flow-ref doc:name="logResponseError" doc:id="2c61310d-0b25-4ee8-86ba-0c1085c9be6d" name="logResponseError"/>
					<flow-ref doc:name="pgr-finerp-payment-sy-workday-token-retry-subfl" doc:id="59d35eeb-62ff-42b9-9257-e9bcab72d708" name="pgr-finerp-payment-sy-workday-token-retry-subfl"/>
				</on-error-continue>
				<on-error-propagate enableNotifications="true" logException="true" doc:name="On Error Propagate" doc:id="594ca0af-7095-42fc-b6e0-95cef0d133e7" type="HTTP:BAD_REQUEST">
					<flow-ref doc:name="logResponseInfo" doc:id="eb5c203e-6199-4872-9d53-68b5b245548e" name="logResponseError"/>
					<ee:transform doc:name="Transform Message" doc:id="cb91cef6-9798-48a0-a981-4c7774aeb4b2" >
								<ee:message >
								</ee:message>
								<ee:variables >
									<ee:set-variable variableName="httpStatus" ><![CDATA[%dw 2.0
output application/java
---
503]]></ee:set-variable>
										<ee:set-variable variableName="workdayDowntime" ><![CDATA[%dw 2.0
output application/java
---
true]]></ee:set-variable>
								
</ee:variables>
							</ee:transform>
							<raise-error doc:name="Raise error" doc:id="ba34bffa-7779-40f2-b147-3528a2642dd9" type="${customError.technicalError}" description="${workday.badRequestResponse}"/>
				</on-error-propagate>
				<on-error-propagate enableNotifications="true" logException="true" doc:name="On Error Propagate" doc:id="1d45d131-cde8-4672-bd32-36fa7c5bb632" type="HTTP:INTERNAL_SERVER_ERROR" when='(error.errorMessage.payload."Envelope"."Body"."Fault"."faultstring" contains ("Validation error occurred. Invalid ID value"))'>
					<flow-ref doc:name="logResponseError" doc:id="00abccdd-fc71-4132-81c2-7455a4991f47" name="logResponseError"/>
					<ee:transform doc:name="Error Response" doc:id="7a8a7f98-958b-4c2d-b66e-34000cad28d9" >
						<ee:message >
						</ee:message>
						<ee:variables >
							<ee:set-variable variableName="httpStatus" ><![CDATA[%dw 2.0
output application/java
---
404]]></ee:set-variable>
							<ee:set-variable variableName="errorMessage" ><![CDATA[%dw 2.0
output application/json
import * from dw::core::Strings

---
{
	errorField :  p('paymentEscheatment.errorFieldName'),
	errorValue :  vars.inputPayload.paymentReferenceId,
	errorReason: error.errorMessage.payload.Envelope.Body default "",
	errorLineNumber: "" 
}]]></ee:set-variable>
						</ee:variables>
					</ee:transform>
					<raise-error doc:name="Raise error" doc:id="3298e511-3494-45c8-bd39-1e7ea548310c" type="${customError.businessError}" description="${paymentEscheatment.errorMessage}"/>
				</on-error-propagate>
				<on-error-propagate enableNotifications="true" logException="true" doc:name="On Error Propagate" doc:id="fbf875c7-69bc-4986-81f5-f027933acdbf" type="ANY">
					<flow-ref doc:name="logResponseError" doc:id="2f9d94fc-e525-4a43-912b-4eb61e93b591" name="logResponseError"/>
					<flow-ref doc:name="payment-main-workday-downtime-error-subfl" doc:id="3296040c-842a-48ac-b751-d7bdbf57f108" name="pgr-finerp-payment-main-workday-downtime-error-subfl"/>
				</on-error-propagate>
				
				

</error-handler>
		</try>
		</sub-flow>
</mule>
