<?xml version="1.0" encoding="UTF-8"?>

<mule xmlns:ee="http://www.mulesoft.org/schema/mule/ee/core" xmlns="http://www.mulesoft.org/schema/mule/core"
	xmlns:doc="http://www.mulesoft.org/schema/mule/documentation"
	xmlns:xsi="http://www.w3.org/2001/XMLSchema-instance" xsi:schemaLocation="http://www.mulesoft.org/schema/mule/core http://www.mulesoft.org/schema/mule/core/current/mule.xsd
http://www.mulesoft.org/schema/mule/ee/core http://www.mulesoft.org/schema/mule/ee/core/current/mule-ee.xsd">
	<sub-flow name="pgr-finerp-payment-sy-payment-payee-retrieve-subfl" doc:id="8237ca29-281b-4580-8b6e-642fbda06225" >
		<flow-ref doc:name="Flow Ref to retrieve data from WD" doc:id="d3805fff-fb1e-49b7-9d8e-0c5a10202d0d" name="pgr-finerp-payment-sy-get-digital-Payments-subfl"/>
		<ee:transform doc:name="Extract Output" doc:id="5c4e7d97-1deb-429a-b9b9-25a48d763b5c">
			<ee:message>
				<ee:set-payload><![CDATA[%dw 2.0
output application/json
---
payload.Envelope.Body.Get_Miscellaneous_Payment_Requests_Response.Response_Data.Miscellaneous_Payment_Request_Response.Miscellaneous_Payment_Request_Response_Data.*Payee_Data map ($.Miscellaneous_Payee_Reference.*ID filter (result, index) -> (result.@"type" == "Miscellaneous_Payee_ID"))[0]]]></ee:set-payload>
			</ee:message>
		</ee:transform>
		<ee:transform doc:name="Output Response" doc:id="795a3fea-7ba2-42cc-83f4-12da897473ef" >
			<ee:message >
				<ee:set-payload resource="dwl/payment-payee-retrieve-response.dwl" />
			</ee:message>
		</ee:transform>
	</sub-flow>
</mule>
