<?xml version="1.0" encoding="UTF-8"?>
<mule xmlns="http://www.mulesoft.org/schema/mule/core" xmlns:apikit="http://www.mulesoft.org/schema/mule/mule-apikit" xmlns:doc="http://www.mulesoft.org/schema/mule/documentation" xmlns:ee="http://www.mulesoft.org/schema/mule/ee/core" xmlns:file="http://www.mulesoft.org/schema/mule/file" xmlns:http="http://www.mulesoft.org/schema/mule/http" xmlns:s3="http://www.mulesoft.org/schema/mule/s3" xmlns:xsi="http://www.w3.org/2001/XMLSchema-instance" xsi:schemaLocation="http://www.mulesoft.org/schema/mule/core http://www.mulesoft.org/schema/mule/core/current/mule.xsd http://www.mulesoft.org/schema/mule/http http://www.mulesoft.org/schema/mule/http/current/mule-http.xsd http://www.mulesoft.org/schema/mule/mule-apikit http://www.mulesoft.org/schema/mule/mule-apikit/current/mule-apikit.xsd  http://www.mulesoft.org/schema/mule/ee/core http://www.mulesoft.org/schema/mule/ee/core/current/mule-ee.xsd http://www.mulesoft.org/schema/mule/s3 http://www.mulesoft.org/schema/mule/s3/current/mule-s3.xsd">
    <flow name="pgr-finerp-payment-sy-main-fl">
        <http:listener config-ref="HTTP_Listener_config" path="${api.basePath}">
            <http:response statusCode="#[vars.httpStatus default 200]">
                <http:headers><![CDATA[#[vars.outboundHeaders default {}]]]></http:headers>
            </http:response>
            <http:error-response statusCode="#[vars.httpStatus]">
                <http:body><![CDATA[#[vars.httpErrorResponse default error.description]]]></http:body>
                <http:headers><![CDATA[#[vars.outboundHeaders default {}]]]></http:headers>
            </http:error-response>
        </http:listener>
        <ee:transform doc:name="set application context" doc:id="89bcf729-e4ca-4a1f-ad7d-6a1781e72c4a">
            <ee:message />
            <ee:variables>
                <ee:set-variable variableName="inputPayload"><![CDATA[%dw 2.0
output application/java
---
payload default {}]]></ee:set-variable>
                <ee:set-variable variableName="workdayDowntime"><![CDATA[%dw 2.0
output application/java
---
false]]></ee:set-variable>
                <ee:set-variable resource="dwl/serviceLogging.dwl" variableName="serviceLoggingVars" />
            </ee:variables>
        </ee:transform>
        <flow-ref doc:name="logEntryInfo" doc:id="c3cccab9-729c-461d-9d52-885d9bff519c" name="logEntryInfo" />
        <apikit:router config-ref="payment-sys-api-config" />
        <flow-ref doc:name="logExitInfo" doc:id="9af1ebf5-0d43-4580-982a-9b748c6c0180" name="logExitInfo" />
    </flow>
    <flow name="get:\healthcheck:payment-sys-api-config">
        <set-variable value="#[%dw 2.0   output application/json   ---   {    grant_type: &quot;refresh_token&quot;,    refresh_token: Mule::p('secure::workday.generic.refreshToken')   }]" doc:name="requestPayload" doc:id="e866d885-af65-4e3c-9e46-83250d9b8d60" variableName="requestPayload" />
        <set-variable value="#[%dw 2.0 output application/json --- { &quot;targetURL&quot;: Mule::p('secure::workday.host') ++ Mule::p('secure::workday.token.path'), &quot;requestParams&quot;: {   } }]" doc:name="requestAttributes" doc:id="333dc71d-d3f4-457e-8b43-5e539c465d88" variableName="requestAttributes" />
        <flow-ref doc:name="logRequestInfo" doc:id="23946457-357e-495f-892e-712cbc1310e1" name="logRequestInfo" />
        <try doc:name="Try" doc:id="0eafdd97-26dd-46ce-b89f-be1b1f151d0b">
            <http:request method="POST" doc:name="Retrieve Access Token" doc:id="8517c97c-1be5-47d3-a798-1eb283cd530b" config-ref="Workday_Token_Request_configuration" path="${secure::workday.token.path}" target="token" targetValue="#[%dw 2.0 output application/java --- payload.access_token]" outputMimeType="application/json">
                <http:body><![CDATA[#[%dw 2.0
		output application/x-www-form-urlencoded
		---
		vars.requestPayload]]]></http:body>
            </http:request>
            <error-handler>
                <on-error-continue enableNotifications="true" logException="true" doc:name="On Error Continue" doc:id="a1022380-5347-4f9f-8164-b050299a70b0">
                    <set-variable value="#[true]" doc:name="HealthCheckFailure" doc:id="67834f4e-868c-4b9c-a290-155cfee2d9ff" variableName="HealthCheckFailure" />
                </on-error-continue>
            </error-handler>
        </try>
        <ee:transform doc:name="validApps" doc:id="71949c40-c86a-4893-be77-6851eb6e7dfd">
            <ee:message />
            <ee:variables>
                <ee:set-variable resource="dwl/validApps.dwl" variableName="validApps" />
            </ee:variables>
        </ee:transform>
        <ee:transform doc:name="Transform Message" doc:id="edcc293c-081b-43f2-9ad0-1c3d94baadd0">
            <ee:message>
                <ee:set-payload resource="dwl/healthCheck.dwl" />
                <ee:set-attributes><![CDATA[%dw 2.0
output application/java
---
{
	"statusCode": "200",
	"reasonPhrase": "Workday URL health check connectivity is success"	
}]]></ee:set-attributes>
            </ee:message>
            <ee:variables>
                <ee:set-variable variableName="content"><![CDATA[%dw 2.0
output application/java
---
"Workday URL health check connectivity is success"]]></ee:set-variable>
            </ee:variables>
        </ee:transform>
        <error-handler ref="mule-common-error-handler-byPass" />
    </flow>
    <flow name="get:\ping:payment-sys-api-config">
        <flow-ref doc:name="healthcheck-common-framework:ping-flow" doc:id="0741e3df-269d-43eb-8727-bfc54d81e8c7" name="healthcheck-common-framework:ping-flow" />
        <ee:transform xsi:schemaLocation=" http://www.mulesoft.org/schema/mule/http http://www.mulesoft.org/schema/mule/http/current/mule-http.xsd http://www.mulesoft.org/schema/mule/ee/core http://www.mulesoft.org/schema/mule/ee/core/current/mule-ee.xsd" doc:name="Set Success Output">
            <ee:message>
                <ee:set-attributes><![CDATA[%dw 2.0
output application/java
---
{
	"statusCode": "200",
	"reasonPhrase": "Payment Sy API ping is success"	
}]]></ee:set-attributes>
            </ee:message>
            <ee:variables>
                <ee:set-variable variableName="content"><![CDATA[%dw 2.0
output application/java
---
"Payment Sy API ping is success"]]></ee:set-variable>
            </ee:variables>
        </ee:transform>
        <error-handler ref="mule-common-error-handler-byPass" />
    </flow>
    <flow name="put:\payment\(paymentId):application\json:payment-sys-api-config">
        <ee:transform>
            <ee:variables>
                <ee:set-variable variableName="paymentId">attributes.uriParams.'paymentId'</ee:set-variable>
            </ee:variables>
        </ee:transform>
        <ee:transform xsi:schemaLocation="http://www.mulesoft.org/schema/mule/ee/core http://www.mulesoft.org/schema/mule/ee/core/current/mule-ee.xsd">
            <ee:message>
                <ee:set-payload><![CDATA[%dw 2.0
output application/json
---
{
  eventTimeStamp: "2020-02-28T16:41:41.090Z",
  serviceName: "pgr-finerp-claims-payment-ue",
  correlationId: "efb63130-6a1e-11eb-ba94-dcfb48b3e060",
  transactionLevel: "Success",
  flowName: "pgr-implementation-flowname",
  sourceTransactionId: "113wwfscs4434e3",
  result: {
    status: "Success",
    code: "200",
    message: "",
    content: {}
  }
}]]></ee:set-payload>
            </ee:message>
        </ee:transform>
        <error-handler ref="mule-common-error-handler-byPass" />
    </flow>
    <flow name="delete:\payment:application\json:payment-sys-api-config">
        <flow-ref doc:name="pgr-finerp-payment-sy-payment-cancel-subfl" doc:id="d989560c-d331-4edd-b98b-65aba01ab861" name="pgr-finerp-payment-sy-payment-cancel-subfl" />
        <error-handler ref="mule-common-error-handler-byPass" />
    </flow>
    <flow name="get:\payee:payment-sys-api-config">
        <ee:transform xsi:schemaLocation="http://www.mulesoft.org/schema/mule/ee/core http://www.mulesoft.org/schema/mule/ee/core/current/mule-ee.xsd">
            <ee:message>
                <ee:set-payload><![CDATA[%dw 2.0
output application/json
---
{
  eventTimeStamp: "2020-02-28T16:41:41.090Z",
  serviceName: "pgr-finerp-claims-payment-ue",
  correlationId: "efb63130-6a1e-11eb-ba94-dcfb48b3e060",
  transactionLevel: "Success",
  flowName: "pgr-implementation-flowname",
  sourceTransactionId: "113wwfscs4434e3",
  result: {
    status: "Success",
    code: "200",
    message: "",
    content: {}
  }
}]]></ee:set-payload>
            </ee:message>
        </ee:transform>
        <error-handler ref="mule-common-error-handler-byPass" />
    </flow>
    <flow name="get:\payee\remitToConnection:payment-sys-api-config" doc:id="a61ef490-3414-4c30-aac3-6890aaf1b64c">
        <flow-ref doc:name="pgr-finerp-payment-sy-payee-remitToConnection-subfl" doc:id="f0de2ded-a774-422e-a7a2-fea6d69d8d39" name="pgr-finerp-payment-sy-payee-remitToConnection-subfl" />
        <error-handler ref="mule-common-error-handler-byPass" />
    </flow>
    <flow name="get:\payment\(paymentId):payment-sys-api-config">
        <ee:transform>
            <ee:variables>
                <ee:set-variable variableName="paymentId">attributes.uriParams.'paymentId'</ee:set-variable>
            </ee:variables>
        </ee:transform>
        <ee:transform xsi:schemaLocation="http://www.mulesoft.org/schema/mule/ee/core http://www.mulesoft.org/schema/mule/ee/core/current/mule-ee.xsd">
            <ee:message>
                <ee:set-payload><![CDATA[%dw 2.0
output application/json
---
{
  eventTimeStamp: "2020-02-28T16:41:41.090Z",
  serviceName: "pgr-finerp-claims-payment-ue",
  correlationId: "efb63130-6a1e-11eb-ba94-dcfb48b3e060",
  transactionLevel: "Success",
  flowName: "pgr-implementation-flowname",
  sourceTransactionId: "113wwfscs4434e3",
  result: {
    status: "Success",
    code: "200",
    message: "",
    content: {}
  }
}]]></ee:set-payload>
            </ee:message>
        </ee:transform>
        <error-handler ref="mule-common-error-handler-byPass" />
    </flow>
    <flow name="post:\payment\(paymentId)\additionalInfo:application\json:payment-sys-api-config">
        <ee:transform>
            <ee:variables>
                <ee:set-variable variableName="paymentId">attributes.uriParams.'paymentId'</ee:set-variable>
            </ee:variables>
        </ee:transform>
        <ee:transform xsi:schemaLocation="http://www.mulesoft.org/schema/mule/ee/core http://www.mulesoft.org/schema/mule/ee/core/current/mule-ee.xsd">
            <ee:message>
                <ee:set-payload><![CDATA[%dw 2.0
output application/json
---
{
  eventTimeStamp: "2020-02-28T16:41:41.090Z",
  serviceName: "pgr-finerp-claims-payment-ue",
  correlationId: "efb63130-6a1e-11eb-ba94-dcfb48b3e060",
  transactionLevel: "Success",
  flowName: "pgr-implementation-flowname",
  sourceTransactionId: "113wwfscs4434e3",
  result: {
    status: "Success",
    code: "200",
    message: "",
    content: {}
  }
}]]></ee:set-payload>
            </ee:message>
        </ee:transform>
        <error-handler ref="mule-common-error-handler-byPass" />
    </flow>
    <flow name="post:\payment\(paymentId)\invoiceMaintainence:application\json:payment-sys-api-config">
        <ee:transform>
            <ee:variables>
                <ee:set-variable variableName="paymentId">attributes.uriParams.'paymentId'</ee:set-variable>
            </ee:variables>
        </ee:transform>
        <ee:transform xsi:schemaLocation=" http://www.mulesoft.org/schema/mule/file http://www.mulesoft.org/schema/mule/file/current/mule-file.xsd http://www.mulesoft.org/schema/mule/ee/core http://www.mulesoft.org/schema/mule/ee/core/current/mule-ee.xsd">
            <ee:message>
                <ee:set-payload><![CDATA[%dw 2.0
output application/json
---
{
  eventTimeStamp: "2020-02-28T16:41:41.090Z",
  serviceName: "pgr-finerp-claims-payment-ue",
  correlationId: "efb63130-6a1e-11eb-ba94-dcfb48b3e060",
  transactionLevel: "Success",
  flowName: "pgr-implementation-flowname",
  sourceTransactionId: "113wwfscs4434e3",
  result: {
    status: "Success",
    code: "200",
    message: "",
    content: {}
  }
}]]></ee:set-payload>
            </ee:message>
        </ee:transform>
        <error-handler ref="mule-common-error-handler-byPass" />
    </flow>
    <flow name="post:\payment:application\json:payment-sys-api-config">
        <flow-ref doc:name="pgr-finerp-payment-sy-payment-create-subfl" doc:id="35bab3e7-9b44-4115-b09a-f8344f902f34" name="pgr-finerp-payment-sy-payment-create-subfl" />
        <error-handler ref="mule-common-error-handler-byPass" />
    </flow>
    <flow name="delete:\invoice:application\json:payment-sys-api-config">
        <flow-ref doc:name="pgr-finerp-payment-sy-payment-cancel-invoice-subfl" doc:id="c14129bc-e36a-4bcd-9b47-86835024e4d5" name="pgr-finerp-payment-sy-payment-cancel-invoice-subfl" />
        <error-handler ref="mule-common-error-handler-byPass" />
    </flow>
    <flow name="get:\invoice:payment-sys-api-config">
        <flow-ref doc:name="pgr-finerp-payment-sy-get-invoice-status-subfl" doc:id="0c74a46f-de9f-4f7d-8047-210beeab5aad" name="pgr-finerp-payment-sy-get-invoice-status-subfl" />
        <error-handler ref="mule-common-error-handler-byPass" />
    </flow>
    <sub-flow name="pgr-finerp-payment-main-workday-downtime-error-subfl" doc:id="9cf0f6b0-6723-4f19-9e9b-323b1718dd61">
        <choice doc:name="Choice" doc:id="e9b9d48c-175a-4561-9b65-adab657b4426">
            <when expression="#[(error.exception.errorMessage.typedValue != null)]">
                <ee:transform doc:name="Transform Message" doc:id="93a2cf48-ba08-46ca-8880-647390e501de">
                    <ee:message />
                    <ee:variables>
                        <ee:set-variable variableName="wdError"><![CDATA[%dw 2.0
output application/json
---
error.exception.errorMessage.typedValue]]></ee:set-variable>
                    </ee:variables>
                </ee:transform>
                <ee:transform doc:name="Transform Message" doc:id="b9be22c9-0396-4522-9936-7d999aa2f3a6">
                    <ee:message />
                    <ee:variables>
                        <ee:set-variable variableName="wdError"><![CDATA[%dw 2.0
output text/plain
---
write(vars.wdError, "application/json")]]></ee:set-variable>
                    </ee:variables>
                </ee:transform>
                <flow-ref doc:name="wd-validation-errors-subfl" doc:id="814169ff-515f-404e-aaca-9efc10ef614c" name="pgr-finerp-payment-sy-wd-validation-errors-subfl" />
            </when>
            <otherwise>
                <ee:transform doc:name="Transform Message" doc:id="28cee4d6-367b-444e-bb3c-5cb665fb3b54">
                    <ee:message />
                    <ee:variables>
                        <ee:set-variable variableName="wdError"><![CDATA[""]]></ee:set-variable>
                    </ee:variables>
                </ee:transform>
            </otherwise>
        </choice>
        <choice doc:name="Choice" doc:id="2a546dd3-ded1-4140-803b-5738ce6e3549">
            <when expression="#[((vars.wdError != null) and ((vars.wdError contains &quot;SOAP-ENV:Client.validationError&quot;) and (vars.wdError contains &quot;Invalid request&quot;)))]">
                <ee:transform doc:name="Transform Message" doc:id="587b3d28-7c6d-426d-8f1a-b41bbf7065b9">
                    <ee:message />
                    <ee:variables>
                        <ee:set-variable variableName="httpStatus"><![CDATA[%dw 2.0
output application/java
---
503]]></ee:set-variable>
                        <ee:set-variable variableName="workdayDowntime"><![CDATA[%dw 2.0
output application/java
---
true]]></ee:set-variable>
                    </ee:variables>
                </ee:transform>
                <raise-error doc:name="Raise error" doc:id="f603e56c-59d1-422b-8040-11ef160e0ed5" type="${customError.technicalError}" description="${workday.unavailableResponse}" />
            </when>
        </choice>
    </sub-flow>
    <sub-flow name="pgr-finerp-payment-main-workday-downtime-200-validator-subfl" doc:id="83b82077-319b-4422-84bb-7a102a27d702">
        <try doc:name="Try" doc:id="3d3a8cbf-1bd7-4fd9-aee7-bee8a29695ea">
            <choice doc:name="Choice" doc:id="95a193e4-ba90-4727-9dcd-799eb9cf14b6">
                <when expression='#[vars.serviceLoggingVars.flowName == p("flowName.payee.remitToConnection")]'>
                    <ee:transform doc:name="Set workdayResponse" doc:id="1d3a1c2c-e8c1-4bf5-9471-84231e8c43aa">
                        <ee:message />
                        <ee:variables>
                            <ee:set-variable variableName="workdayResponse"><![CDATA[%dw 2.0
output application/json
---
payload.Report_Data.Report_Entry.*'Remit-To_Supplier_Connection']]></ee:set-variable>
                        </ee:variables>
                    </ee:transform>
                </when>
                <otherwise>
                    <ee:transform doc:name="Transform Message" doc:id="776d0241-73c7-4283-b53a-9ceaad6e23d4">
                        <ee:message />
                        <ee:variables>
                            <ee:set-variable variableName="workdayResponse"><![CDATA[%dw 2.0
output application/java
---
payload.Envelope.Body]]></ee:set-variable>
                        </ee:variables>
                    </ee:transform>
                </otherwise>
            </choice>
            <error-handler>
                <on-error-propagate enableNotifications="true" logException="true" doc:name="On Error Propagate" doc:id="1b48c46b-53af-497f-a0af-03ef703869e0">
                    <set-variable value="#[output application/java --- payload]" doc:name="Set Variable" doc:id="0c2143a5-7bd2-46ce-b549-cb44b302855b" variableName="workdayResponse" />
                    <choice doc:name="Choice" doc:id="31792c53-80ea-4e29-b3c1-eb93a52028ac">
                        <when expression="#[vars.workdayResponse contains(p('workday.downtimeHtmlResponse'))]">
                            <ee:transform doc:name="Transform Message" doc:id="2ddbb136-3c10-4ba7-b6cf-fad811982064">
                                <ee:message />
                                <ee:variables>
                                    <ee:set-variable variableName="httpStatus"><![CDATA[%dw 2.0
output application/java
---
503]]></ee:set-variable>
                                    <ee:set-variable variableName="workdayDowntime"><![CDATA[%dw 2.0

output application/java
---
true]]></ee:set-variable>
                                </ee:variables>
                            </ee:transform>
                            <raise-error doc:name="Raise error" doc:id="ba567593-d621-45c5-838a-767f8b604439" type="${customError.technicalError}" description="${workday.htmlResponse}" />
                        </when>
                    </choice>
                </on-error-propagate>
            </error-handler>
        </try>
    </sub-flow>
    <flow name="patch:\payment:application\json:payment-sys-api-config">
        <flow-ref doc:name="digital-payment-detail-main-subfl" doc:id="00473834-f89a-4fee-b8b8-10b3e1c1a853" name="pgr-finerp-payment-sy-digital-payment-detail-main-subfl" />
        <error-handler ref="mule-common-error-handler-byPass" />
    </flow>
    <flow name="get:\payment\payee:payment-sys-api-config">
        <flow-ref doc:name="payment-payee-retrieve-subfl" doc:id="3a0d8131-f299-4955-ae9c-c74036f48e22" name="pgr-finerp-payment-sy-payment-payee-retrieve-subfl" />
        <error-handler ref="mule-common-error-handler-byPass" />
        <!-- <ee:transform xsi:schemaLocation="
http://www.mulesoft.org/schema/mule/mule-apikit http://www.mulesoft.org/schema/mule/mule-apikit/current/mule-apikit.xsd 
http://www.mulesoft.org/schema/mule/http http://www.mulesoft.org/schema/mule/http/current/mule-http.xsd http://www.mulesoft.org/schema/mule/ee/core http://www.mulesoft.org/schema/mule/ee/core/current/mule-ee.xsd">
            <ee:message>
                <ee:set-payload><![CDATA[%dw 2.0
output application/json
-&#45;&#45;
{
  eventTimeStamp: "2020-02-28T16:41:41.090Z",
  serviceName: "pgr-finerp-claims-payment-ue",
  correlationId: "efb63130-6a1e-11eb-ba94-dcfb48b3e060",
  transactionLevel: "SUCCESS",
  flowName: "pgr-implementation-flowname",
  sourceTransactionId: "113wwfscs4434e3",
  result: {
    status: "SUCCESS",
    code: "200",
    message: "",
    content: {}
  }
}]]></ee:set-payload>
            </ee:message>
        </ee:transform>
 -->
    </flow>
    <flow name="delete:\paymentRequest:payment-sys-api-config">
        <flow-ref doc:name="pgr-finerp-payment-sy-payment-request-cancel-Subfl" doc:id="08766fc9-c9c4-4b3b-b299-1d64eb2c52cc" name="pgr-finerp-payment-sy-payment-request-cancel-Subfl" />
        <error-handler ref="mule-common-error-handler-byPass" />
    </flow>
    <flow name="get:\payment:payment-sys-api-config">
        <flow-ref doc:name="payment-retrieve-subfl" doc:id="44de995e-9272-4cac-8d0e-72587877bb86" name="pgr-finerp-payment-sy-payment-retrieve-subfl" />
        <error-handler ref="mule-common-error-handler-byPass" />
    </flow>
    <flow name="get:\paymentStatus:payment-sys-api-config">
        <flow-ref doc:name="payment-status-retrieve-subfl" doc:id="9b2c07db-64eb-417f-a1df-e93b1e421e64" name="pgr-finerp-payment-sy-payment-status-retrieve-subfl" />
        <error-handler ref="mule-common-error-handler-byPass" />
    </flow>
    <flow name="get:\invoice\line:payment-sys-api-config">
        <flow-ref doc:name="pgr-finerp-payment-sy-invoice-line-retrieve-subfl" doc:id="902bae38-5ec0-4b65-b26b-94f0ddf99822" name="pgr-finerp-payment-sy-invoice-line-retrieve-subfl" />
        <error-handler ref="mule-common-error-handler-byPass" />
    </flow>
    <flow name="get:\invoiceStatus:payment-sys-api-config">
        <flow-ref doc:name="pgr-finerp-payment-sy-invoiceStatus-retrieve-subfl" doc:id="b05e88b6-6740-4486-baac-aa6b70212ca4" name="pgr-finerp-payment-sy-invoiceStatus-retrieve-subfl" />
        <error-handler ref="mule-common-error-handler-byPass" />
    </flow>
    <flow name="post:\invoice\importJournal:application\json:payment-sys-api-config">
        <flow-ref doc:name="pgr-finerp-payment-sy-create-inoice-import-journal-subfl" doc:id="8a609a93-f397-4d6f-981e-b6313702fe76" name="pgr-finerp-payment-sy-create-inoice-import-journal-subfl" />
        <error-handler ref="mule-common-error-handler-byPass" />
    </flow>
    <flow name="patch:\invoice:application\json:payment-sys-api-config">
        <flow-ref doc:name="pgr-finerp-payment-sy-patch-invoice-subfl" doc:id="f0ca547c-60b4-408e-be0a-a6943335816e" name="pgr-finerp-payment-sy-patch-invoice-subfl" />
        <error-handler ref="mule-common-error-handler-byPass" />
    </flow>
    <flow name="post:\payment\escheatment:application\json:payment-sys-api-config">
        <flow-ref doc:name="pgr-finerp-payment-sy-post-payment-escheatment-subfl" doc:id="9b19a116-f724-49a9-b3e9-4f94a2f5cd16" name="pgr-finerp-payment-sy-post-payment-escheatment-subfl" />
        <error-handler ref="mule-common-error-handler-byPass" />
    </flow>
    <flow name="get:\invoice\id:payment-sys-api-config" doc:id="d9068286-168e-45c1-acf9-d69aba1b8f0c">
        <flow-ref doc:name="pgr-finerp-payment-sy-getInvoice-id-subfl" doc:id="78665738-e5c4-4c68-b28a-8c2b5848d0b7" name="pgr-finerp-payment-sy-getInvoice-id-subfl" />
        <error-handler ref="mule-common-error-handler-byPass" />
    </flow>
    <flow name="get:\supplierInvoice:payment-sys-api-config">
        <flow-ref doc:name="pgr-finerp-payment-sy-payment-supplier-retrieve-subfl" doc:id="ded16eb2-a0e7-4d76-b7cb-3c572fc19d62" name="pgr-finerp-payment-sy-payment-supplier-retrieve-subfl" />
    </flow>
</mule>
