<?xml version="1.0" encoding="UTF-8"?>

<mule xmlns:os="http://www.mulesoft.org/schema/mule/os"
	xmlns:http="http://www.mulesoft.org/schema/mule/http"
	xmlns:ee="http://www.mulesoft.org/schema/mule/ee/core" xmlns="http://www.mulesoft.org/schema/mule/core"
	xmlns:doc="http://www.mulesoft.org/schema/mule/documentation"
	xmlns:xsi="http://www.w3.org/2001/XMLSchema-instance" xsi:schemaLocation="
http://www.mulesoft.org/schema/mule/http http://www.mulesoft.org/schema/mule/http/current/mule-http.xsd 
http://www.mulesoft.org/schema/mule/ee/core http://www.mulesoft.org/schema/mule/ee/core/current/mule-ee.xsd http://www.mulesoft.org/schema/mule/core http://www.mulesoft.org/schema/mule/core/current/mule.xsd
http://www.mulesoft.org/schema/mule/os http://www.mulesoft.org/schema/mule/os/current/mule-os.xsd">
	<sub-flow name="pgr-finerp-payment-sy-workday-token-retry-subfl" doc:id="6d7264bb-5ef7-441c-93c4-b9f98825618a" >
		<set-variable value="#[((vars.retryCount  default 0) + 1) as Number]" doc:name="Set Retry count" doc:id="047cacf9-1cc3-418a-9688-86ea1a41be3f" variableName="retryCount" />
					<logger level="WARN" doc:name="Retry Message Logger" doc:id="e98b3dd7-ba47-416b-95e8-42aa13010ccb" message="Retry due to token invalid error, retry count: #[vars.retryCount]" />
					<choice doc:name="Choice" doc:id="899d5224-df92-4f8e-8a94-eedaa363116e" >
						<when expression="#[vars.retryCount &lt;= (p('workday.tokenCount') as Number)]">
						<flow-ref doc:name="pgr-finerp-payment-sy-workday-token-request-call-subfl" doc:id="d08968d1-094c-4157-8a23-8ff2e943b609" name="pgr-finerp-payment-sy-workday-token-request-call-subfl"/>
						<flow-ref doc:name="Update Flow Name" doc:id="55bbb14b-8620-4c44-a826-2fa4de831dc4" name="#[vars.dynamicFlowName]"/>
						
						
</when>
						<otherwise >
							<!-- <set-variable value="oauthTokenError"
								doc:name="Set Variable"
								doc:id="f2548683-a9d7-4233-b456-1456cfaf1e37"
								variableName="workdayError" /> -->
							<raise-error doc:name="Raise error" doc:id="ff3bfbf1-babe-42b4-b043-c9154a858e56" type="${customError.oauthError}" description="${customError.oauthErrorDescription}"/>

						</otherwise>
					</choice>
	</sub-flow>
	<sub-flow name="pgr-finerp-payment-sy-workday-token-call-subfl" doc:id="178fd7c5-f82d-4467-87aa-22cf66cc6dfc" >
		<os:retrieve doc:name="Retrieve Token" doc:id="f209468b-c380-4117-96c2-50f7e1785cbb" key="genericOauthToken" objectStore="OAuth_Object_store" target="token" targetValue="#[payload as String]">
			<os:default-value ><![CDATA[${workday.defaultToken}]]></os:default-value>
		</os:retrieve>
		<choice doc:name="Choice" doc:id="8cbd9a7f-dd89-41c5-8835-4ed7f58aaf33" >
			<when expression="#[vars.token == p('workday.defaultToken')]">
				<flow-ref doc:name="pgr-finerp-payment-sy-workday-token-request-call-subfl" doc:id="2fcd180b-08bc-4feb-b1d7-7b64bca0e8e5" name="pgr-finerp-payment-sy-workday-token-request-call-subfl"/>

				
				</when>

			</choice>
					
	</sub-flow>
	<sub-flow name="pgr-finerp-payment-sy-workday-token-request-call-subfl" doc:id="d01df78d-9c86-442a-a243-a4d21f6933d5" >
		<set-variable value="#[%dw 2.0
&#10;		output application/json
&#10;		---
&#10;		{
&#10;			grant_type: &quot;refresh_token&quot;,
&#10;			refresh_token: Mule::p('secure::workday.generic.refreshToken')
&#10;		}]" doc:name="requestPayload" doc:id="9613f714-3024-4bda-8094-2f08c127a1bb" variableName="requestPayload" />
				<set-variable value="#[%dw 2.0
output application/json
---
{
&quot;targetURL&quot;: Mule::p('secure::workday.host') ++ Mule::p('secure::workday.token.path'),
&quot;requestParams&quot;: {
	
}
}]" doc:name="requestAttributes" doc:id="98d0feeb-4602-4f0a-a013-fb1c0839810b" variableName="requestAttributes" />
				<flow-ref doc:name="logRequestInfo" doc:id="c53d3c4c-4975-4576-9cec-b180530d50fa" name="logRequestInfo" />
		<try doc:name="Try" doc:id="c881555e-8849-400d-9652-806902a02595" >
								
								<http:request method="POST" doc:name="Retrieve Access Token" doc:id="66e799e8-9974-43fc-8c17-1501304c6ba5" config-ref="Workday_Token_Request_configuration" path="${secure::workday.token.path}" target="token" targetValue="#[%dw 2.0 output application/java --- payload.access_token]">
					<http:body><![CDATA[#[%dw 2.0
output application/x-www-form-urlencoded
---
vars.requestPayload]]]></http:body>
			</http:request>
								<logger level="INFO" doc:name="responseLogger" doc:id="01198d98-7ad3-4782-a489-29b56d8604b6" message="responseLogger"/>
			<error-handler >
									<on-error-propagate enableNotifications="true" logException="true" doc:name="On Error Propagate" doc:id="e5b07fb2-29e3-4a6b-9f00-e3d2eee2d980" >
										<ee:transform doc:name="Transform Message" doc:id="310688b4-b1f2-4271-950f-b82d556eaf7f" >
								<ee:message >
								</ee:message>
								<ee:variables >
									<ee:set-variable variableName="httpStatus" ><![CDATA[%dw 2.0
output application/java
---
503]]></ee:set-variable>
										<ee:set-variable variableName="workdayDowntime" ><![CDATA[%dw 2.0
output application/java
---
true]]></ee:set-variable>
								
</ee:variables>
							</ee:transform>
							<raise-error doc:name="Raise error" doc:id="e9045eea-f821-4fc3-b1bb-6297bd3d6740" type="${customError.technicalError}" description="${customError.technicalErrorDescription}"/>
									</on-error-propagate>
								</error-handler>
							</try>
							<os:store doc:name="Store Token" doc:id="6f3a4c57-ad5a-4437-9e90-b20958b62a36" objectStore="OAuth_Object_store" key="genericOauthToken">
								<os:value ><![CDATA[#[vars.token as String]]]></os:value>
							</os:store>
	</sub-flow>

</mule>
