{
	"$schema": "http://json-schema.org/2019-09/schema",
	"example": {
		"eventTimeStamp": "2020-02-28T16:41:41.090Z",
		"serviceName": "pgr-finerp-payment-sy",
		"transactionLevel": "Exception",
		"flowName": "pgr-implementation-flowname",
		"sourceTransactionId": "113wwfscs4434e3",
		"result": {
			"status": "Exception",
			"code": "400",
			"message": "Error description",
			"content": "Error detail description"
		}
	},
	"type": "object",
	"additionalProperties": true,
	"required": [
		"transactionLevel",
		"result",
		"eventTimeStamp",
		"sourceTransactionId",
		"serviceName"
	],
	"properties": {
		"transactionLevel": {
			"type": "string",
			"example": "Exception"
		},
		"result": {
			"type": "object",
			"additionalProperties": true,
			"required": [
				"code",
				"status"
			],
			"properties": {
				"code": {
					"type": "string",
					"example": "400"
				},
				"status": {
					"type": "string",
					"example": "Exception"
				},
				"message": {
					"type": "string",
					"example": "Error description"
				},
				"content": {
					"type": "string",
					"example": "Error detail description"
				}
			}
		},
		"eventTimestamp": {
			"type": "string",
			"format": "date-time",
			"example": "2020-02-28T16:41:41.090Z"
		},
		"flowName": {
			"type": "string",
			"example": "pgr-implementation-flowname"
		},
		"sourceTransactionId": {
			"type": "string",
			"example": "113wwfscs4434e3"
		},
		"serviceName": {
			"type": "string",
			"example": "pgr-finerp-payment-sy"
		}
	}
}