{
	"$schema": "http://json-schema.org/2019-09/schema",
	"example": {
		"sourceTransactionId": "2957af3f-ec07-4f23-813a-5668bf2a17ff",
		"invoiceSourceCode": "CLM_NEP",
		"sourceInvoiceRefNbr": "b87e6e7f-aa3c-44d6-9f6d-c3fd0c79ee6a",		
		"lanId": "111003"
	},
	"type": "object",
	"additionalProperties": false,
	"required": [
		"sourceTransactionId",
		"invoiceSourceCode",
		"sourceInvoiceRefNbr",		
		"lanId"
  	],
	"properties": {
		"sourceTransactionId": {
			"description": "Unique id per transaction, helps to identify if we are seeing a duplicate transaction due to an issue, or a new transaction.",
			"example": "2957af3f-ec07-4f23-813a-5668bf2a17ff",
			"type": "string",
			"minLength": 1, 
			"maxLength": 150
		},		
		"invoiceSourceCode": {
			"description": "Code of the source system application",
				"enum": [
						"CLM_NEP", 
						"CLM_RTL", "CLM_MED", "CLM_MAN", "CLM_VND", "CLM_REC", "CLM_GLB", "CLM_NLB", "AGY_ACT"
					],
			"example": "CLM_NEP",
			"type": "string"
		},		
		"sourceInvoiceRefNbr": {
			"description": "Unique id per claim invoice",
			"example": "b87e6e7f-aa3c-44d6-9f6d-c3fd0c79ee6a",
			"type": "string",
			"minLength": 1, 
			"maxLength": 36
		},
		"lanId": {
			"description": "User id of the rep who is creating.",
			"example": "111003",
			"type": "string",
			"minLength": 1, 
			"maxLength": 10
		}
	}
}