{
	"$schema": "http://json-schema.org/2019-09/schema",
	"example":  {
		"sourceTransactionId": "2957af3f-ec07-4f23-813a-5668bf2a17ff",
		"invoiceSourceCode": "CLM_NEP",		
		"paymentNbr": 123456,
		"paymentAmt": 343.12,	
		"invoiceAction": "CANCEL",
		"paymentMethodName": "EFT",
		"lanId": "111003",
		"cancelReasonCode": "duplicate",
		"checkInHandInd": "N"
 },
	"type": "object",
	"additionalProperties": false,
	"required": [
		"sourceTransactionId",
		"invoiceSourceCode",			
		"paymentNbr",
		"paymentAmt",
		"invoiceAction",
		"paymentMethodName",
		"lanId",
		"cancelReasonCode"
  	],
	"properties": {
		"sourceTransactionId": {
			"description": "Unique id per transaction, helps to identify if we are seeing a duplicate transaction due to an issue, or a new transaction.",
			"example": "2957af3f-ec07-4f23-813a-5668bf2a17ff",
			"type": "string",
			"minLength": 1, 
			"maxLength": 150
		},
		"invoiceSourceCode": {
			"description": "Code of the source system application",
				"enum": [
						"CLM_NEP", 
						"CLM_RTL", "CLM_MED", "CLM_MAN", "CLM_VND", "CLM_REC", "CLM_GLB", "CLM_NLB", "AGY_ACT"
					],
			"example": "CLM_NEP",
			"type": "string",
			"minLength": 1, 
			"maxLength": 25
		},					
		"paymentNbr": {
			"description": "Identifies which Payment should be cancelled",
			"example": 123456,
			"type": "integer"
		},
		"paymentAmt": {
			"description": "Amount of the payment to verify the right payment is being stopped",
			"example": 343.12,
			"type": "number",			
			"multipleOf": 0.01			
		},
		"invoiceAction": {
			"description": "Cancel or Reissue",
			"enum": ["CANCEL","NONE"],
			"example": "CANCEL",
			"type": "string"			
		},
		"paymentMethodName": {
			"description": "Payment Method Name ",
			"enum": ["EFT","DRAFT","CHECK","DIGITAL","PLOG"],
			"example": "EFT",
			"type": "string"
		},
		"lanId": {
			"description": "User id of the rep requesting the payment be cancelled",
			"example": "111003",
			"type": "string",
			"minLength": 1, 
			"maxLength": 10
		},	
		"cancelReasonCode": {
			"description": "Reason for the cancel transaction",
			"example": "duplicate",
			"type": "string",
			"minLength": 1, 
			"maxLength": 255
		},	
		"checkInHandInd": {
			"description": "Y/N - Does the rep physically have control over the draft or check",
			"enum": ["Y","N"],
			"example": "N",
			"type": "string"
		}		
	
	}
}