{
	"$schema": "http://json-schema.org/2019-09/schema",
	"example": {
		"eventTimeStamp": "2020-02-28T16:41:41.090Z",
		"serviceName": "pgr-finerp-payment-sy",
		"correlationId": "efb63130-6a1e-11eb-ba94-dcfb48b3e060",
		"transactionLevel": "SUCCESS",
		"flowName": "pgr-implementation-flowname",
		"sourceTransactionId": "113wwfscs4434e3",
		"result": {
			"status": "SUCCESS",
			"code": "200",
			"message": "",
			"content": {}
		}
	},
	"type": "object",
	"additionalProperties": true,
	"required": [
		"transactionLevel",
		"result",
		"eventTimeStamp",
		"sourceTransactionId",
		"serviceName"
	],
	"properties": {
		"transactionLevel": {
			"type": "string",
			"example": "SUCCESS"
		},
		"result": {
			"type": "object",
			"additionalProperties": true,
			"required": [
				"code",
				"status"
			],
			"properties": {
				"code": {
					"type": "string",
					"example": "200"
				},
				"status": {
					"type": "string",
					"example": "SUCCESS"
				},
				"message": {
					"type": "string",
					"example": "Success Message"
				},
				"content": {}
			}
		},
		"eventTimestamp": {
			"type": "string",
			"format": "date-time",
			"example": "2020-02-28T16:41:41.090Z"
		},
		"flowName": {
			"type": "string",
			"example": "pgr-implementation-flowname"
		},
		"sourceTransactionId": {
			"type": "string",
			"example": "113wwfscs4434e3"
		},
		"serviceName": {
			"type": "string",
			"example": "pgr-finerp-payment-sy"
		},
		"correlationId": {
			"type": "string",
			"example": "efb63130-6a1e-11eb-ba94-dcfb48b3e060"
		}
	}
}