{
   "$schema":"http://json-schema.org/2019-09/schema",
   "description":"HealthCheck service response",
   "example":{
      "apiName":"healthcheck-service-api",
      "apiVersion":"1.0",
      "dateTime":"09/14/2020 00:01:00.111",
      "host":"10.13.12.0",
      "status":"success",
      "environment":"dev",
      "endpoints":[
         {
            "message":"PGR Payment process API is success",
            "host":"10.0.0.0",
            "endpointName":"PGR Process API",
            "status":"success",
            "environment":"dev"
         }
      ]
   },
   "type":"object",
   "additionalProperties":true,
   "required":[
      "apiName",
      "apiVersion",
      "status",
      "environment",
      "dateTime",
      "host",
      "endpoints"
   ],
   "properties":{
      "apiName":{
         "description":"Name of the API got triggered.",
         "example":"healthcheck-service-api",
         "type":"string"
      },
      "apiVersion":{
         "description":"Version of the API that got triggered.",
         "example":"v1",
         "type":"string"
      },
      "status":{
         "description":"Status of the experience layer application.",
         "example":"success",
         "type":"string"
      },
      "environment":{
         "description":"Provides the environment details of the Claims API.",
         "example":"dev",
         "type":"string"
      },
      "dateTime":{
         "description":"Current date and time details when the API got triggered.",
         "example":"2019-08-26T20:32:10.640Z",
         "type":"string"
      },
      "host":{
         "description":"Host details of the experinece layer.",
         "example":"0.0.0.0",
         "type":"string"
      },
      "endpoints":{
         "description":"Provides the details of all included endpoints.",
         "type":"array",
         "items":{
            "type":"object",
            "additionalProperties":true,
            "required":[
               "message",
               "host",
               "environment",
               "endpointName",
               "status"
            ],
            "properties":{
               "message":{
                  "description":"Current date and time details.",
                  "example":"PGR Payment process API call is successful",
                  "type":"string"
               },
               "host":{
                  "description":"Current date and time.",
                  "example":"0.0.0.0",
                  "type":"string"
               },
               "environment":{
                  "description":"Provides the environment details of the Payment process API.",
                  "example":"dev",
                  "type":"string"
               },
               "endpointName":{
                  "description":"Provides back the application name.",
                  "example":"pgr-payment-prc-api",
                  "type":"string"
               },
               "status":{
                  "description":"Status of the experience layer application.",
                  "example":"success",
                  "type":"string"
               }
            }
         }
      }
   }
}