{
	"$schema": "http://json-schema.org/2019-09/schema",
	"example": {
		"invoiceTransactionId": "001",
		"sourceSystemCode": "002",
		"sourceId": "9876",
		"inLineCount": "200",
		"lines": [{
			"items": {
				"transactionType": "payment",
				"invoiceLineAmt": "200",
				"invoiceLineNbr": "1000",
				"pgrCompanyCode": "01",
				"spendCategoryCode": "02",
				"costCenterCode": "03",
				"stateCode": "47",
				"rateManualCode": "123",
				"lineCoverageCode": "098"
			}
		}]
	},
	"type": "object",
	"additionalProperties": true,
	"required": [
		"lines",
		"invoiceTransactionId",
		"sourceSystemCode",
		"sourceId",
		"inLineCount"
	],
	"properties": {
		"lines": {
			"type": "array",
			"items": {
				"type": "object",
				"additionalProperties": true,
				"properties": {
					"transactionType": {
						"description": "Add / Reverse - Reverse has to match up with the existing accounting, Add is the new line item that is being sent",
						"example": "payment",
						"type": "string"
					},
					"invoiceLineAmt": {
						"description": "Amount of the invoice line item",
						"example": "200",
						"type": "string"
					},
					"invoiceLineNbr": {
						"description": "This gives us a link to the existing line id.",
						"example": "100",
						"type": "string"
					},
					"pgrCompanyCode": {
						"description": "GL Company Code",
						"example": "01",
						"type": "string"
					},
					"spendCategoryCode": {
						"description": "Spend Category which replaces the GL Account Code",
						"example": "02",
						"type": "string"
					},
					"costCenterCode": {
						"description": "GL Cost Center Code",
						"example": "03",
						"type": "string"
					},
					"stateCode": {
						"description": "GL State Code",
						"example": "47",
						"type": "string"
					},
					"rateManualCode": {
						"description": "GL Rate Manual Code",
						"example": "123",
						"type": "string"
					},
					"lineCoverageCode": {
						"description": "GL Line Coverage Code",
						"example": "098",
						"type": "string"
					}
				}
			}
		},
		"inLineCount": {
			"description": "Number of lines being sent in the transaction",
			"example": "200",
			"type": "string"
		},
		"invoiceTransactionId": {
			"description": "Unique id per transaction",
			"example": "001",
			"type": "string"
		},
		"sourceId": {
			"description": "Source system Id",
			"example": "9876",
			"type": "string"
		},
		"sourceSystemCode": {
			"description": "Identifies the source system that is sending us the transactions",
			"example": "002",
			"type": "string"
		}
	}
}