{
	"$schema": "http://json-schema.org/2019-09/schema",
	"example": {
		"paymentRequestHeader": {
			"sourceTransactionId": "2957af3f-ec07-4f23-813a-5668bf2a17ff",
			"invoiceSourceCode": "CLM_NEP",
			"sourceInvoiceRefNbr": "b87e6e7f-aa3c-44d6-9f6d-c3fd0c79ee6a",
			"invoiceNbr": "79062156",
			"invoiceDate": "2021-01-13",
			"invoiceAmount": 6913.26,
			"invoiceHeaderDesc": "20206154404/RAMIREZ-HERNANDEZ",
			"defaultCurrencyCode": "USD",
			"paymentMethodName": "DRAFT",
			"fileOwnerDesc": "SHANNON SPRINGS-2812538489",
			"underwritingCompanyName": "Prog name",
			"returnAddressStateCode": "FL",
			"expressPayFlag": true,
			"remitToName": "NORTHWEST COMMUNITY CREDIT UNION",
			"remitToAttnName": "EXPRESS AUTO COLLISION",
			"remitToLine1Address": "545 E 8TH AVE",
			"remitToLine2Address": "APT 467",
			"remitToCityName": "EUGENE",
			"remitToStateCode": "OH",
			"remitToPostalCode": "97401",
			"remitToISOCountryCode": "US",
			"payToOrderOfText": "NORTHWEST COMMUNITY CREDIT UNION",
			"localPrinterId": "laser03",
			"medicalBillNbr": "48613978",
			"claimsControlInvoiceFlag": "Y",
			"mailSpecialHandlingCode": "CENTRAL_PRINT",
			"priorityCode": 99,
			"agentCode": "10"
		},
		"paymentRequestLine": [{
				"invoiceLineAmt": 6913.26,
				"invoiceLineDesc": "234",
				"invoiceLineNbr": "82977944",
				"pgrCompanyCode": "08",
				"spendCategoryCode": "Hotel",
				"costCenterCode": "00000",
				"stateCode": "42",
				"rateManualCode": "WB",
				"lineCoverageCode": "2223",
				"claimNbr": "20-6154404",
				"claimInvoiceType": "Towing",
				"claimInvoiceCategory": "Storage",
				"customerName": "John Doe",
				"paymentDesc": "Application Incentives",
				"paymentGroup": "Payment Group B",
				"paymentType": "BONUS"
			},
			{
				"invoiceLineAmt": 6913.26,
				"invoiceLineDesc": "234",
				"invoiceLineNbr": "82977944",
				"pgrCompanyCode": "08",
				"spendCategoryCode": "Hotel",
				"costCenterCode": "00000",
				"stateCode": "42",
				"rateManualCode": "WB",
				"lineCoverageCode": "2223",
				"claimNbr": "20-6154404",
				"claimInvoiceType": "Towing",
				"claimInvoiceCategory": "Storage",
				"customerName": "John Doe",
				"paymentDesc": "Application Incentives",
				"paymentGroup": "Payment Group B",
				"paymentType": "BONUS"
			}
		],
		"paymentRequestPayee": [{
			"sourceSupplierRefNbr": "2437355",
			"primaryPayee": true,
			"supplierNbr": "782711",
			"supplierRemitToAddressId": "731606",
			"payeeSeqNbr": 1,
			"payeeTaxId": 133425028,
			"payeeFullName": "SOUTH JERSEY SPINE AND REHABILITATION L",
			"payeeCategoryName": "MEDICAL PROVIDER, REPAIR_FACILITY etc.",
			"payeeLine1Address": "C/O BAKER SANDERS LLC",
			"payeeLine2Address": "100 GARDEN CITY PLAZA  SUITE 500",
			"payeeCityName": "NEW YORK",
			"payeeStateCode": "NY",
			"payeePostalCode": "44094",
			"payeePostalCodeExt": "0987",
			"payeeISOCountryCode": "US",
			"contactEmailAddress": "jstipich07@yahoo.com",
			"contactFaxAreaCode": "440",
			"contactFaxNbr": "334-9000",
			"contactAreaCode": "216",
			"contactPhoneNbr": "334-9988",
			"dunsNbr": "024030509",
			"bankAccountType": "Savings",
			"bankName": "Bank Of America",
			"routingNumber": "02xx322",
			"bankAccountNumber": "abcdef",
			"paymentRequestCategory": ""
		}]
	},
	"type": "object",
	"additionalProperties": false,
	"required": [
		"paymentRequestHeader",
		"paymentRequestPayee",
		"paymentRequestLine"
	],
	"properties": {
		"paymentRequestHeader": {
			"type": "object",
			"additionalProperties": false,
			"required": [
				"sourceTransactionId",
				"invoiceSourceCode",
				"sourceInvoiceRefNbr",
				"invoiceNbr",
				"invoiceDate",
				"invoiceAmount",
				"invoiceHeaderDesc",
				"defaultCurrencyCode",
				"paymentMethodName",
				"fileOwnerDesc",
				"pgrPrintCompanyName",
				"returnAddressStateCode",
				"priorityCode"
			],
			"properties": {
				"sourceTransactionId": {
					"type": "string",
					"example": "2957af3f-ec07-4f23",
					"minLength": 1,
					"maxLength": 150
				},
				"invoiceSourceCode": {
					"enum": [
						"CLM_NEP",
						"CLM_RTL", "CLM_MED", "CLM_MAN", "CLM_VND", "CLM_REC", "CLM_GLB", "CLM_NLB", "AGY_ACT"
					],
					"type": "string",
					"example": "CLM_NEP"
				},
				"sourceInvoiceRefNbr": {
					"type": "string",
					"example": "b87e6e7f-aa3c-44d6-9f6d-c3fd0c79ee6a",
					"minLength": 1,
					"maxLength": 36
				},
				"invoiceNbr": {
					"type": "string",
					"example": "73558012",
					"minLength": 1,
					"maxLength": 50
				},
				"invoiceDate": {
					"type": "string",
					"example": "2021-01-13",
					"minLength": 1,
					"maxLength": 30
				},
				"invoiceAmount": {
					"type": "number",
					"example": 6913.26,
					"multipleOf": 0.01
				},
				"invoiceHeaderDesc": {
					"type": "string",
					"example": "20206154404/RAMIREZ-HERNANDEZ",
					"minLength": 1,
					"maxLength": 240
				},
				"defaultCurrencyCode": {
					"enum": [
						"USD"
					],
					"type": "string",
					"example": "USD"
				},
				"paymentMethodName": {
					"enum": [
						"DRAFT",
						"CHECK",
						"DIGITAL",
						"PLOG",
						"EFT"
					],
					"type": "string",
					"example": "DRAFT"
				},
				"fileOwnerDesc": {
					"type": "string",
					"example": "SHANNON SPRINGS - 2812538489",
					"minLength": 1,
					"maxLength": 150
				},
				"pgrPrintCompanyName": {
					"type": "string",
					"example": "Prog name",
					"minLength": 1,
					"maxLength": 25
				},
				"returnAddressStateCode": {
					"type": "string",
					"example": "FL",
					"minLength": 1,
					"maxLength": 150
				},
				"expressPayFlag": {	
					"type": "boolean",
					"example": true
				},
				"remitToName": {
					"type": "string",
					"example": "NORTHWEST COMMUNITY CREDIT UNION",
					"maxLength": 240
				},
				"remitToAttnName": {
					"type": "string",
					"example": "EXPRESS AUTO COLLISION",
					"maxLength": 240
				},
				"remitToLine1Address": {
					"type": "string",
					"example": "545 E 8TH AVE",
					"maxLength": 240
				},
				"remitToLine2Address": {
					"type": "string",
					"example": "APT 467",
					"maxLength": 240
				},
				"remitToCityName": {
					"type": "string",
					"example": "EUGENE",
					"maxLength": 60
				},
				"remitToStateCode": {
					"type": "string",
					"example": "OH",
					"maxLength": 120
				},
				"remitToPostalCode": {
					"type": "string",
					"example": "97401",
					"maxLength": 40
				},
				"remitToISOCountryCode": {
					"type": "string",
					"example": "US",
					"maxLength": 25
				},
				"payToOrderOfText": {
					"type": "string",
					"example": "NORTHWEST COMMUNITY CREDIT UNION",
					"maxLength": 180
				},
				"localPrinterId": {
					"type": "string",
					"example": "laser03",
					"maxLength": 80
				},
				"medicalBillNbr": {
					"type": "string",
					"example": "48613978",
					"maxLength": 150
				},
				"claimsControlInvoiceFlag": {
					"enum": [
						"Y", "N"
					],
					"type": "string",
					"example": "Y"
				},
				"mailSpecialHandlingCode": {
					"type": "string",
					"example": "CENTRAL_PRINT",
					"maxLength": 255
				},
				"priorityCode": {
					"type": "number",
					"example": 99,
                    "default": 99
				},
				"agentCode": {
					"type": "string",
					"example": "10",
					"maxLength": 150
				}
			}
		},
		"paymentRequestPayee": {
			"type": "array",
			"minItems": 1,
			"items": {
				"type": "object",
				"additionalProperties": false,
				"required": [
					"payeeFullName",
					"payeeCategoryName",
					"payeeStateCode"
				],
				"properties": {
					"sourceSupplierRefNbr": {
						"type": "string",
						"example": "2437355",
						"maxLength": 150
					},
					"primaryPayee": {
						"type": "boolean",
						"example": true
					},
					"supplierNbr": {
						"type": "string",
						"example": "782711",
						"maxLength": 30
					},
					"supplierRemitToAddressId": {
						"type": "string",
						"example": "731606",
						"maxLength": 15
					},
					"payeeSeqNbr": {
						"type": "number",
						"example": 1
					},
					"payeeTaxId": {
						"type": "number",
						"example": 133425028
					},
					"payeeFullName": {
						"type": "string",
						"example": "SOUTH JERSEY SPINE AND REHABILITATION L",
						"minLength": 1,
						"maxLength": 240
					},
					"payeeCategoryName": {
						"type": "string",
						"example": "MEDICAL PROVIDER, REPAIR_FACILITY etc.",
						"minLength": 1,
						"maxLength": 150
					},
					"payeeLine1Address": {
						"type": "string",
						"example": "C/O BAKER SANDERS LLC",
						"maxLength": 240
					},
					"payeeLine2Address": {
						"type": "string",
						"example": "100 GARDEN CITY PLAZA  SUITE 500",
						"maxLength": 240
					},
					"payeeCityName": {
						"type": "string",
						"example": "NEW YORK",
						"maxLength": 25
					},
					"payeeStateCode": {
						"type": "string",
						"example": "USA-TX",
						"minLength": 1,
						"maxLength": 150
					},
					"payeePostalCode": {
						"type": "string",
						"example": "75002",
						"maxLength": 20
					},
					"payeePostalCodeExt": {
						"type": "string",
						"example": "0987",
						"maxLength": 10
					},
					"payeeISOCountryCode": {
						"type": "string",
						"example": "US",
						"maxLength": 25
					},
					"contactEmailAddress": {
						"type": "string",
						"example": "jstipich07@yahoo.com",
						"maxLength": 200
					},
					"contactFaxAreaCode": {
						"type": "string",
						"example": "440",
						"maxLength": 10
					},
					"contactFaxNbr": {
						"type": "string",
						"example": "334-9000",
						"maxLength": 15
					},
					"contactAreaCode": {
						"type": "string",
						"example": "USA",
						"maxLength": 10
					},
					"contactPhoneNbr": {
						"type": "string",
						"example": "334-9988",
						"maxLength": 15
					},
					"dunsNbr": {
						"type": "string",
						"example": "024030509",
						"maxLength": 9
					},
					"bankAccountType": {
						"type": "string",
						"example": "DDA",
						"maxLength": 25
					},
					"bankName": {
						"type": "string",
						"example": "Bank Of America",
						"maxLength": 150
					},
					"routingNumber": {
						"type": "string",
						"example": "314088637",
						"maxLength": 25
					},
					"bankAccountNumber": {
						"type": "string",
						"example": "11223344",
						"maxLength": 30
					},
					"paymentRequestCategory": {
						"type": "string",
						"example": "Settlement",
						"maxLength": 255
					}
				}
			}
		},
		"paymentRequestLine": {
			"type": "array",
			"minItems": 1,
			"items": {
				"type": "object",
				"additionalProperties": false,
				"required": [
					"invoiceLineAmt",
					"invoiceLineDesc",
					"invoiceLineNbr",
					"pgrCompanyCode",
					"spendCategoryCode",
					"costCenterCode",
					"stateCode",
					"rateManualCode",
					"lineCoverageCode",
					"claimNbr",
					"claimInvoiceType",
					"claimInvoiceCategory"
				],
				"properties": {
					"invoiceLineAmt": {
						"type": "number",
						"example": 6913.26,
						"multipleOf": 0.01
					},
					"invoiceLineDesc": {
						"type": "string",
						"example": "Vehicle",
						"minLength": 1,
						"maxLength": 240
					},
					"invoiceLineNbr": {
						"type": "string",
						"example": "62977025",
						"minLength": 1,
						"maxLength": 15
					},
					"pgrCompanyCode": {
						"type": "string",
						"example": "01",
						"minLength": 1,
						"maxLength": 2
					},
					"spendCategoryCode": {
						"type": "string",
						"example": "Hotel",
						"minLength": 1,
						"maxLength": 255
					},
					"costCenterCode": {
						"type": "string",
						"example": "P619C",
						"minLength": 1,
						"maxLength": 5
					},
					"stateCode": {
						"type": "string",
						"example": "42",
						"minLength": 1,
						"maxLength": 2
					},
					"rateManualCode": {
						"type": "string",
						"example": "WB",
						"minLength": 1,
						"maxLength": 2
					},
					"lineCoverageCode": {
						"type": "string",
						"example": "2223",
						"minLength": 1,
						"maxLength": 4
					},
					"claimNbr": {
						"type": "string",
						"example": "20-6154404",
						"minLength": 1,
						"maxLength": 10

					},
					"claimInvoiceType": {
						"type": "string",
						"example": "Towing",
						"minLength": 1,
						"maxLength": 150
					},
					"claimInvoiceCategory": {
						"type": "string",
						"example": "Storage",
						"minLength": 1,
						"maxLength": 150
					},
					"customerName": {
						"type": "string",
						"example": "John Doe",
						"maxLength": 150
					},
					"paymentDesc": {
						"type": "string",
						"example": "Application Incentives",
						"maxLength": 150
					},
					"paymentGroup": {
						"type": "string",
						"example": "Payment Group B",
						"maxLength": 150
					},
					"paymentType": {
						"type": "string",
						"example": "BONUS",
						"maxLength": 150
					}
				}
			}
		}
	}
}