{
   "$schema":"http://json-schema.org/2019-09/schema",
   "description":"Ping service response",
   "example":{
      "apiName":"ping-service-api",
      "apiVersion":"1.0",
      "dateTime":"2020-03-22T20:32:10.640Z",
      "status":"success",
      "environment":"dev"
   },
   "type":"object",
   "additionalProperties":true,
   "required":[
      "apiName",
      "apiVersion",
      "status",
      "environment",
      "dateTime"
   ],
   "properties":{
      "apiName":{
         "description":"Name of the application that got triggered.",
         "example":"ping-service-api",
         "type":"string"
      },
      "apiVersion":{
         "description":"Version of the API that got triggered.",
         "example":"v1",
         "type":"string"
      },
      "status":{
         "description":"Status of the application.",
         "example":"success",
         "type":"string"
      },
      "environment":{
         "description":"Provides the environment details of the in which the application got triggered",
         "example":"dev",
         "type":"string"
      },
      "dateTime":{
         "description":"Current date and time details when the API got triggered.",
         "example":"2019-08-26T20:32:10.640Z",
         "type":"string"
      }
   }
}